protocol_type,service,duration,src_bytes,dst_bytes,src_pkts,dst_pkts,byte_ratio,pkt_ratio,label
0,0,0.000188,90.0,122.0,2,2,0.7317073170731707,0.6666666666666666,0
0,0,0.090895,42.0,92.0,1,1,0.4516129032258064,0.5,0
0,5,5.843968,372.0,3275.0,8,5,0.1135531135531135,1.3333333333333333,0
0,0,0.00017,82.0,240.0,2,2,0.3402489626556016,0.6666666666666666,0
0,0,0.000168,74.0,154.0,2,2,0.4774193548387097,0.6666666666666666,0
1,3,63.137126,0.0,0.0,7,0,0.0,7.0,5
0,3,0.032606,0.0,0.0,1,1,0.0,0.5,0
0,22,0.122937,18.0,0.0,3,0,18.0,3.0,0
1,21,1.6e-05,0.0,0.0,1,1,0.0,0.5,11
0,0,0.030814,68.0,214.0,2,2,0.3162790697674418,0.6666666666666666,0
0,22,2.9e-05,6.0,6.0,1,1,0.8571428571428571,0.5,0
0,0,0.000233,82.0,254.0,2,2,0.3215686274509804,0.6666666666666666,0
0,1,5e-05,0.0,0.0,1,2,0.0,0.3333333333333333,0
0,22,4e-06,29.0,0.0,2,0,29.0,2.0,0
0,3,0.059007,430.0,2266.0,4,5,0.1896779885310983,0.6666666666666666,0
0,0,0.050937,94.0,220.0,2,2,0.4253393665158371,0.6666666666666666,0
0,0,0.023746,81.0,159.0,1,1,0.50625,0.5,0
0,22,0.001975,0.0,0.0,2,0,0.0,2.0,0
0,0,0.077566,188.0,350.0,4,2,0.5356125356125356,1.3333333333333333,0
0,22,4.8e-05,4.0,0.0,2,0,4.0,2.0,0
0,21,1.272513,2622.0,7038.0,35,40,0.3724960931950561,0.8536585365853658,0
0,0,0.000173,70.0,254.0,2,2,0.2745098039215686,0.6666666666666666,0
0,0,0.000211,74.0,154.0,2,2,0.4774193548387097,0.6666666666666666,0
0,5,31.11167,1356.0,6654.0,12,11,0.2037565740045079,1.0,0
0,22,0.252064,31.0,18.0,2,3,1.631578947368421,0.5,0
0,22,4e-06,0.0,0.0,2,0,0.0,2.0,0
0,0,0.023361,54.0,110.0,1,1,0.4864864864864865,0.5,0
0,22,5.1e-05,4.0,12.0,2,2,0.3076923076923077,0.6666666666666666,0
0,22,9.518768,6.0,30.0,1,5,0.1935483870967742,0.1666666666666666,0
0,0,0.115155,164.0,212.0,4,2,0.7699530516431925,1.3333333333333333,0
0,5,3e-06,31.0,0.0,2,0,31.0,2.0,0
0,5,13.288687,3638.0,6822.0,9,11,0.5331965411109483,0.75,0
0,0,0.023543,68.0,238.0,2,2,0.2845188284518828,0.6666666666666666,0
0,5,5.242149,599.0,137.0,7,4,4.340579710144928,1.4,0
0,5,0.039243,0.0,6.0,1,1,0.0,0.5,0
0,5,36.479704,726.0,8538.0,13,11,0.0850216653003864,1.0833333333333333,0
0,0,0.039469,58.0,154.0,2,2,0.3741935483870968,0.6666666666666666,0
0,3,5.406285,773.0,802.0,4,4,0.962640099626401,0.8,0
0,0,0.000212,156.0,412.0,2,2,0.3777239709443099,0.6666666666666666,0
0,5,3e-06,0.0,0.0,2,0,0.0,2.0,0
0,3,30.221781,667.0,567.0,6,4,1.1742957746478873,1.2,0
0,5,5.464669,599.0,156.0,7,4,3.8152866242038215,1.4,0
0,22,5.5e-05,0.0,0.0,1,1,0.0,0.5,0
0,0,0.030698,60.0,76.0,1,1,0.7792207792207793,0.5,0
0,0,0.00019,66.0,174.0,2,2,0.3771428571428571,0.6666666666666666,0
0,22,6.6e-05,31.0,6.0,2,1,4.428571428571429,1.0,0
0,0,0.000185,64.0,96.0,2,2,0.6597938144329897,0.6666666666666666,0
0,0,0.000208,58.0,382.0,2,2,0.1514360313315927,0.6666666666666666,0
0,22,0.001449,0.0,0.0,2,0,0.0,2.0,0
0,0,0.000737,48.0,76.0,1,1,0.6233766233766234,0.5,0
0,0,0.000275,74.0,714.0,2,2,0.1034965034965035,0.6666666666666666,0
0,22,1e-06,0.0,0.0,2,0,0.0,2.0,0
0,3,65.188281,717.0,525.0,10,10,1.3631178707224334,0.9090909090909092,0
0,5,0.295063,657.0,356.0,7,6,1.8403361344537807,1.0,0
0,22,1.8e-05,6.0,6.0,1,1,0.8571428571428571,0.5,0
0,5,65.200054,3684.0,7820.0,14,17,0.4710395090141925,0.7777777777777778,0
0,5,0.000639,31.0,0.0,3,0,31.0,3.0,0
0,3,15.052079,785.0,758.0,6,5,1.0342555994729907,1.0,0
0,5,118.220304,581.0,4701.0,15,13,0.1235644406635474,1.0714285714285714,0
0,22,0.000107,4.0,12.0,2,2,0.3076923076923077,0.6666666666666666,0
0,0,0.000178,88.0,120.0,2,2,0.7272727272727273,0.6666666666666666,0
0,0,0.000184,72.0,286.0,2,2,0.2508710801393728,0.6666666666666666,0
0,22,3e-06,37.0,0.0,2,0,37.0,2.0,0
0,22,4e-06,247.0,0.0,2,0,247.0,2.0,0
0,0,0.023999,64.0,176.0,2,2,0.3615819209039548,0.6666666666666666,0
0,22,4.9e-05,4.0,0.0,2,0,4.0,2.0,0
0,0,0.000249,68.0,248.0,2,2,0.2730923694779116,0.6666666666666666,0
0,13,0.024405,48.0,48.0,1,1,0.979591836734694,0.5,0
0,0,0.000375,82.0,632.0,2,2,0.1295418641390205,0.6666666666666666,0
0,0,0.000139,88.0,120.0,2,2,0.7272727272727273,0.6666666666666666,0
0,0,0.061682,49.0,81.0,1,1,0.5975609756097561,0.5,0
0,5,60.394015,5246.0,3219.0,13,14,1.629192546583851,0.8666666666666667,0
0,5,3e-06,12.0,0.0,2,0,12.0,2.0,0
0,5,115.825338,2038.0,1934.0,19,17,1.0532299741602067,1.0555555555555556,0
0,0,0.061162,84.0,182.0,2,2,0.4590163934426229,0.6666666666666666,0
0,0,0.000193,66.0,98.0,2,2,0.6666666666666666,0.6666666666666666,0
0,0,0.031348,68.0,180.0,2,2,0.3756906077348066,0.6666666666666666,0
0,0,0.000211,72.0,192.0,2,2,0.3730569948186528,0.6666666666666666,0
0,22,0.064905,31.0,6.0,3,1,4.428571428571429,1.5,0
1,3,9e-05,8.0,0.0,1,1,8.0,0.5,6
0,5,0.127231,713.0,479.0,10,5,1.4854166666666666,1.6666666666666667,0
0,22,3e-06,4.0,0.0,2,0,4.0,2.0,0
0,0,4.9e-05,64.0,96.0,2,2,0.6597938144329897,0.6666666666666666,0
0,22,5.2e-05,259.0,0.0,4,0,259.0,4.0,0
0,0,0.000217,94.0,206.0,2,2,0.4541062801932367,0.6666666666666666,0
0,0,0.030905,148.0,298.0,4,2,0.4949832775919732,1.3333333333333333,0
0,22,4e-06,12.0,0.0,2,0,12.0,2.0,0
0,22,2.9e-05,0.0,0.0,1,1,0.0,0.5,0
0,3,6.392616,2312.0,2825.0,12,6,0.8181174805378627,1.7142857142857142,0
0,5,4.7e-05,12.0,0.0,2,0,12.0,2.0,0
0,5,115.954181,792.0,7153.0,22,20,0.110707296617277,1.0476190476190477,0
0,0,0.070194,78.0,448.0,2,2,0.1737193763919821,0.6666666666666666,0
0,5,1.1e-05,6.0,37.0,1,2,0.1578947368421052,0.3333333333333333,0
0,0,0.00016,80.0,112.0,2,2,0.7079646017699115,0.6666666666666666,0
0,5,0.068149,12.0,0.0,2,0,12.0,2.0,0
0,22,3e-06,0.0,0.0,2,0,0.0,2.0,0
0,0,0.108515,62.0,134.0,2,2,0.4592592592592592,0.6666666666666666,0
0,0,0.034686,55.0,136.0,1,1,0.4014598540145985,0.5,0
0,1,5e-05,0.0,0.0,1,2,0.0,0.3333333333333333,0
0,3,0.001419,0.0,0.0,2,0,0.0,2.0,0
0,0,0.117424,48.0,150.0,1,1,0.3178807947019867,0.5,0
0,3,0.491861,251.0,2404.0,5,3,0.1043659043659043,1.25,0
0,3,49.16088,2309.0,221284.0,86,153,0.0104345075355311,0.5584415584415584,0
0,22,3e-06,6.0,6.0,1,1,0.8571428571428571,0.5,0
0,5,116.352886,1066.0,3669.0,19,19,0.2904632152588556,0.95,0
0,0,0.048809,101.0,133.0,1,1,0.753731343283582,0.5,0
0,0,0.847532,50.0,109.0,1,1,0.4545454545454545,0.5,0
0,22,2e-06,37.0,0.0,2,0,37.0,2.0,0
0,0,0.175568,116.0,114.0,4,2,1.008695652173913,1.3333333333333333,0
0,5,0.036811,0.0,0.0,1,1,0.0,0.5,0
0,22,0.174844,0.0,18.0,2,3,0.0,0.5,0
0,0,0.420693,272.0,522.0,8,4,0.5200764818355641,1.6,0
0,5,67.059772,4068.0,29075.0,34,31,0.1399092034667767,1.0625,0
0,22,3e-06,12.0,0.0,2,0,12.0,2.0,0
0,22,1.000296,12.0,0.0,2,0,12.0,2.0,0
0,0,0.00018,92.0,284.0,2,2,0.3228070175438596,0.6666666666666666,0
0,5,4e-06,12.0,0.0,2,0,12.0,2.0,0
0,0,0.030876,70.0,134.0,2,2,0.5185185185185185,0.6666666666666666,0
0,3,5.263398,12.0,0.0,3,1,12.0,1.5,0
0,0,0.047756,184.0,266.0,4,2,0.6891385767790262,1.3333333333333333,0
0,5,0.034805,95.0,0.0,2,1,95.0,1.0,0
0,22,0.002946,38.0,0.0,3,1,38.0,1.5,0
0,22,0.001718,0.0,0.0,2,0,0.0,2.0,0
0,0,0.035335,62.0,252.0,2,2,0.2450592885375494,0.6666666666666666,0
0,22,2e-06,12.0,0.0,2,0,12.0,2.0,0
0,0,0.000625,56.0,116.0,1,1,0.4786324786324786,0.5,0
0,22,0.840946,11607.0,26.0,6,2,429.8888888888889,2.0,0
0,5,10.794586,665.0,6665.0,10,13,0.0997599759975997,0.7142857142857143,0
0,0,0.060161,78.0,180.0,2,2,0.430939226519337,0.6666666666666666,0
0,0,0.000216,68.0,324.0,2,2,0.2092307692307692,0.6666666666666666,0
0,3,1.7e-05,0.0,0.0,2,0,0.0,2.0,0
0,0,0.051262,72.0,128.0,2,2,0.5581395348837209,0.6666666666666666,0
0,5,5.952526,372.0,3039.0,8,4,0.1223684210526315,1.6,0
0,5,116.694115,11048.0,31191.0,42,49,0.3541933829186971,0.84,0
0,0,0.376182,74.0,348.0,2,2,0.2120343839541547,0.6666666666666666,0
0,3,5.852097,12.0,0.0,3,1,12.0,1.5,0
0,0,0.000168,86.0,118.0,2,2,0.7226890756302521,0.6666666666666666,0
0,0,0.000238,74.0,178.0,2,2,0.4134078212290503,0.6666666666666666,0
0,0,0.000191,82.0,152.0,2,2,0.5359477124183006,0.6666666666666666,0
0,22,4e-06,31.0,0.0,2,0,31.0,2.0,0
0,0,0.190568,74.0,174.0,2,2,0.4228571428571429,0.6666666666666666,0
0,5,0.649943,376.0,3788.0,7,6,0.099234626550541,1.0,0
0,5,3.13163,135.0,46.0,5,1,2.872340425531915,2.5,0
0,0,0.000228,66.0,330.0,2,2,0.1993957703927492,0.6666666666666666,0
0,22,0.003832,18.0,0.0,3,0,18.0,3.0,0
0,3,0.051378,6.0,6.0,1,1,0.8571428571428571,0.5,0
0,0,0.030665,41.0,57.0,1,1,0.7068965517241379,0.5,0
0,0,0.081573,80.0,162.0,1,1,0.4907975460122699,0.5,0
0,22,4e-06,12.0,0.0,2,0,12.0,2.0,0
0,0,0.000139,70.0,102.0,2,2,0.6796116504854369,0.6666666666666666,0
0,5,0.875514,913.0,50594.0,22,39,0.0180452613894653,0.55,0
0,0,0.030687,40.0,56.0,1,1,0.7017543859649122,0.5,0
0,0,0.000203,88.0,188.0,2,2,0.4656084656084656,0.6666666666666666,0
0,3,5.578453,0.0,0.0,3,1,0.0,1.5,0
0,3,0.000106,12.0,0.0,2,0,12.0,2.0,0
0,0,75.462392,113.0,271.0,2,2,0.4154411764705882,0.6666666666666666,0
1,3,31.992753,220.0,487.0,9,8,0.4508196721311475,1.0,6
0,0,0.128951,88.0,430.0,2,2,0.2041763341067285,0.6666666666666666,0
0,3,0.048818,1618.0,196.0,4,5,8.213197969543147,0.6666666666666666,0
0,0,0.000147,82.0,114.0,2,2,0.7130434782608696,0.6666666666666666,0
1,21,5.1e-05,0.0,0.0,1,1,0.0,0.5,11
0,5,0.125186,1801.0,3508.0,12,7,0.5132516386434882,1.5,0
0,5,0.113374,0.0,0.0,4,0,0.0,4.0,0
1,1,10.078034,109.0,188.0,9,15,0.5767195767195767,0.5625,7
0,22,9e-06,0.0,0.0,2,0,0.0,2.0,0
0,5,4e-06,12.0,0.0,2,0,12.0,2.0,0
0,22,3e-06,37.0,0.0,2,0,37.0,2.0,0
0,22,0.000203,0.0,0.0,2,0,0.0,2.0,0
0,0,0.000285,60.0,288.0,2,2,0.2076124567474048,0.6666666666666666,0
0,3,115.988021,593.0,32966.0,27,33,0.0179876846543513,0.7941176470588235,0
0,5,0.514823,529.0,5244.0,11,9,0.1008579599618684,1.1,0
0,3,119.503488,871.0,3925.0,18,15,0.2218543046357615,1.125,0
0,22,1e-06,6.0,6.0,1,1,0.8571428571428571,0.5,0
0,22,4e-06,0.0,0.0,2,0,0.0,2.0,0
0,5,4.121319,599.0,137.0,7,4,4.340579710144928,1.4,0
0,0,0.060025,128.0,320.0,4,2,0.3987538940809969,1.3333333333333333,0
0,3,24.846371,454.0,1975.0,6,6,0.2297570850202429,0.8571428571428571,0
0,22,0.014748,6.0,6.0,2,1,0.8571428571428571,1.0,0
0,3,118.247267,5819.0,3945.0,20,20,1.4746578813988849,0.9523809523809524,0
0,0,0.030366,48.0,272.0,1,1,0.1758241758241758,0.5,0
0,22,5.6e-05,31.0,6.0,2,1,4.428571428571429,1.0,0
0,0,0.031239,64.0,148.0,1,1,0.4295302013422818,0.5,0
0,5,3.137959,135.0,46.0,5,1,2.872340425531915,2.5,0
0,0,0.02373,82.0,204.0,2,2,0.4,0.6666666666666666,0
0,5,0.216866,122.0,3605.0,6,5,0.0338325013865779,1.0,0
0,22,4e-06,0.0,0.0,2,0,0.0,2.0,0
0,22,8.4e-05,6.0,6.0,1,1,0.8571428571428571,0.5,0
0,5,32.415585,861.0,50237.0,28,32,0.0171384211154902,0.8484848484848485,0
0,0,2.175128,55.0,55.0,1,1,0.9821428571428572,0.5,0
0,0,0.000201,94.0,350.0,2,2,0.2678062678062678,0.6666666666666666,0
0,22,30.092173,1272.0,1600.0,13,8,0.7945034353529045,1.4444444444444444,0
0,0,0.031067,70.0,134.0,2,2,0.5185185185185185,0.6666666666666666,0
0,21,0.000126,0.0,0.0,1,1,0.0,0.5,0
0,5,0.000125,12.0,0.0,2,0,12.0,2.0,0
0,22,4.8e-05,0.0,0.0,1,1,0.0,0.5,0
0,0,0.030549,57.0,73.0,1,1,0.7702702702702703,0.5,0
0,22,3e-06,4.0,0.0,2,0,4.0,2.0,0
0,18,0.000115,18.0,12.0,3,2,1.3846153846153846,1.0,0
0,0,0.000431,84.0,162.0,2,2,0.5153374233128835,0.6666666666666666,0
0,0,0.000257,68.0,132.0,2,2,0.5112781954887218,0.6666666666666666,0
1,22,3.8e-05,6.0,6.0,1,1,0.8571428571428571,0.5,1
0,22,0.015397,280.0,6.0,2,1,40.0,1.0,0
0,0,0.090557,47.0,107.0,1,1,0.4351851851851852,0.5,0
0,0,0.336818,80.0,206.0,2,2,0.3864734299516908,0.6666666666666666,0
0,3,5.607463,0.0,0.0,3,1,0.0,1.5,0
0,0,0.023797,56.0,212.0,2,2,0.2629107981220657,0.6666666666666666,0
0,0,0.061691,74.0,148.0,2,2,0.4966442953020134,0.6666666666666666,0
0,5,0.000219,18.0,0.0,3,1,18.0,1.5,0
1,1,0.000249,14.0,0.0,2,1,14.0,1.0,7
0,0,0.000128,88.0,120.0,2,2,0.7272727272727273,0.6666666666666666,0
0,3,0.514025,314.0,2130.0,6,4,0.1473486625997184,1.2,0
0,3,0.109487,6.0,6.0,1,1,0.8571428571428571,0.5,0
0,22,4.9e-05,4.0,0.0,2,0,4.0,2.0,0
1,3,32.128441,222.0,487.0,9,8,0.4549180327868852,1.0,6
0,5,115.57452,2257.0,6006.0,21,20,0.3757283169635425,1.0,0
0,3,6.008328,12.0,0.0,3,1,12.0,1.5,0
0,22,0.017502,11.0,0.0,1,2,11.0,0.3333333333333333,0
0,5,56.836236,10344.0,9069.0,35,24,1.140463065049614,1.4,0
0,22,0.023796,12.0,6.0,2,1,1.7142857142857142,1.0,0
0,22,1.9e-05,1534.0,0.0,13,0,1534.0,13.0,0
0,5,3e-06,37.0,0.0,2,0,37.0,2.0,0
0,22,0.000275,43.0,6.0,3,1,6.142857142857143,1.5,0
0,22,4.1e-05,0.0,0.0,1,1,0.0,0.5,0
0,0,0.032415,76.0,610.0,2,2,0.1243862520458265,0.6666666666666666,0
0,0,0.000202,94.0,206.0,2,2,0.4541062801932367,0.6666666666666666,0
0,0,0.58999,59.0,317.0,1,1,0.1855345911949685,0.5,0
0,0,0.000177,66.0,122.0,2,2,0.5365853658536586,0.6666666666666666,0
0,22,9.8e-05,4.0,12.0,2,2,0.3076923076923077,0.6666666666666666,0
0,0,0.06752,47.0,95.0,1,1,0.4895833333333333,0.5,0
0,5,61.272462,22190.0,7595743.0,2738,3418,0.0029213728108793,0.8008189529102077,0
0,0,0.047649,54.0,132.0,1,1,0.4060150375939849,0.5,0
0,5,0.07425,580.0,156.0,5,3,3.694267515923567,1.25,0
0,5,0.137255,739.0,735.0,10,5,1.0040760869565215,1.6666666666666667,0
0,0,86.83635,95.0,350.0,2,2,0.2706552706552707,0.6666666666666666,0
0,5,5.661483,364.0,6126.0,10,7,0.0594091725150971,1.25,0
0,0,0.849143,48.0,212.0,1,1,0.2253521126760563,0.5,0
0,22,0.000102,6.0,6.0,1,1,0.8571428571428571,0.5,0
0,0,0.061506,36.0,52.0,1,1,0.6792452830188679,0.5,0
0,22,5.2e-05,0.0,0.0,1,1,0.0,0.5,0
0,5,0.317499,376.0,3788.0,7,7,0.099234626550541,0.875,0
0,0,0.000166,84.0,162.0,2,2,0.5153374233128835,0.6666666666666666,0
0,22,0.000371,12.0,0.0,2,0,12.0,2.0,0
0,5,6.115904,129.0,92.0,5,2,1.3870967741935485,1.6666666666666667,0
0,0,0.061627,120.0,244.0,4,2,0.4897959183673469,1.3333333333333333,0
0,3,0.038869,0.0,0.0,1,1,0.0,0.5,0
0,5,0.089631,713.0,479.0,10,5,1.4854166666666666,1.6666666666666667,0
0,0,0.066462,60.0,360.0,2,2,0.1662049861495844,0.6666666666666666,0
0,22,0.004273,18.0,0.0,3,0,18.0,3.0,0
0,22,2.6e-05,0.0,0.0,1,1,0.0,0.5,0
0,5,0.00259,6.0,6.0,1,1,0.8571428571428571,0.5,0
0,0,0.000204,64.0,158.0,2,2,0.4025157232704403,0.6666666666666666,0
0,0,32.297084,102.0,199.0,2,2,0.51,0.6666666666666666,0
0,22,0.000632,248.0,0.0,3,0,248.0,3.0,0
0,5,0.064175,121.0,3110.0,6,4,0.0388942462230793,1.2,0
0,3,117.64787,519.0,1598.0,17,15,0.324577861163227,1.0625,0
0,1,0.138064,176.0,440.0,20,25,0.3990929705215419,0.7692307692307693,0
0,22,4.3e-05,0.0,0.0,1,1,0.0,0.5,0
0,0,0.000169,60.0,264.0,2,2,0.2264150943396226,0.6666666666666666,0
0,22,1e-06,12.0,0.0,2,0,12.0,2.0,0
0,3,117.532327,902.0,1826.0,18,15,0.4937055281882868,1.125,0
0,22,4.9e-05,0.0,0.0,2,0,0.0,2.0,0
0,0,0.059551,45.0,118.0,1,1,0.3781512605042016,0.5,0
0,5,0.769622,1366.0,4005.0,7,10,0.3409885172241637,0.6363636363636364,0
0,0,0.060988,49.0,148.0,1,1,0.3288590604026846,0.5,0
0,22,3e-05,0.0,0.0,1,4,0.0,0.2,0
1,4,0.095195,208.0,134.0,4,3,1.5407407407407407,1.0,1
0,22,3e-06,4.0,0.0,2,0,4.0,2.0,0
0,5,59.256003,989.0,4624.0,14,12,0.2138378378378378,1.0769230769230769,0
0,5,0.000272,46.0,0.0,3,0,46.0,3.0,0
0,5,0.000199,0.0,0.0,1,1,0.0,0.5,0
0,5,101.209143,3210.0,7922.0,45,60,0.4051495645588792,0.7377049180327869,0
0,0,0.000216,132.0,388.0,2,2,0.3393316195372751,0.6666666666666666,0
0,0,0.05199,43.0,113.0,1,1,0.3771929824561403,0.5,0
0,22,0.000273,37.0,6.0,2,1,5.285714285714286,1.0,0
0,0,0.0002,74.0,330.0,2,2,0.2235649546827794,0.6666666666666666,0
0,3,0.000105,12.0,0.0,2,0,12.0,2.0,0
0,0,0.023942,88.0,120.0,2,2,0.7272727272727273,0.6666666666666666,0
0,5,0.037017,0.0,0.0,1,1,0.0,0.5,0
0,5,78.0031,422.0,10678.0,12,14,0.0395168086899522,0.8,0
0,0,0.000186,70.0,324.0,2,2,0.2153846153846154,0.6666666666666666,0
0,3,65.213976,502.0,368.0,10,10,1.3604336043360434,0.9090909090909092,0
0,22,9.2e-05,4.0,12.0,2,2,0.3076923076923077,0.6666666666666666,0
0,0,0.000236,70.0,264.0,2,2,0.2641509433962264,0.6666666666666666,0
0,0,0.000366,96.0,268.0,2,2,0.3568773234200743,0.6666666666666666,0
0,5,0.145575,0.0,0.0,1,1,0.0,0.5,0
0,0,0.060837,53.0,218.0,1,1,0.2420091324200913,0.5,0
0,0,0.000125,72.0,104.0,2,2,0.6857142857142857,0.6666666666666666,0
0,5,0.095267,0.0,0.0,1,1,0.0,0.5,0
0,5,3e-06,12.0,0.0,2,0,12.0,2.0,0
0,0,0.122643,82.0,424.0,2,2,0.1929411764705882,0.6666666666666666,0
0,22,0.007646,19897.0,0.0,15,6,19897.0,2.142857142857143,0
0,22,4e-06,12.0,0.0,2,0,12.0,2.0,0
0,5,5.668088,378.0,3856.0,8,6,0.0980036297640653,1.1428571428571428,0
0,3,0.066821,437.0,859.0,3,4,0.5081395348837209,0.6,0
0,22,8e-06,0.0,0.0,1,1,0.0,0.5,0
0,0,0.000375,76.0,204.0,2,2,0.3707317073170731,0.6666666666666666,0
0,22,4.3e-05,0.0,0.0,1,1,0.0,0.5,0
0,5,69.103262,7562.0,311463.0,152,180,0.0242788893740528,0.8397790055248618,0
0,5,3.417098,46.0,141.0,2,4,0.323943661971831,0.4,0
0,3,0.005505,12.0,0.0,2,0,12.0,2.0,0
0,22,4.7e-05,0.0,0.0,1,1,0.0,0.5,0
0,21,0.00093,6.0,6.0,1,1,0.8571428571428571,0.5,0
0,5,6.011907,380.0,5071.0,9,7,0.0749211356466877,1.125,0
0,0,0.060801,42.0,74.0,1,1,0.56,0.5,0
0,3,0.087625,436.0,860.0,3,4,0.5063879210220673,0.6,0
0,5,0.570919,523.0,6296.0,11,8,0.0830554232174051,1.2222222222222223,0
0,0,0.121451,47.0,106.0,1,1,0.4392523364485981,0.5,0
0,5,12.957499,329.0,166.0,6,5,1.970059880239521,1.0,0
0,5,3.453507,135.0,46.0,5,1,2.872340425531915,2.5,0
0,0,0.0468,39.0,249.0,1,1,0.156,0.5,0
0,0,0.000615,47.0,134.0,1,1,0.3481481481481481,0.5,0
0,22,1e-06,617.0,0.0,2,0,617.0,2.0,0
1,3,2.070742,30.0,0.0,5,0,30.0,5.0,2
0,5,0.220304,848.0,5173.0,8,8,0.1638964051024352,0.8888888888888888,0
0,3,0.000325,0.0,0.0,2,0,0.0,2.0,0
0,5,61.247252,2464.0,5634.0,18,16,0.4372670807453416,1.0588235294117647,0
0,3,0.061256,429.0,2267.0,3,4,0.1891534391534391,0.6,0
0,0,0.000157,74.0,154.0,2,2,0.4774193548387097,0.6666666666666666,0
0,22,0.00013,31.0,0.0,3,1,31.0,1.5,0
0,22,3e-06,6.0,6.0,1,1,0.8571428571428571,0.5,0
0,22,1e-06,611.0,0.0,2,0,611.0,2.0,0
0,22,0.012021,17832.0,0.0,12,9,17832.0,1.2,0
0,5,10.162668,1054.0,754.0,7,8,1.3960264900662251,0.7777777777777778,0
0,5,5.066284,698.0,3724.0,8,8,0.1873825503355704,0.8888888888888888,0
0,22,3e-06,12.0,0.0,2,0,12.0,2.0,0
0,3,115.904272,432.0,2498.0,16,15,0.1728691476590636,1.0,0
0,3,114.570956,6292.0,5267.0,20,22,1.1943811693242217,0.8695652173913043,0
0,4,1e-06,4.0,0.0,2,0,4.0,2.0,0
0,0,0.049142,56.0,72.0,1,1,0.7671232876712328,0.5,0
0,5,5.477779,635.0,168.0,7,4,3.757396449704142,1.4,0
0,3,0.06648,426.0,2264.0,3,4,0.1880794701986755,0.6,0
0,5,5.734961,599.0,160.0,7,3,3.720496894409938,1.75,0
0,5,61.603481,951.0,4317.0,16,13,0.2202408522464103,1.1428571428571428,0
0,22,0.001718,0.0,0.0,2,0,0.0,2.0,0
0,5,0.324906,886.0,785.0,11,7,1.1272264631043256,1.375,0
0,22,4.1e-05,0.0,0.0,1,1,0.0,0.5,0
0,22,1.26147,1375.0,24.0,1,5,55.0,0.1666666666666666,0
0,0,0.000162,80.0,144.0,2,2,0.5517241379310345,0.6666666666666666,0
1,3,85.090027,356.0,11595.0,6,6,0.0307002414625733,0.8571428571428571,4
0,5,115.807098,1543.0,5142.0,21,18,0.300019443904336,1.105263157894737,0
0,3,115.957113,2712.0,4482.0,25,19,0.6049520410439437,1.25,0
0,3,5.400436,12.0,0.0,3,1,12.0,1.5,0
0,0,0.00028,94.0,350.0,2,2,0.2678062678062678,0.6666666666666666,0
0,0,60.020496,194.0,370.0,4,4,0.522911051212938,0.8,0
0,5,0.005676,0.0,0.0,2,0,0.0,2.0,0
0,3,0.047464,437.0,859.0,3,4,0.5081395348837209,0.6,0
0,22,0.17412,0.0,18.0,2,3,0.0,0.5,0
0,3,3.188448,0.0,0.0,2,1,0.0,1.0,0
0,22,0.007977,43.0,0.0,3,0,43.0,3.0,0
0,3,16.049025,838.0,5014.0,9,7,0.167098703888335,1.125,0
0,5,66.854684,2773.0,9957.0,21,18,0.2784695722032537,1.105263157894737,0
0,0,0.000201,88.0,120.0,2,2,0.7272727272727273,0.6666666666666666,0
0,22,8.080226,6.0,36.0,1,6,0.1621621621621621,0.1428571428571428,0
0,0,0.046684,45.0,225.0,1,1,0.1991150442477876,0.5,0
0,13,65.025461,96.0,96.0,2,2,0.9896907216494846,0.6666666666666666,0
0,5,4.224455,228.0,145.0,4,3,1.5616438356164384,1.0,0
0,0,0.031302,48.0,160.0,2,2,0.2981366459627329,0.6666666666666666,0
0,5,115.167032,673.0,19231.0,31,26,0.0349937603993344,1.148148148148148,0
0,5,0.053009,0.0,0.0,2,1,0.0,1.0,0
0,13,0.0943,48.0,48.0,1,1,0.979591836734694,0.5,0
0,5,0.184361,1209.0,3162.0,12,8,0.3822320581726209,1.3333333333333333,0
0,0,0.03088,340.0,334.0,4,2,1.0149253731343284,1.3333333333333333,0
0,5,5.139709,1809.0,628.0,6,7,2.875993640699523,0.75,0
0,3,0.101074,442.0,872.0,3,4,0.5063001145475372,0.6,0
0,0,0.059946,64.0,256.0,2,2,0.2490272373540856,0.6666666666666666,0
0,22,1.1e-05,0.0,0.0,1,1,0.0,0.5,0
0,0,0.033793,60.0,414.0,2,2,0.144578313253012,0.6666666666666666,0
0,0,0.0475,82.0,190.0,2,2,0.4293193717277487,0.6666666666666666,0
1,21,11.846983,2008.0,2745.0,21,32,0.7312454479242535,0.6363636363636364,11
0,1,4.9e-05,0.0,0.0,1,2,0.0,0.3333333333333333,0
0,22,3e-06,31.0,0.0,2,0,31.0,2.0,0
0,22,4.8e-05,4.0,0.0,2,0,4.0,2.0,0
0,0,0.024632,42.0,74.0,1,1,0.56,0.5,0
0,22,6e-05,0.0,0.0,1,1,0.0,0.5,0
0,0,0.000178,72.0,104.0,2,2,0.6857142857142857,0.6666666666666666,0
0,0,0.000184,68.0,182.0,2,2,0.3715846994535519,0.6666666666666666,0
0,22,6.8e-05,4.0,12.0,2,2,0.3076923076923077,0.6666666666666666,0
0,22,3e-06,6.0,0.0,2,0,6.0,2.0,0
0,3,0.005063,0.0,0.0,3,0,0.0,3.0,0
0,5,1e-06,12.0,0.0,2,0,12.0,2.0,0
0,0,0.024046,64.0,532.0,2,2,0.1200750469043152,0.6666666666666666,0
0,5,117.99239,964.0,49012.0,29,43,0.0196682512802725,0.6590909090909091,0
0,5,61.18224,873.0,6107.0,16,15,0.1429273084479371,1.0,0
0,22,0.094539,0.0,0.0,2,1,0.0,1.0,0
0,5,3e-06,12.0,0.0,2,0,12.0,2.0,0
0,0,0.030479,128.0,1064.0,4,4,0.12018779342723,0.8,0
0,0,0.177463,82.0,246.0,2,2,0.3319838056680162,0.6666666666666666,0
0,0,0.000166,84.0,116.0,2,2,0.717948717948718,0.6666666666666666,0
0,22,8.9e-05,6.0,6.0,1,1,0.8571428571428571,0.5,0
0,0,51.202515,136.0,488.0,4,4,0.278118609406953,0.8,0
0,22,1e-06,0.0,0.0,2,0,0.0,2.0,0
0,0,0.049389,82.0,340.0,2,2,0.2404692082111437,0.6666666666666666,0
0,0,0.030614,57.0,96.0,1,1,0.5876288659793815,0.5,0
0,0,0.000147,84.0,192.0,2,2,0.4352331606217616,0.6666666666666666,0
0,0,0.000162,102.0,224.0,2,2,0.4533333333333333,0.6666666666666666,0
0,22,86.276561,11613.0,62.0,6,9,184.3333333333333,0.6,0
0,0,0.000214,86.0,220.0,2,2,0.3891402714932127,0.6666666666666666,0
0,22,3e-06,31.0,0.0,2,0,31.0,2.0,0
0,0,0.000309,82.0,210.0,2,2,0.3886255924170616,0.6666666666666666,0
0,22,0.008461,12.0,0.0,2,0,12.0,2.0,0
0,22,5.778167,15.0,0.0,5,5,15.0,0.8333333333333334,0
0,22,1e-06,31.0,0.0,2,0,31.0,2.0,0
0,3,0.005,12.0,0.0,2,0,12.0,2.0,0
0,0,0.000162,86.0,118.0,2,2,0.7226890756302521,0.6666666666666666,0
0,0,0.089751,68.0,276.0,2,2,0.2454873646209386,0.6666666666666666,0
0,0,1.189235,66.0,270.0,2,2,0.2435424354243542,0.6666666666666666,0
0,0,0.001347,74.0,154.0,2,2,0.4774193548387097,0.6666666666666666,0
0,22,4e-06,31.0,0.0,3,0,31.0,3.0,0
0,5,0.492123,1814.0,5444.0,14,9,0.333149678604224,1.4,0
0,0,0.000168,46.0,46.0,2,2,0.9787234042553192,0.6666666666666666,0
0,5,5.039088,117.0,41.0,5,1,2.7857142857142856,2.5,0
0,22,4e-06,12.0,0.0,2,0,12.0,2.0,0
0,0,0.236021,42.0,203.0,1,1,0.2058823529411764,0.5,0
0,0,0.000197,60.0,264.0,2,2,0.2264150943396226,0.6666666666666666,0
0,3,24.165887,434.0,1963.0,7,7,0.2209775967413442,0.875,0
0,0,0.02375,49.0,93.0,1,1,0.5212765957446809,0.5,0
0,0,0.050514,80.0,198.0,2,2,0.4020100502512563,0.6666666666666666,0
0,0,0.000221,68.0,250.0,2,2,0.2709163346613545,0.6666666666666666,0
0,0,0.000329,92.0,220.0,2,2,0.416289592760181,0.6666666666666666,0
0,22,6.7e-05,4.0,12.0,2,2,0.3076923076923077,0.6666666666666666,0
0,21,0.000195,0.0,0.0,1,1,0.0,0.5,0
0,22,3.1e-05,6.0,6.0,1,1,0.8571428571428571,0.5,0
0,5,5.696929,376.0,3665.0,8,6,0.1025641025641025,1.1428571428571428,0
0,0,0.000266,88.0,188.0,2,2,0.4656084656084656,0.6666666666666666,0
0,0,113.351413,106.0,224.0,2,2,0.4711111111111111,0.6666666666666666,0
0,0,0.000464,87.0,168.0,1,1,0.514792899408284,0.5,0
0,3,115.82587,434.0,1774.0,16,14,0.2445070422535211,1.0666666666666669,0
0,5,0.00014,0.0,0.0,2,0,0.0,2.0,0
0,5,29.615041,769.0,374.0,21,18,2.050666666666667,1.105263157894737,0
0,5,3e-06,12.0,0.0,2,0,12.0,2.0,0
0,22,0.04422,11601.0,26.0,4,3,429.6666666666667,1.0,0
0,0,0.049277,46.0,110.0,1,1,0.4144144144144144,0.5,0
0,0,0.000168,70.0,166.0,2,2,0.4191616766467065,0.6666666666666666,0
0,13,0.057893,48.0,48.0,1,1,0.979591836734694,0.5,0
0,3,43.348536,419.0,1766.0,9,9,0.2371250707413695,0.9,0
0,0,0.000187,70.0,102.0,2,2,0.6796116504854369,0.6666666666666666,0
0,0,54.626691,91.0,252.0,2,2,0.3596837944664031,0.6666666666666666,0
0,22,5e-05,6.0,6.0,1,1,0.8571428571428571,0.5,0
0,0,36.82959,108.0,224.0,2,2,0.48,0.6666666666666666,0
0,0,0.030858,84.0,234.0,2,2,0.3574468085106383,0.6666666666666666,0
0,5,0.032113,0.0,0.0,3,0,0.0,3.0,0
0,0,0.104559,64.0,196.0,2,2,0.3248730964467005,0.6666666666666666,0
0,22,4.4e-05,6.0,6.0,1,1,0.8571428571428571,0.5,0
0,22,0.002957,407.0,18.0,5,3,21.42105263157895,1.25,0
0,22,3e-06,280.0,0.0,2,0,280.0,2.0,0
0,22,9.7e-05,4.0,12.0,2,2,0.3076923076923077,0.6666666666666666,0
0,0,0.069521,94.0,354.0,2,2,0.2647887323943662,0.6666666666666666,0
0,0,0.001172,82.0,152.0,2,2,0.5359477124183006,0.6666666666666666,0
0,5,0.263322,352.0,3782.0,6,6,0.0930478456251652,0.8571428571428571,0
0,0,0.076832,39.0,249.0,1,1,0.156,0.5,0
0,0,0.061389,90.0,164.0,2,2,0.5454545454545454,0.6666666666666666,0
0,22,6.2e-05,0.0,0.0,1,1,0.0,0.5,0
0,0,0.000214,46.0,46.0,2,2,0.9787234042553192,0.6666666666666666,0
0,22,6.5e-05,6.0,6.0,1,1,0.8571428571428571,0.5,0
0,13,0.094607,48.0,48.0,1,1,0.979591836734694,0.5,0
0,0,0.000283,64.0,158.0,2,2,0.4025157232704403,0.6666666666666666,0
0,0,0.031497,76.0,196.0,2,2,0.3857868020304568,0.6666666666666666,0
0,5,0.34477,2212.0,8173.0,16,15,0.2706141424027404,1.0,0
0,0,0.000195,76.0,258.0,2,2,0.2934362934362934,0.6666666666666666,0
0,0,0.063097,62.0,222.0,2,2,0.2780269058295964,0.6666666666666666,0
0,22,0.000219,6.0,0.0,2,0,6.0,2.0,0
0,22,4.7e-05,6.0,6.0,1,1,0.8571428571428571,0.5,0
0,5,118.124785,1002.0,8046.0,16,17,0.1245184540822666,0.8888888888888888,0
0,5,15.714913,1519.0,5090.0,14,13,0.2983696719701434,1.0,0
0,10,23.719992,10373.0,0.0,46,0,10373.0,46.0,0
0,13,0.059693,48.0,48.0,1,1,0.979591836734694,0.5,0
0,0,0.247434,65.0,217.0,1,1,0.2981651376146789,0.5,0
0,22,9.8e-05,4.0,12.0,2,2,0.3076923076923077,0.6666666666666666,0
0,0,0.04888,70.0,166.0,2,2,0.4191616766467065,0.6666666666666666,0
0,5,9.8e-05,12.0,0.0,2,0,12.0,2.0,0
0,0,0.084947,46.0,127.0,1,1,0.359375,0.5,0
0,5,0.916133,85.0,261.0,2,1,0.3244274809160305,1.0,0
0,5,0.201286,810.0,463.0,10,5,1.7456896551724137,1.6666666666666667,0
1,3,17.398653,275.0,3525.0,8,4,0.0779920589903573,1.6,3
0,22,0.007735,31.0,0.0,4,0,31.0,4.0,0
0,0,0.023842,90.0,146.0,2,2,0.6122448979591837,0.6666666666666666,0
0,22,7.1e-05,6.0,6.0,1,1,0.8571428571428571,0.5,0
0,0,14.317697,156.0,762.0,4,4,0.2044560943643512,0.8,0
0,3,0.153397,471.0,17579.0,17,15,0.0267918088737201,1.0625,0
0,22,4.4e-05,0.0,0.0,1,1,0.0,0.5,0
0,5,0.095026,0.0,0.0,1,1,0.0,0.5,0
0,22,4.9e-05,4.0,0.0,2,0,4.0,2.0,0
0,0,0.317116,45.0,136.0,1,1,0.3284671532846715,0.5,0
0,5,5.416939,382.0,3298.0,8,5,0.1157926644437708,1.3333333333333333,0
0,3,23.291304,12.0,0.0,2,0,12.0,2.0,0
0,3,52.751543,3120.0,206340.0,89,112,0.0151206013346838,0.7876106194690266,0
0,0,0.000158,82.0,114.0,2,2,0.7130434782608696,0.6666666666666666,0
0,0,28.425943,160.0,370.0,2,2,0.431266846361186,0.6666666666666666,0
1,1,8.758097,103.0,188.0,9,15,0.544973544973545,0.5625,7
0,22,0.046973,0.0,0.0,2,3,0.0,0.5,0
0,0,0.000309,140.0,396.0,2,2,0.3526448362720403,0.6666666666666666,0
0,0,0.000148,70.0,102.0,2,2,0.6796116504854369,0.6666666666666666,0
0,22,0.008434,285.0,6.0,4,1,40.71428571428572,2.0,0
0,22,3e-06,31.0,0.0,2,0,31.0,2.0,0
0,0,0.000153,82.0,114.0,2,2,0.7130434782608696,0.6666666666666666,0
0,22,6.5e-05,0.0,0.0,2,1,0.0,1.0,0
0,0,0.000167,60.0,264.0,2,2,0.2264150943396226,0.6666666666666666,0
0,5,0.173948,880.0,20025.0,18,18,0.0439428742634575,0.9473684210526316,0
0,22,0.001383,0.0,0.0,1,1,0.0,0.5,0
0,0,97.845574,86.0,343.0,2,2,0.25,0.6666666666666666,0
0,22,2.1e-05,0.0,0.0,1,1,0.0,0.5,0
0,5,118.919055,72.0,37.0,12,14,1.894736842105263,0.8,0
0,5,63.052862,238.0,935.0,6,5,0.2542735042735042,1.0,0
0,0,0.061835,47.0,390.0,1,1,0.1202046035805626,0.5,0
0,22,3e-06,0.0,0.0,2,0,0.0,2.0,0
0,0,1.315984,180.0,210.0,6,2,0.8530805687203792,2.0,0
0,0,0.030943,78.0,288.0,2,2,0.2698961937716263,0.6666666666666666,0
0,3,81.471265,12.0,6.0,2,1,1.7142857142857142,1.0,0
0,5,118.741059,5270.0,152878.0,77,112,0.0344717063821715,0.6814159292035398,0
0,22,1e-06,248.0,0.0,2,0,248.0,2.0,0
0,0,0.000194,46.0,46.0,2,2,0.9787234042553192,0.6666666666666666,0
0,0,0.000188,102.0,158.0,2,2,0.6415094339622641,0.6666666666666666,0
0,22,2.8e-05,6.0,6.0,1,1,0.8571428571428571,0.5,0
0,0,0.049796,61.0,89.0,1,1,0.6777777777777778,0.5,0
0,3,115.138884,432.0,1810.0,16,14,0.2385422418553285,1.0666666666666669,0
0,0,0.030658,59.0,120.0,1,1,0.4876033057851239,0.5,0
0,0,0.069019,55.0,118.0,1,1,0.4621848739495798,0.5,0
0,3,5.050713,504.0,623.0,4,4,0.8076923076923077,0.8,0
0,5,6.025551,358.0,5273.0,10,7,0.067880166856276,1.25,0
0,22,3e-06,31.0,0.0,2,0,31.0,2.0,0
0,22,5.5e-05,0.0,0.0,1,1,0.0,0.5,0
0,5,0.413988,524.0,4038.0,9,8,0.1297350829413221,1.0,0
0,5,50.091253,1626.0,158539.0,53,95,0.0102560867919767,0.5520833333333334,0
0,0,0.101202,41.0,121.0,1,1,0.3360655737704918,0.5,0
0,22,6.7e-05,0.0,0.0,1,1,0.0,0.5,0
0,22,4e-06,0.0,0.0,2,0,0.0,2.0,0
0,0,0.240891,43.0,180.0,1,1,0.2375690607734806,0.5,0
0,0,0.023478,66.0,119.0,1,1,0.55,0.5,0
0,0,0.40657,152.0,204.0,4,2,0.7414634146341463,1.3333333333333333,0
0,0,0.111136,70.0,102.0,2,2,0.6796116504854369,0.6666666666666666,0
0,3,60.114437,215.0,1687.0,5,3,0.1273696682464455,1.25,0
0,0,0.023606,46.0,127.0,1,1,0.359375,0.5,0
0,5,31.06408,1953.0,6560.0,18,12,0.2976680384087791,1.3846153846153846,0
0,5,0.342469,717.0,5668.0,6,11,0.1264773328629388,0.5,0
0,5,1.725944,510.0,4439.0,12,8,0.1148648648648648,1.3333333333333333,0
0,5,3.998987,9518.0,0.0,8,0,9518.0,8.0,0
0,5,119.72492,1759.0,774.0,22,17,2.2696774193548386,1.2222222222222223,0
0,3,118.169145,874.0,1492.0,18,15,0.5853985264567984,1.125,0
0,5,0.042593,0.0,0.0,1,1,0.0,0.5,0
0,5,1.894879,1064.0,1061.0,9,11,1.0018832391713748,0.75,0
0,3,5.790747,0.0,0.0,3,1,0.0,1.5,0
0,0,0.000228,60.0,416.0,2,2,0.1438848920863309,0.6666666666666666,0
0,3,5.385468,1288.0,491.0,4,4,2.6178861788617884,0.8,0
0,11,2.1e-05,650.0,0.0,13,0,650.0,13.0,0
0,0,0.049451,168.0,204.0,4,2,0.8195121951219512,1.3333333333333333,0
0,3,115.967509,478.0,703.0,16,14,0.6789772727272727,1.0666666666666669,0
0,3,5.061066,0.0,0.0,3,1,0.0,1.5,0
0,0,0.031229,70.0,102.0,2,2,0.6796116504854369,0.6666666666666666,0
0,0,0.000147,88.0,188.0,2,2,0.4656084656084656,0.6666666666666666,0
0,0,0.000251,70.0,230.0,2,2,0.303030303030303,0.6666666666666666,0
0,0,0.061082,90.0,202.0,2,2,0.4433497536945813,0.6666666666666666,0
0,22,8.4e-05,0.0,0.0,1,1,0.0,0.5,0
1,22,3.3e-05,6.0,6.0,1,1,0.8571428571428571,0.5,1
0,3,5.743189,12.0,0.0,3,1,12.0,1.5,0
0,0,0.736263,68.0,232.0,2,2,0.2918454935622318,0.6666666666666666,0
0,22,4.9e-05,4.0,0.0,2,0,4.0,2.0,0
0,0,0.047711,134.0,296.0,2,2,0.4511784511784512,0.6666666666666666,0
0,0,0.000309,60.0,344.0,2,2,0.1739130434782608,0.6666666666666666,0
0,22,0.000459,31.0,12.0,3,2,2.3846153846153846,1.0,0
0,0,98.056931,89.0,237.0,2,2,0.3739495798319328,0.6666666666666666,0
0,0,47.884772,95.0,287.0,2,2,0.3298611111111111,0.6666666666666666,0
0,5,0.003992,43.0,0.0,3,0,43.0,3.0,0
0,5,0.019769,0.0,0.0,1,1,0.0,0.5,0
0,5,1.880965,703.0,3950.0,9,11,0.1779296380663123,0.75,0
0,0,0.05416,104.0,220.0,2,2,0.4705882352941176,0.6666666666666666,0
0,0,0.081875,132.0,176.0,4,2,0.7457627118644068,1.3333333333333333,0
0,5,61.156588,855.0,5279.0,18,15,0.1619318181818181,1.125,0
0,0,0.000141,86.0,118.0,2,2,0.7226890756302521,0.6666666666666666,0
0,22,4.893732,6.0,30.0,1,5,0.1935483870967742,0.1666666666666666,0
0,5,0.914994,12.0,12.0,2,2,0.9230769230769232,0.6666666666666666,0
0,22,112.174217,10640.0,7950.0,50,30,1.3381964532763175,1.6129032258064515,0
0,22,9.6e-05,0.0,0.0,1,1,0.0,0.5,0
0,0,0.049208,62.0,78.0,1,1,0.7848101265822784,0.5,0
0,5,67.683333,2447.0,26754.0,20,25,0.0914595402728462,0.7692307692307693,0
0,0,0.030401,43.0,108.0,1,1,0.3944954128440367,0.5,0
0,5,0.079075,0.0,0.0,1,2,0.0,0.3333333333333333,0
0,22,0.007711,38.0,6.0,3,1,5.428571428571429,1.5,0
0,22,1.8e-05,195.0,0.0,13,0,195.0,13.0,0
0,5,64.034551,0.0,0.0,2,0,0.0,2.0,0
0,0,0.000192,72.0,146.0,2,2,0.4897959183673469,0.6666666666666666,0
0,5,0.000781,0.0,1448.0,4,1,0.0,2.0,0
0,5,0.107264,0.0,0.0,2,0,0.0,2.0,0
0,22,5.4e-05,0.0,0.0,1,1,0.0,0.5,0
0,0,0.000268,82.0,286.0,2,2,0.2857142857142857,0.6666666666666666,0
0,0,0.000133,64.0,96.0,2,2,0.6597938144329897,0.6666666666666666,0
0,3,54.901655,868.0,3925.0,11,10,0.2210901681100356,1.0,0
0,22,7.916612,6.0,30.0,1,5,0.1935483870967742,0.1666666666666666,0
0,0,0.000244,64.0,204.0,2,2,0.3121951219512195,0.6666666666666666,0
0,0,0.000226,80.0,112.0,2,2,0.7079646017699115,0.6666666666666666,0
0,22,3e-06,12.0,0.0,2,0,12.0,2.0,0
0,0,0.031283,80.0,278.0,2,2,0.2867383512544803,0.6666666666666666,0
0,22,0.104477,11607.0,26.0,7,2,429.8888888888889,2.333333333333333,0
0,0,0.031847,92.0,206.0,2,2,0.4444444444444444,0.6666666666666666,0
0,0,0.047804,94.0,176.0,1,1,0.5310734463276836,0.5,0
0,0,0.000191,94.0,206.0,2,2,0.4541062801932367,0.6666666666666666,0
0,0,0.031248,62.0,228.0,2,2,0.2707423580786026,0.6666666666666666,0
0,0,0.023935,64.0,256.0,2,2,0.2490272373540856,0.6666666666666666,0
0,0,0.047927,68.0,114.0,2,2,0.591304347826087,0.6666666666666666,0
0,5,0.36949,720.0,1151.0,10,6,0.625,1.4285714285714286,0
0,0,0.024,51.0,112.0,1,1,0.4513274336283185,0.5,0
0,0,119.624692,105.0,312.0,2,2,0.3354632587859425,0.6666666666666666,0
0,0,0.031537,56.0,127.0,1,1,0.4375,0.5,0
0,0,0.000188,82.0,146.0,2,2,0.5578231292517006,0.6666666666666666,0
0,5,0.000185,53.0,0.0,2,0,53.0,2.0,0
0,22,9.6e-05,187.0,6.0,1,1,26.714285714285715,0.5,0
0,5,0.211566,871.0,64603.0,39,35,0.0134821373289579,1.0833333333333333,0
0,0,0.031386,62.0,94.0,2,2,0.6526315789473685,0.6666666666666666,0
0,3,0.02322,0.0,0.0,1,1,0.0,0.5,0
0,5,75.288124,1937.0,41722.0,30,42,0.0464252330848692,0.6976744186046512,0
0,22,6.4e-05,0.0,0.0,1,1,0.0,0.5,0
0,5,0.293795,657.0,356.0,7,6,1.8403361344537807,1.0,0
0,0,0.086117,51.0,67.0,1,1,0.75,0.5,0
0,3,5.172409,1079.0,488.0,4,4,2.2065439672801634,0.8,0
0,0,22.85051,110.0,206.0,2,2,0.5314009661835749,0.6666666666666666,0
0,0,0.000232,76.0,236.0,2,2,0.3206751054852321,0.6666666666666666,0
0,0,0.127217,64.0,188.0,2,2,0.3386243386243386,0.6666666666666666,0
0,5,116.008263,1387.0,713.0,20,16,1.942577030812325,1.1764705882352942,0
0,0,0.030678,72.0,104.0,1,1,0.6857142857142857,0.5,0
0,0,0.060596,84.0,204.0,2,2,0.4097560975609756,0.6666666666666666,0
0,5,115.786332,880.0,35643.0,41,36,0.0246885871394905,1.108108108108108,0
0,22,0.001316,43.0,6.0,3,1,6.142857142857143,1.5,0
0,5,20.269589,818.0,6008.0,10,11,0.1361291396238975,0.8333333333333334,0
0,0,0.066559,56.0,186.0,2,2,0.2994652406417112,0.6666666666666666,0
0,5,0.000117,0.0,0.0,2,0,0.0,2.0,0
0,21,1.319459,2728.0,6634.0,41,42,0.4111529766390354,0.9534883720930232,0
0,0,0.000189,82.0,210.0,2,2,0.3886255924170616,0.6666666666666666,0
0,0,0.062379,46.0,78.0,1,1,0.5822784810126582,0.5,0
0,0,0.114556,60.0,140.0,2,2,0.425531914893617,0.6666666666666666,0
0,0,0.048065,85.0,149.0,1,1,0.5666666666666667,0.5,0
0,5,118.443618,2066.0,64789.0,43,51,0.0318876369810155,0.8269230769230769,0
0,5,4.916847,135.0,46.0,5,1,2.872340425531915,2.5,0
0,0,0.104326,168.0,310.0,4,2,0.5401929260450161,1.3333333333333333,0
0,22,0.000207,31.0,6.0,2,1,4.428571428571429,1.0,0
0,0,0.000183,80.0,272.0,2,2,0.293040293040293,0.6666666666666666,0
0,22,0.041695,6.0,30.0,1,5,0.1935483870967742,0.1666666666666666,0
0,0,61.50891,147.0,383.0,3,3,0.3828125,0.75,0
0,0,0.000164,96.0,180.0,2,2,0.5303867403314917,0.6666666666666666,0
0,5,115.875212,877.0,5512.0,21,19,0.1590785416288772,1.05,0
0,0,119.516276,96.0,248.0,2,2,0.3855421686746988,0.6666666666666666,0
0,0,0.000177,74.0,154.0,2,2,0.4774193548387097,0.6666666666666666,0
0,0,0.060571,61.0,111.0,1,1,0.5446428571428571,0.5,0
0,22,4.8e-05,4.0,0.0,2,0,4.0,2.0,0
0,0,0.030423,50.0,66.0,1,1,0.746268656716418,0.5,0
0,22,0.00027,43.0,0.0,3,0,43.0,3.0,0
0,0,0.06121,56.0,476.0,2,2,0.1174004192872117,0.6666666666666666,0
1,1,9.3009,101.0,188.0,9,15,0.5343915343915344,0.5625,7
0,0,0.061374,140.0,182.0,4,2,0.7650273224043715,1.3333333333333333,0
0,0,0.000187,88.0,120.0,2,2,0.7272727272727273,0.6666666666666666,0
0,5,3.578532,135.0,46.0,5,1,2.872340425531915,2.5,0
0,0,0.263328,58.0,232.0,2,2,0.2489270386266094,0.6666666666666666,0
0,0,0.0002,74.0,250.0,2,2,0.2948207171314741,0.6666666666666666,0
0,5,2.000224,1589.0,1086.0,7,6,1.4618215271389143,1.0,0
0,3,0.009232,12.0,0.0,2,0,12.0,2.0,0
0,5,5.058323,345.0,5032.0,8,6,0.0685475859328432,1.1428571428571428,0
0,0,0.031124,78.0,174.0,2,2,0.4457142857142857,0.6666666666666666,0
0,0,0.136371,46.0,109.0,1,1,0.4181818181818181,0.5,0
0,0,0.000255,94.0,196.0,2,2,0.4771573604060913,0.6666666666666666,0
0,0,0.000268,90.0,122.0,2,2,0.7317073170731707,0.6666666666666666,0
0,0,0.030944,71.0,153.0,1,1,0.461038961038961,0.5,0
0,5,0.065946,0.0,0.0,2,0,0.0,2.0,0
0,22,3e-06,37.0,0.0,2,0,37.0,2.0,0
0,3,6.2e-05,0.0,0.0,2,0,0.0,2.0,0
0,5,118.315657,610.0,4726.0,14,13,0.1290459064946054,1.0,0
0,5,0.581504,759.0,2677.0,7,9,0.2834204630321135,0.7,0
0,5,17.513913,7729.0,4697.0,17,14,1.6451681566624097,1.1333333333333333,0
0,0,0.080993,62.0,90.0,1,1,0.6813186813186813,0.5,0
0,0,0.000187,88.0,120.0,2,2,0.7272727272727273,0.6666666666666666,0
0,5,17.062656,2252.0,17168.0,22,30,0.1311666375444114,0.7096774193548387,0
0,0,0.124083,41.0,144.0,1,1,0.2827586206896552,0.5,0
0,0,0.000194,84.0,116.0,2,2,0.717948717948718,0.6666666666666666,0
0,0,0.030621,62.0,78.0,1,1,0.7848101265822784,0.5,0
0,5,65.001658,10298.0,5022.0,15,13,2.050169221580729,1.0714285714285714,0
0,0,61.479621,135.0,241.0,2,2,0.5578512396694215,0.6666666666666666,0
0,4,0.995603,0.0,18.0,3,3,0.0,0.75,0
0,22,0.000104,6.0,6.0,1,1,0.8571428571428571,0.5,0
0,5,0.086597,12.0,6.0,2,1,1.7142857142857142,1.0,0
0,5,0.082925,662.0,452.0,10,7,1.4613686534216337,1.25,0
0,5,116.974411,4362.0,146894.0,63,97,0.0296946798733789,0.6428571428571429,0
0,0,0.048702,86.0,206.0,2,2,0.4154589371980676,0.6666666666666666,0
0,0,0.000229,66.0,170.0,2,2,0.3859649122807017,0.6666666666666666,0
0,22,0.000102,31.0,6.0,2,1,4.428571428571429,1.0,0
0,0,0.000155,84.0,116.0,2,2,0.717948717948718,0.6666666666666666,0
0,3,0.024036,0.0,0.0,2,0,0.0,2.0,0
0,22,1e-06,611.0,0.0,2,0,611.0,2.0,0
0,22,4.8e-05,4.0,0.0,2,0,4.0,2.0,0
0,5,0.161549,0.0,0.0,1,1,0.0,0.5,0
0,22,1e-06,37.0,0.0,2,0,37.0,2.0,0
0,0,0.134968,64.0,212.0,2,2,0.3004694835680751,0.6666666666666666,0
0,0,0.000179,64.0,96.0,2,2,0.6597938144329897,0.6666666666666666,0
0,0,0.000141,102.0,224.0,2,2,0.4533333333333333,0.6666666666666666,0
0,22,2.4e-05,6.0,6.0,1,1,0.8571428571428571,0.5,0
0,3,0.039656,0.0,0.0,1,1,0.0,0.5,0
0,3,0.041399,353.0,1952.0,6,4,0.180747567844342,1.2,0
0,5,0.102211,12.0,0.0,2,1,12.0,1.0,0
0,22,3e-06,12.0,0.0,2,0,12.0,2.0,0
0,22,0.000105,6.0,6.0,1,1,0.8571428571428571,0.5,0
0,5,64.092737,12.0,0.0,2,0,12.0,2.0,0
0,0,0.000149,72.0,104.0,2,2,0.6857142857142857,0.6666666666666666,0
0,22,8.4e-05,31.0,6.0,2,1,4.428571428571429,1.0,0
0,0,0.076591,78.0,202.0,2,2,0.3842364532019704,0.6666666666666666,0
0,0,0.000181,62.0,94.0,2,2,0.6526315789473685,0.6666666666666666,0
0,0,0.047648,62.0,94.0,2,2,0.6526315789473685,0.6666666666666666,0
0,5,9.138845,1.0,31.0,1,3,0.03125,0.25,0
0,3,9.8e-05,12.0,0.0,2,0,12.0,2.0,0
0,0,0.024116,44.0,108.0,2,2,0.4036697247706422,0.6666666666666666,0
0,22,3e-06,12.0,0.0,2,0,12.0,2.0,0
0,0,0.041377,88.0,194.0,2,2,0.4512820512820513,0.6666666666666666,0
0,0,0.000175,90.0,172.0,2,2,0.5202312138728323,0.6666666666666666,0
0,5,5.279939,347.0,3605.0,9,6,0.0962285080421519,1.2857142857142858,0
0,0,0.030787,78.0,202.0,2,2,0.3842364532019704,0.6666666666666666,0
0,0,0.000304,64.0,256.0,2,2,0.2490272373540856,0.6666666666666666,0
0,0,0.061762,47.0,175.0,1,1,0.2670454545454545,0.5,0
0,5,0.095068,0.0,0.0,1,1,0.0,0.5,0
0,0,0.060428,42.0,98.0,1,1,0.4242424242424242,0.5,0
0,0,0.037804,86.0,198.0,2,2,0.4321608040201005,0.6666666666666666,0
0,0,0.396002,50.0,97.0,1,1,0.5102040816326531,0.5,0
0,3,0.146712,1219.0,6033.0,4,6,0.2020218760357971,0.5714285714285714,0
0,5,65.906118,11153.0,6971.0,23,24,1.5996844520940907,0.92,0
0,0,0.046803,62.0,424.0,2,2,0.1458823529411764,0.6666666666666666,0
0,5,1.224935,800.0,698.0,6,8,1.1444921316165952,0.6666666666666666,0
0,22,4.9e-05,4.0,0.0,2,0,4.0,2.0,0
0,0,0.00017,70.0,134.0,2,2,0.5185185185185185,0.6666666666666666,0
0,0,0.053675,44.0,80.0,1,1,0.5432098765432098,0.5,0
0,22,4.3e-05,0.0,0.0,1,1,0.0,0.5,0
0,0,0.000139,84.0,116.0,2,2,0.717948717948718,0.6666666666666666,0
0,0,0.000155,64.0,120.0,2,2,0.5289256198347108,0.6666666666666666,0
0,22,6.4e-05,4.0,12.0,2,2,0.3076923076923077,0.6666666666666666,0
0,0,0.000293,70.0,350.0,2,2,0.1994301994301994,0.6666666666666666,0
0,0,0.024311,56.0,117.0,1,1,0.4745762711864407,0.5,0
0,22,3e-06,37.0,0.0,2,0,37.0,2.0,0
0,5,31.575507,1103.0,5357.0,10,11,0.2058603956700261,0.8333333333333334,0
0,0,0.072099,53.0,178.0,1,1,0.2960893854748603,0.5,0
0,0,0.000142,64.0,96.0,2,2,0.6597938144329897,0.6666666666666666,0
0,5,0.079617,2728.0,3361.0,8,7,0.8114217727543129,1.0,0
0,0,0.025028,51.0,67.0,1,1,0.75,0.5,0
0,0,0.030826,51.0,67.0,1,1,0.75,0.5,0
0,22,5e-05,0.0,0.0,1,1,0.0,0.5,0
0,22,3e-06,37.0,0.0,2,0,37.0,2.0,0
0,0,1.096949,96.0,356.0,2,2,0.2689075630252101,0.6666666666666666,0
0,5,0.17219,18.0,0.0,3,2,18.0,1.0,0
0,0,0.031547,64.0,152.0,2,2,0.4183006535947712,0.6666666666666666,0
0,22,1.6e-05,37.0,0.0,2,0,37.0,2.0,0
0,5,12.349289,815.0,5429.0,9,8,0.1500920810313075,1.0,0
0,5,8.802775,931.0,3799.0,8,8,0.245,0.8888888888888888,0
0,5,13.091212,2899.0,4182.0,9,9,0.6930432703801099,0.9,0
0,5,0.723608,943.0,2687.0,6,6,0.3508184523809524,0.8571428571428571,0
0,3,47.55808,1294.0,5887.0,12,12,0.2197690217391304,0.9230769230769232,0
1,3,2.998578,0.0,0.0,2,0,0.0,2.0,3
0,0,0.031294,68.0,106.0,2,2,0.6355140186915887,0.6666666666666666,0
0,5,4e-06,0.0,0.0,2,0,0.0,2.0,0
0,5,117.557606,2068.0,3056.0,23,18,0.6764802093555774,1.2105263157894737,0
0,3,116.267596,755.0,616.0,16,14,1.2236628849270663,1.0666666666666669,0
0,22,4e-05,0.0,0.0,1,1,0.0,0.5,0
0,0,0.061796,172.0,362.0,4,2,0.4738292011019284,1.3333333333333333,0
0,13,0.10444,48.0,48.0,1,1,0.979591836734694,0.5,0
0,0,0.000781,72.0,194.0,2,2,0.3692307692307692,0.6666666666666666,0
0,5,0.154062,18.0,37.0,3,2,0.4736842105263157,1.0,0
0,0,0.031349,70.0,282.0,2,2,0.2473498233215547,0.6666666666666666,0
0,5,5.11377,373.0,3132.0,8,5,0.1190552186402808,1.3333333333333333,0
0,22,2.6e-05,0.0,0.0,1,1,0.0,0.5,0
0,0,0.000173,84.0,116.0,2,2,0.717948717948718,0.6666666666666666,0
0,5,41.390537,1390.0,5599.0,16,10,0.2482142857142857,1.4545454545454546,0
0,0,0.00016,82.0,138.0,2,2,0.5899280575539568,0.6666666666666666,0
0,0,0.000189,64.0,158.0,2,2,0.4025157232704403,0.6666666666666666,0
0,0,0.048154,95.0,177.0,1,1,0.5337078651685393,0.5,0
0,0,0.000134,86.0,118.0,2,2,0.7226890756302521,0.6666666666666666,0
0,0,0.050372,74.0,154.0,2,2,0.4774193548387097,0.6666666666666666,0
1,3,84.150171,410.0,11595.0,5,6,0.0353570196619524,0.7142857142857143,4
0,5,1.172101,537.0,5823.0,12,8,0.0922046703296703,1.3333333333333333,0
0,3,46.442102,362.0,16541.0,13,19,0.021883690001209,0.65,0
0,5,91.093715,1070.0,3587.0,10,10,0.298216276477146,0.9090909090909092,0
0,0,0.048537,160.0,202.0,4,2,0.7881773399014779,1.3333333333333333,0
0,3,0.004314,12.0,0.0,2,0,12.0,2.0,0
0,0,0.000282,84.0,310.0,2,2,0.270096463022508,0.6666666666666666,0
0,0,0.134241,94.0,126.0,2,2,0.7401574803149606,0.6666666666666666,0
0,5,0.041921,0.0,0.0,1,1,0.0,0.5,0
0,0,0.076714,49.0,81.0,1,1,0.5975609756097561,0.5,0
0,5,0.020236,0.0,0.0,1,1,0.0,0.5,0
0,0,0.000194,64.0,96.0,2,2,0.6597938144329897,0.6666666666666666,0
0,3,0.363242,430.0,2266.0,3,4,0.1896779885310983,0.6,0
0,5,5e-05,12.0,0.0,2,0,12.0,2.0,0
0,5,0.130582,0.0,6.0,1,1,0.0,0.5,0
0,0,0.031846,164.0,138.0,4,2,1.1798561151079137,1.3333333333333333,0
0,0,0.03057,48.0,99.0,1,1,0.48,0.5,0
0,0,0.000275,66.0,190.0,2,2,0.3455497382198952,0.6666666666666666,0
0,0,0.030752,94.0,226.0,2,2,0.4140969162995594,0.6666666666666666,0
0,0,7.693531,175.0,265.0,3,3,0.6578947368421053,0.75,0
0,0,0.030993,40.0,72.0,1,1,0.547945205479452,0.5,0
0,5,7.472094,697.0,20647.0,15,16,0.0337562960092987,0.8823529411764706,0
0,5,0.000617,0.0,0.0,2,0,0.0,2.0,0
0,3,5.236378,404.0,1388.0,4,4,0.2908567314614831,0.8,0
0,5,5.805015,384.0,3938.0,8,6,0.0974866717440974,1.1428571428571428,0
0,0,0.054119,42.0,223.0,1,1,0.1875,0.5,0
0,0,0.02372,82.0,310.0,2,2,0.2636655948553054,0.6666666666666666,0
0,0,0.091464,54.0,179.0,1,1,0.3,0.5,0
0,22,3e-06,0.0,0.0,2,0,0.0,2.0,0
0,22,7.4e-05,0.0,0.0,1,1,0.0,0.5,0
0,5,5.036224,123.0,46.0,5,1,2.617021276595745,2.5,0
0,3,0.01922,12.0,0.0,2,0,12.0,2.0,0
0,5,0.216885,887.0,67963.0,35,50,0.0130510270143016,0.6862745098039216,0
0,5,0.719461,1016.0,4999.0,7,5,0.2032,1.1666666666666667,0
0,22,8.3e-05,6.0,6.0,1,1,0.8571428571428571,0.5,0
0,0,0.000199,78.0,334.0,2,2,0.2328358208955223,0.6666666666666666,0
0,3,0.172851,439.0,576.0,5,3,0.7608318890814558,1.25,0
0,22,4e-05,0.0,0.0,1,1,0.0,0.5,0
0,21,0.000185,0.0,0.0,1,1,0.0,0.5,0
0,3,0.066589,429.0,2267.0,3,4,0.1891534391534391,0.6,0
0,22,0.009061,18.0,0.0,3,0,18.0,3.0,0
1,3,63.149672,0.0,0.0,7,0,0.0,7.0,5
0,0,0.065691,74.0,238.0,2,2,0.309623430962343,0.6666666666666666,0
0,5,3.647857,123.0,46.0,5,1,2.617021276595745,2.5,0
0,0,0.030049,44.0,60.0,1,1,0.7213114754098361,0.5,0
0,22,5.5e-05,0.0,0.0,1,1,0.0,0.5,0
0,5,30.995055,1982.0,4432.0,14,12,0.4471012858109632,1.0769230769230769,0
0,22,5.3e-05,6.0,6.0,1,1,0.8571428571428571,0.5,0
0,0,35.051868,91.0,226.0,2,2,0.4008810572687225,0.6666666666666666,0
0,22,3e-06,4.0,0.0,2,0,4.0,2.0,0
0,0,0.023655,55.0,120.0,1,1,0.4545454545454545,0.5,0
0,5,0.921816,1163.0,313242.0,38,156,0.0037127725120752,0.2420382165605095,0
0,0,0.048725,88.0,198.0,2,2,0.4422110552763819,0.6666666666666666,0
0,3,5.799625,0.0,0.0,3,1,0.0,1.5,0
0,22,8.9e-05,6.0,24.0,1,4,0.24,0.2,0
0,5,117.021061,1948.0,66660.0,45,51,0.0292224839111324,0.8653846153846154,0
0,0,0.000139,90.0,122.0,2,2,0.7317073170731707,0.6666666666666666,0
0,0,0.000166,76.0,140.0,2,2,0.5390070921985816,0.6666666666666666,0
0,22,3e-06,37.0,0.0,2,0,37.0,2.0,0
0,22,0.000139,4.0,12.0,2,2,0.3076923076923077,0.6666666666666666,0
0,5,8.3e-05,0.0,0.0,2,0,0.0,2.0,0
0,0,18.118041,93.0,264.0,2,2,0.350943396226415,0.6666666666666666,0
0,5,94.508068,962.0,510.0,15,17,1.8825831702544031,0.8333333333333334,0
0,3,84.289273,920.0,3564.0,15,14,0.2580645161290322,1.0,0
0,3,55.74754,918.0,1598.0,11,9,0.574108818011257,1.1,0
0,0,0.000204,64.0,176.0,2,2,0.3615819209039548,0.6666666666666666,0
0,0,0.059861,56.0,84.0,1,1,0.6588235294117647,0.5,0
0,5,0.196718,503.0,3553.0,8,5,0.1415306696679797,1.3333333333333333,0
0,5,10.116261,1384.0,6565.0,7,9,0.2107828205909229,0.7,0
0,0,0.050158,48.0,76.0,1,1,0.6233766233766234,0.5,0
0,0,0.060097,66.0,130.0,2,2,0.5038167938931297,0.6666666666666666,0
0,0,0.141434,48.0,112.0,1,1,0.4247787610619469,0.5,0
0,5,117.662812,1041.0,18914.0,17,22,0.055035685963521,0.7391304347826086,0
0,22,8.6e-05,6.0,6.0,1,1,0.8571428571428571,0.5,0
0,0,0.069653,56.0,164.0,1,1,0.3393939393939394,0.5,0
0,3,5.172558,12.0,0.0,3,1,12.0,1.5,0
0,0,0.048241,82.0,206.0,2,2,0.3961352657004831,0.6666666666666666,0
0,22,3e-06,37.0,0.0,2,0,37.0,2.0,0
0,5,60.269873,1200.0,5698.0,15,14,0.2105632567117038,1.0,0
0,0,23.648117,94.0,238.0,2,2,0.3933054393305439,0.6666666666666666,0
0,0,0.060074,48.0,176.0,1,1,0.2711864406779661,0.5,0
0,3,115.91293,878.0,1592.0,18,15,0.5511613308223478,1.125,0
0,22,0.000206,0.0,0.0,2,0,0.0,2.0,0
0,3,0.034755,12.0,0.0,2,0,12.0,2.0,0
0,22,1e-06,0.0,0.0,2,0,0.0,2.0,0
0,3,0.160869,439.0,2279.0,4,5,0.1925438596491228,0.6666666666666666,0
0,22,0.000246,76.0,0.0,3,1,76.0,1.5,0
0,0,0.000216,76.0,196.0,2,2,0.3857868020304568,0.6666666666666666,0
0,5,5.128345,383.0,4095.0,9,6,0.093505859375,1.2857142857142858,0
0,22,119.291933,0.0,0.0,177,0,0.0,177.0,0
0,0,0.074444,66.0,330.0,2,2,0.1993957703927492,0.6666666666666666,0
0,22,117.682871,2986.0,6356.0,22,13,0.469718420638666,1.5714285714285714,0
0,3,5.3e-05,0.0,0.0,2,0,0.0,2.0,0
0,0,0.02385,78.0,206.0,1,1,0.3768115942028985,0.5,0
0,0,0.000184,84.0,212.0,2,2,0.3943661971830985,0.6666666666666666,0
0,3,21.248596,432.0,1774.0,7,7,0.2433802816901408,0.875,0
0,0,0.000226,88.0,280.0,2,2,0.3131672597864768,0.6666666666666666,0
0,5,116.103183,907.0,5451.0,21,19,0.1663609684519442,1.05,0
0,0,0.000153,58.0,122.0,2,2,0.4715447154471545,0.6666666666666666,0
0,0,0.097998,66.0,244.0,2,2,0.2693877551020408,0.6666666666666666,0
0,3,5.342636,404.0,4951.0,6,7,0.0815831987075929,0.75,0
0,0,0.091693,47.0,145.0,1,1,0.3219178082191781,0.5,0
0,0,0.000326,78.0,250.0,2,2,0.3107569721115538,0.6666666666666666,0
0,0,0.000257,70.0,166.0,2,2,0.4191616766467065,0.6666666666666666,0
0,22,0.0005,352.0,358.0,2,2,0.98050139275766,0.6666666666666666,0
0,0,0.048428,48.0,64.0,1,1,0.7384615384615385,0.5,0
0,0,0.060012,64.0,117.0,1,1,0.5423728813559322,0.5,0
0,5,61.873298,1754.0,5097.0,18,14,0.3440564927422518,1.2,0
0,5,0.393213,560.0,7032.0,10,7,0.079624626759562,1.25,0
0,5,0.676974,1697.0,1221.0,9,6,1.3887070376432078,1.2857142857142858,0
0,5,116.6531,1461.0,26206.0,30,29,0.0557484641507994,1.0,0
0,3,0.069468,0.0,0.0,3,0,0.0,3.0,0
0,5,1e-06,12.0,0.0,2,0,12.0,2.0,0
0,22,5.1e-05,0.0,0.0,1,1,0.0,0.5,0
0,0,0.030465,51.0,111.0,1,1,0.4553571428571428,0.5,0
0,22,0.000112,4.0,12.0,2,2,0.3076923076923077,0.6666666666666666,0
0,22,0.03109,0.0,0.0,2,1,0.0,1.0,0
1,21,13.351441,2008.0,2745.0,21,32,0.7312454479242535,0.6363636363636364,11
0,22,7.9e-05,0.0,0.0,1,1,0.0,0.5,0
0,22,4.9e-05,4.0,0.0,2,0,4.0,2.0,0
0,0,0.000242,88.0,208.0,2,2,0.4210526315789473,0.6666666666666666,0
0,5,0.098769,12.0,0.0,2,0,12.0,2.0,0
0,0,0.051883,94.0,206.0,2,2,0.4541062801932367,0.6666666666666666,0
0,22,7.7e-05,6.0,6.0,1,1,0.8571428571428571,0.5,0
0,22,1e-06,31.0,0.0,2,0,31.0,2.0,0
0,11,0.000545,408.0,372.0,6,6,1.093833780160858,0.8571428571428571,0
0,22,5.3e-05,0.0,0.0,1,1,0.0,0.5,0
0,5,119.445796,2758.0,71931.0,54,65,0.038341767224601,0.8181818181818182,0
0,3,115.440953,389.0,3861.0,17,16,0.1007250129466597,1.0,0
0,0,0.031263,58.0,122.0,2,2,0.4715447154471545,0.6666666666666666,0
0,22,5.5e-05,0.0,0.0,1,1,0.0,0.5,0
0,3,23.493388,1320.0,11851.0,15,15,0.1113736078299021,0.9375,0
0,0,0.030632,51.0,111.0,1,1,0.4553571428571428,0.5,0
0,3,45.040306,466.0,1782.0,8,8,0.2613572630398205,0.8888888888888888,0
0,0,0.000217,72.0,146.0,2,2,0.4897959183673469,0.6666666666666666,0
0,5,0.14218,0.0,0.0,1,1,0.0,0.5,0
0,0,0.000183,76.0,108.0,2,2,0.6972477064220184,0.6666666666666666,0
0,22,4e-06,37.0,0.0,2,0,37.0,2.0,0
0,0,0.060138,49.0,229.0,1,1,0.2130434782608695,0.5,0
0,22,5.4e-05,6.0,6.0,1,1,0.8571428571428571,0.5,0
0,0,0.00019,88.0,256.0,2,2,0.3424124513618677,0.6666666666666666,0
0,3,0.066556,428.0,2266.0,4,4,0.1887957653286281,0.8,0
0,0,0.083222,70.0,154.0,2,2,0.4516129032258064,0.6666666666666666,0
0,0,0.07695,60.0,416.0,2,2,0.1438848920863309,0.6666666666666666,0
0,0,0.0002,68.0,210.0,2,2,0.3222748815165877,0.6666666666666666,0
0,0,0.060254,84.0,282.0,2,2,0.2968197879858657,0.6666666666666666,0
0,0,0.03116,70.0,282.0,2,2,0.2473498233215547,0.6666666666666666,0
0,3,3.421462,6.0,6.0,3,3,0.8571428571428571,0.75,0
0,22,3.2e-05,0.0,0.0,1,1,0.0,0.5,0
0,5,106.549237,2677.0,7499.0,25,21,0.3569333333333333,1.1363636363636365,0
0,22,3.9e-05,0.0,0.0,1,1,0.0,0.5,0
0,5,116.486058,1268.0,5085.0,22,19,0.2493118364136846,1.1,0
0,5,3.895279,123.0,46.0,5,1,2.617021276595745,2.5,0
0,0,0.00029,88.0,200.0,2,2,0.4378109452736318,0.6666666666666666,0
0,0,0.061153,70.0,456.0,2,2,0.1531728665207877,0.6666666666666666,0
0,0,0.319155,62.0,146.0,2,2,0.4217687074829932,0.6666666666666666,0
0,5,116.592707,1892.0,5165.0,22,21,0.3662408052651955,1.0,0
0,5,0.333743,1500.0,4944.0,13,12,0.3033367037411527,1.0,0
0,22,3e-06,4.0,0.0,2,0,4.0,2.0,0
0,0,0.000172,86.0,280.0,2,2,0.3060498220640569,0.6666666666666666,0
0,0,0.064975,70.0,116.0,2,2,0.5982905982905983,0.6666666666666666,0
0,22,4.9e-05,0.0,0.0,1,1,0.0,0.5,0
0,0,0.033173,76.0,544.0,2,2,0.1394495412844036,0.6666666666666666,0
0,0,0.000211,76.0,242.0,2,2,0.3127572016460905,0.6666666666666666,0
0,0,0.121697,60.0,344.0,2,2,0.1739130434782608,0.6666666666666666,0
0,22,4e-06,0.0,0.0,2,0,0.0,2.0,0
0,0,0.047881,50.0,131.0,1,1,0.3787878787878788,0.5,0
0,0,0.062805,72.0,234.0,2,2,0.3063829787234042,0.6666666666666666,0
0,5,0.037052,6.0,0.0,2,1,6.0,1.0,0
0,5,0.468315,376.0,3788.0,7,7,0.099234626550541,0.875,0
0,0,0.000244,60.0,266.0,2,2,0.2247191011235955,0.6666666666666666,0
0,0,0.000162,72.0,104.0,2,2,0.6857142857142857,0.6666666666666666,0
0,5,114.155864,6467.0,8351.0,36,36,0.7743055555555556,0.972972972972973,0
0,3,5.389497,12.0,0.0,3,1,12.0,1.5,0
0,5,10.315697,661.0,5217.0,6,8,0.1266768876964354,0.6666666666666666,0
0,22,1e-06,12.0,0.0,2,0,12.0,2.0,0
0,3,1.115325,531.0,331.0,4,5,1.5993975903614457,0.6666666666666666,0
0,3,0.067241,427.0,2266.0,3,4,0.188354653727393,0.6,0
0,22,0.000149,6.0,6.0,1,1,0.8571428571428571,0.5,0
0,5,0.032422,0.0,0.0,1,1,0.0,0.5,0
0,3,78.00939,490.0,1812.0,12,10,0.2702702702702703,1.0909090909090908,0
0,0,0.023295,66.0,122.0,1,1,0.5365853658536586,0.5,0
0,3,0.082267,395.0,1386.0,5,3,0.2847873107426099,1.25,0
0,0,0.000165,82.0,114.0,2,2,0.7130434782608696,0.6666666666666666,0
0,12,0.011603,0.0,0.0,1,1,0.0,0.5,0
0,5,1.378034,525.0,3985.0,10,8,0.1317109884596086,1.1111111111111112,0
0,22,0.000358,53.0,0.0,4,0,53.0,4.0,0
0,5,2e-06,12.0,0.0,2,0,12.0,2.0,0
0,3,3.603663,6.0,6.0,3,3,0.8571428571428571,0.75,0
0,5,117.39245,981.0,4218.0,15,14,0.2325195543967765,1.0,0
0,3,0.099383,0.0,0.0,2,0,0.0,2.0,0
0,22,1e-06,37.0,0.0,2,0,37.0,2.0,0
0,0,0.031024,164.0,276.0,4,4,0.592057761732852,0.8,0
0,5,116.233594,782.0,6073.0,21,18,0.1287454725057622,1.105263157894737,0
0,0,0.107928,68.0,308.0,2,2,0.2200647249190938,0.6666666666666666,0
0,0,0.088655,74.0,138.0,2,2,0.5323741007194245,0.6666666666666666,0
0,0,32.763431,120.0,224.0,2,2,0.5333333333333333,0.6666666666666666,0
0,0,79.747916,96.0,240.0,2,2,0.3983402489626556,0.6666666666666666,0
0,0,0.000297,56.0,568.0,2,2,0.0984182776801406,0.6666666666666666,0
0,3,90.450558,449.0,361.0,12,12,1.2403314917127073,0.9230769230769232,0
0,0,0.050846,136.0,328.0,4,4,0.4133738601823708,0.8,0
0,5,116.704364,715.0,9404.0,25,21,0.0760233918128654,1.1363636363636365,0
0,0,0.230393,101.0,165.0,1,1,0.608433734939759,0.5,0
0,22,1.7e-05,43.0,6.0,3,1,6.142857142857143,1.5,0
0,22,6.2e-05,6.0,6.0,1,1,0.8571428571428571,0.5,0
0,0,0.000469,96.0,178.0,1,1,0.5363128491620112,0.5,0
0,0,0.000236,94.0,220.0,2,2,0.4253393665158371,0.6666666666666666,0
0,22,0.000206,43.0,6.0,2,1,6.142857142857143,1.0,0
0,0,0.000191,68.0,198.0,2,2,0.3417085427135678,0.6666666666666666,0
0,22,98.539707,11595.0,309.0,7,6,37.403225806451616,1.0,0
0,22,98.964848,12982.0,56.0,7,9,227.75438596491227,0.7,0
0,5,0.001082,0.0,0.0,2,0,0.0,2.0,0
0,3,5.616161,0.0,0.0,4,2,0.0,1.3333333333333333,0
0,22,8.3e-05,6.0,6.0,1,1,0.8571428571428571,0.5,0
0,0,0.000206,100.0,156.0,2,2,0.6369426751592356,0.6666666666666666,0
0,5,116.152991,1424.0,16997.0,24,24,0.0837745617131427,0.96,0
0,5,59.145632,1168.0,4893.0,14,13,0.2386595831630568,1.0,0
0,5,0.135821,718.0,730.0,7,8,0.9822161422708618,0.7777777777777778,0
0,22,2.1e-05,6.0,6.0,1,1,0.8571428571428571,0.5,0
0,0,0.067204,92.0,156.0,2,2,0.5859872611464968,0.6666666666666666,0
0,5,63.119114,0.0,0.0,7,0,0.0,7.0,0
0,22,93.0581,2986.0,6356.0,22,13,0.469718420638666,1.5714285714285714,0
0,0,0.147513,40.0,68.0,1,1,0.5797101449275363,0.5,0
0,22,0.000542,0.0,0.0,1,1,0.0,0.5,0
0,5,0.183202,376.0,3508.0,7,5,0.1071530350527215,1.1666666666666667,0
0,0,0.030541,55.0,83.0,1,1,0.6547619047619048,0.5,0
0,5,7e-06,0.0,0.0,1,1,0.0,0.5,0
0,0,0.030915,86.0,194.0,2,2,0.441025641025641,0.6666666666666666,0
0,22,0.044921,554.0,6.0,4,1,79.14285714285714,2.0,0
0,22,3e-06,12.0,0.0,2,0,12.0,2.0,0
0,22,100.143373,11607.0,68.0,6,10,168.2173913043478,0.5454545454545454,0
0,1,0.13625,176.0,440.0,20,25,0.3990929705215419,0.7692307692307693,0
0,5,2.001781,74.0,0.0,2,0,74.0,2.0,0
0,5,110.906719,7785.0,13716.0,42,32,0.5675439235984545,1.2727272727272727,0
0,0,0.000199,60.0,266.0,2,2,0.2247191011235955,0.6666666666666666,0
0,22,4e-06,12.0,0.0,2,0,12.0,2.0,0
0,0,0.025484,70.0,158.0,2,2,0.440251572327044,0.6666666666666666,0
0,22,0.000239,12.0,6.0,2,1,1.7142857142857142,1.0,0
0,0,0.000204,84.0,228.0,2,2,0.3668122270742358,0.6666666666666666,0
0,0,0.000264,84.0,366.0,2,2,0.2288828337874659,0.6666666666666666,0
0,0,0.061822,53.0,248.0,1,1,0.2128514056224899,0.5,0
0,5,3e-06,0.0,0.0,2,0,0.0,2.0,0
0,5,119.851698,3734.0,3458.0,22,18,1.079502746458514,1.1578947368421053,0
0,22,6e-05,0.0,0.0,1,1,0.0,0.5,0
0,5,119.848773,1105.0,5590.0,22,18,0.197639062779467,1.1578947368421053,0
0,0,0.034745,50.0,66.0,1,1,0.746268656716418,0.5,0
0,0,0.000182,60.0,264.0,2,2,0.2264150943396226,0.6666666666666666,0
0,3,43.508447,432.0,1388.0,8,8,0.3110151187904967,0.8888888888888888,0
1,3,63.1348,0.0,0.0,7,0,0.0,7.0,5
0,0,0.289903,96.0,384.0,2,2,0.2493506493506493,0.6666666666666666,0
0,0,0.116628,51.0,95.0,1,1,0.53125,0.5,0
0,5,4.603638,123.0,46.0,5,1,2.617021276595745,2.5,0
0,5,0.081215,713.0,479.0,10,5,1.4854166666666666,1.6666666666666667,0
0,22,9.7e-05,179.0,12.0,3,2,13.76923076923077,1.0,0
0,0,0.046203,45.0,91.0,1,1,0.4891304347826087,0.5,0
0,0,0.02422,170.0,334.0,2,2,0.5074626865671642,0.6666666666666666,0
0,0,0.00017,86.0,204.0,2,2,0.4195121951219512,0.6666666666666666,0
1,22,1.3e-05,6.0,6.0,1,1,0.8571428571428571,0.5,1
1,22,2.3e-05,0.0,6.0,1,1,0.0,0.5,10
0,0,0.038485,90.0,196.0,2,2,0.4568527918781725,0.6666666666666666,0
0,5,1.355019,1110.0,726.0,6,7,1.5268225584594224,0.75,0
0,0,0.07692,148.0,436.0,4,4,0.3386727688787185,0.8,0
0,0,0.000183,168.0,392.0,2,2,0.4274809160305343,0.6666666666666666,0
0,0,0.000454,82.0,182.0,2,2,0.448087431693989,0.6666666666666666,0
0,0,0.227214,46.0,62.0,1,1,0.7301587301587301,0.5,0
0,22,0.211019,6.0,18.0,1,3,0.3157894736842105,0.25,0
0,0,0.000206,94.0,196.0,2,2,0.4771573604060913,0.6666666666666666,0
0,22,2.7e-05,0.0,0.0,1,1,0.0,0.5,0
0,5,5.459427,349.0,5455.0,9,6,0.063966275659824,1.2857142857142858,0
0,0,0.060673,120.0,360.0,4,2,0.3324099722991689,1.3333333333333333,0
0,0,0.024278,64.0,188.0,2,2,0.3386243386243386,0.6666666666666666,0
0,3,5.06665,0.0,0.0,3,1,0.0,1.5,0
0,0,0.000308,84.0,310.0,2,2,0.270096463022508,0.6666666666666666,0
0,0,0.226666,136.0,180.0,4,2,0.7513812154696132,1.3333333333333333,0
0,0,0.000328,82.0,254.0,2,2,0.3215686274509804,0.6666666666666666,0
1,3,3.002009,0.0,0.0,3,0,0.0,3.0,6
0,22,0.410362,2340.0,0.0,26,0,2340.0,26.0,0
0,5,0.308351,851.0,12049.0,15,15,0.0706224066390041,0.9375,0
0,22,97.631402,11607.0,62.0,8,9,184.23809523809524,0.8,0
0,5,101.223954,536.0,4087.0,12,11,0.1311154598825831,1.0,0
0,0,0.031057,132.0,184.0,4,2,0.7135135135135136,1.3333333333333333,0
0,0,0.000855,104.0,224.0,2,2,0.4622222222222222,0.6666666666666666,0
0,0,0.000259,76.0,204.0,2,2,0.3707317073170731,0.6666666666666666,0
0,5,0.056991,1209.0,3813.0,12,7,0.3169900367068694,1.5,0
0,5,0.261045,356.0,3782.0,6,6,0.0941052075072693,0.8571428571428571,0
0,0,0.061302,58.0,172.0,2,2,0.3352601156069364,0.6666666666666666,0
0,0,0.00019,68.0,250.0,2,2,0.2709163346613545,0.6666666666666666,0
0,5,119.632168,1799.0,6016.0,32,31,0.2989862057503739,1.0,0
0,22,4.7e-05,4.0,12.0,2,2,0.3076923076923077,0.6666666666666666,0
0,5,63.013414,68203.0,3258657.0,1303,2363,0.0209297815235596,0.5511844331641286,0
0,0,0.000469,92.0,348.0,2,2,0.2636103151862464,0.6666666666666666,0
0,5,115.398765,1030.0,1670.0,17,16,0.6163973668461998,1.0,0
0,0,0.000163,88.0,188.0,2,2,0.4656084656084656,0.6666666666666666,0
0,3,0.04715,439.0,859.0,3,4,0.5104651162790698,0.6,0
0,1,8.8e-05,0.0,0.0,1,2,0.0,0.3333333333333333,0
0,0,0.001331,74.0,590.0,2,2,0.1252115059221658,0.6666666666666666,0
0,0,0.037079,48.0,64.0,1,1,0.7384615384615385,0.5,0
0,0,0.060363,47.0,107.0,1,1,0.4351851851851852,0.5,0
0,22,0.000152,6.0,6.0,1,1,0.8571428571428571,0.5,0
0,5,65.760003,759.0,5513.0,14,16,0.1376496191512513,0.8235294117647058,0
0,22,2e-05,0.0,0.0,1,1,0.0,0.5,0
0,5,0.300293,641.0,356.0,7,6,1.7955182072829132,1.0,0
0,5,4.316478,117.0,41.0,5,1,2.7857142857142856,2.5,0
0,0,0.061084,41.0,223.0,1,1,0.1830357142857142,0.5,0
0,5,5.903803,611.0,168.0,6,4,3.615384615384616,1.2,0
0,22,0.000186,0.0,0.0,1,1,0.0,0.5,0
0,22,0.019464,12.0,6.0,2,1,1.7142857142857142,1.0,0
0,22,1.3e-05,6.0,0.0,1,1,6.0,0.5,0
0,0,0.000181,76.0,332.0,2,2,0.2282282282282282,0.6666666666666666,0
0,0,0.000187,78.0,274.0,2,2,0.2836363636363636,0.6666666666666666,0
0,5,71.170502,5372.0,148829.0,129,118,0.0360948733454276,1.084033613445378,0
0,5,117.632022,1473.0,5360.0,22,19,0.2747621712367096,1.1,0
0,5,115.936866,3113.0,6162.0,21,18,0.5051111471685867,1.105263157894737,0
0,0,0.061523,60.0,344.0,2,2,0.1739130434782608,0.6666666666666666,0
0,5,61.034532,1291.0,9473.0,18,16,0.1362676799662233,1.0588235294117647,0
0,5,0.165106,370.0,3788.0,6,6,0.0976510952757983,0.8571428571428571,0
0,0,0.048485,64.0,120.0,2,2,0.5289256198347108,0.6666666666666666,0
0,0,0.063086,72.0,104.0,2,2,0.6857142857142857,0.6666666666666666,0
0,0,0.048728,78.0,360.0,2,2,0.2160664819944598,0.6666666666666666,0
0,0,0.000156,46.0,46.0,2,2,0.9787234042553192,0.6666666666666666,0
0,22,5.2e-05,0.0,0.0,1,1,0.0,0.5,0
0,22,68.192529,11595.0,344.0,7,5,33.608695652173914,1.1666666666666667,0
0,0,0.048796,56.0,95.0,1,1,0.5833333333333334,0.5,0
0,5,0.246729,707.0,3049.0,12,7,0.2318032786885246,1.5,0
0,5,5.548015,617.0,164.0,7,4,3.7393939393939393,1.4,0
1,3,0.208505,618.0,456.0,6,5,1.3522975929978118,1.0,10
0,0,0.030559,51.0,179.0,1,1,0.2833333333333333,0.5,0
0,3,0.120207,0.0,0.0,1,1,0.0,0.5,0
0,3,0.000322,12.0,0.0,2,0,12.0,2.0,0
0,0,0.000234,64.0,142.0,2,2,0.4475524475524475,0.6666666666666666,0
0,0,0.000155,72.0,104.0,2,2,0.6857142857142857,0.6666666666666666,0
0,0,0.071699,70.0,286.0,2,2,0.2439024390243902,0.6666666666666666,0
0,3,9.5e-05,0.0,0.0,2,0,0.0,2.0,0
1,3,32.126385,220.0,487.0,9,8,0.4508196721311475,1.0,6
0,0,0.030791,78.0,110.0,2,2,0.7027027027027027,0.6666666666666666,0
0,0,0.000165,46.0,46.0,2,2,0.9787234042553192,0.6666666666666666,0
0,5,0.011201,0.0,0.0,2,0,0.0,2.0,0
0,5,0.018032,12.0,0.0,2,0,12.0,2.0,0
0,0,0.07778,46.0,102.0,1,1,0.4466019417475728,0.5,0
0,0,0.064861,188.0,252.0,4,4,0.7430830039525692,0.8,0
0,5,0.196625,376.0,3508.0,7,5,0.1071530350527215,1.1666666666666667,0
0,22,5.1e-05,0.0,0.0,1,1,0.0,0.5,0
0,5,5.480259,354.0,4218.0,8,4,0.0839061388954728,1.6,0
0,0,0.000483,52.0,124.0,1,1,0.416,0.5,0
0,0,0.155921,48.0,98.0,1,1,0.4848484848484848,0.5,0
0,5,76.824216,6678.0,56750.0,52,71,0.1176719352962943,0.7222222222222222,0
0,5,89.703663,3616.0,4405.0,17,19,0.8206990467544257,0.85,0
0,0,0.071283,49.0,161.0,1,1,0.3024691358024691,0.5,0
0,5,0.000293,0.0,0.0,1,1,0.0,0.5,0
0,22,3e-06,31.0,0.0,2,0,31.0,2.0,0
0,0,0.031033,78.0,290.0,2,2,0.268041237113402,0.6666666666666666,0
0,0,0.06077,76.0,108.0,2,2,0.6972477064220184,0.6666666666666666,0
0,0,0.031266,49.0,177.0,1,1,0.2752808988764045,0.5,0
0,3,0.05067,0.0,0.0,1,1,0.0,0.5,0
0,3,60.422421,434.0,1770.0,11,11,0.2450592885375494,0.9166666666666666,0
0,5,0.985059,851.0,3950.0,10,10,0.2153885092381675,0.9090909090909092,0
1,3,63.09432,0.0,0.0,7,0,0.0,7.0,5
0,22,9.7e-05,6.0,6.0,1,1,0.8571428571428571,0.5,0
0,3,5.794351,0.0,0.0,3,1,0.0,1.5,0
0,0,0.000964,74.0,154.0,2,2,0.4774193548387097,0.6666666666666666,0
0,22,0.000325,0.0,0.0,2,0,0.0,2.0,0
0,5,0.09521,0.0,0.0,1,1,0.0,0.5,0
0,0,0.000399,69.0,135.0,1,1,0.5073529411764706,0.5,0
0,22,9.2e-05,4.0,12.0,2,2,0.3076923076923077,0.6666666666666666,0
0,22,7.8e-05,0.0,0.0,1,1,0.0,0.5,0
0,22,7.8e-05,0.0,0.0,1,1,0.0,0.5,0
0,0,0.171951,66.0,322.0,2,2,0.2043343653250774,0.6666666666666666,0
0,22,5.3e-05,0.0,0.0,1,1,0.0,0.5,0
0,0,0.030561,44.0,204.0,1,1,0.2146341463414634,0.5,0
0,5,0.000154,12.0,0.0,2,0,12.0,2.0,0
0,22,4e-06,37.0,0.0,2,0,37.0,2.0,0
0,3,5.94892,12.0,0.0,3,1,12.0,1.5,0
0,5,5.425092,317.0,157.0,6,4,2.0063291139240507,1.2,0
0,5,6.408805,382.0,3716.0,9,5,0.1027710519235943,1.5,0
1,21,10.742695,2008.0,2745.0,23,32,0.7312454479242535,0.696969696969697,11
0,22,0.061994,0.0,0.0,4,0,0.0,4.0,0
0,22,3e-06,12.0,0.0,2,0,12.0,2.0,0
0,22,0.001686,0.0,0.0,1,1,0.0,0.5,0
0,22,9e-06,6.0,6.0,1,1,0.8571428571428571,0.5,0
0,0,0.031266,92.0,124.0,2,2,0.736,0.6666666666666666,0
0,5,0.000411,0.0,0.0,2,0,0.0,2.0,0
0,22,1.043693,7500.0,12586.0,50,33,0.5958528640660999,1.4705882352941178,0
0,22,2e-05,6.0,6.0,1,1,0.8571428571428571,0.5,0
0,22,1.2e-05,6.0,6.0,1,1,0.8571428571428571,0.5,0
0,3,0.051814,436.0,860.0,3,4,0.5063879210220673,0.6,0
1,22,1.3e-05,2.0,6.0,1,1,0.2857142857142857,0.5,10
0,22,0.052294,0.0,0.0,2,1,0.0,1.0,0
0,22,5.6e-05,0.0,0.0,1,1,0.0,0.5,0
0,22,0.000125,0.0,0.0,1,1,0.0,0.5,0
0,0,29.308457,105.0,177.0,2,2,0.5898876404494382,0.6666666666666666,0
0,0,0.061422,176.0,214.0,4,2,0.8186046511627907,1.3333333333333333,0
0,0,0.000179,64.0,96.0,2,2,0.6597938144329897,0.6666666666666666,0
0,5,63.408102,1361.0,54682.0,28,41,0.0248889051441947,0.6666666666666666,0
0,5,0.066555,12.0,0.0,2,0,12.0,2.0,0
0,22,0.032427,82.0,0.0,3,1,82.0,1.5,0
0,3,0.051377,6.0,6.0,1,1,0.8571428571428571,0.5,0
0,0,0.023417,47.0,109.0,1,1,0.4272727272727272,0.5,0
0,22,0.000275,43.0,0.0,3,0,43.0,3.0,0
0,0,0.048883,70.0,188.0,2,2,0.3703703703703703,0.6666666666666666,0
0,22,3.6e-05,0.0,0.0,1,1,0.0,0.5,0
0,5,1.24947,823.0,9973.0,12,11,0.0825145377982755,1.0,0
1,3,9.781544,30.0,0.0,5,0,30.0,5.0,2
0,5,0.095349,0.0,0.0,1,1,0.0,0.5,0
0,13,64.093824,96.0,96.0,2,2,0.9896907216494846,0.6666666666666666,0
0,3,9.8e-05,12.0,0.0,2,0,12.0,2.0,0
0,22,9.9e-05,4.0,12.0,2,2,0.3076923076923077,0.6666666666666666,0
0,3,119.01729,2271.0,3986.0,22,18,0.5696012039127163,1.1578947368421053,0
0,3,115.922322,3293.0,1493.0,19,16,2.204149933065596,1.1176470588235294,0
0,0,0.023499,48.0,108.0,1,1,0.4403669724770642,0.5,0
0,0,0.000453,51.0,111.0,1,1,0.4553571428571428,0.5,0
0,0,0.023551,47.0,63.0,1,1,0.734375,0.5,0
0,3,0.072013,400.0,295.0,5,2,1.351351351351351,1.6666666666666667,0
0,0,0.244664,54.0,82.0,1,1,0.6506024096385542,0.5,0
0,22,8.9e-05,4.0,12.0,2,2,0.3076923076923077,0.6666666666666666,0
0,5,3e-06,12.0,0.0,2,0,12.0,2.0,0
0,4,60.520129,367.0,268.0,10,9,1.3643122676579926,1.0,0
0,0,0.000218,156.0,412.0,2,2,0.3777239709443099,0.6666666666666666,0
0,22,0.000272,0.0,0.0,2,0,0.0,2.0,0
0,0,0.00016,46.0,46.0,2,2,0.9787234042553192,0.6666666666666666,0
0,22,2e-06,280.0,0.0,2,0,280.0,2.0,0
0,0,0.189329,78.0,266.0,2,2,0.2921348314606741,0.6666666666666666,0
0,0,0.060267,38.0,70.0,1,1,0.5352112676056338,0.5,0
0,5,4e-06,12.0,0.0,2,0,12.0,2.0,0
0,0,0.030912,45.0,141.0,1,1,0.3169014084507042,0.5,0
0,3,5.364223,12.0,2.0,3,1,4.0,1.5,0
0,0,0.090377,102.0,438.0,2,2,0.2323462414578587,0.6666666666666666,0
0,5,5.942819,370.0,3112.0,9,5,0.1188564086090587,1.5,0
0,5,3.060402,135.0,46.0,5,1,2.872340425531915,2.5,0
0,22,0.000106,4.0,12.0,2,2,0.3076923076923077,0.6666666666666666,0
0,0,0.000174,66.0,98.0,2,2,0.6666666666666666,0.6666666666666666,0
0,22,82.080271,11613.0,62.0,7,9,184.3333333333333,0.7,0
0,3,47.022083,8212.0,342029.0,142,219,0.0240095898020641,0.6454545454545455,0
0,22,3e-06,0.0,0.0,2,0,0.0,2.0,0
0,22,0.023282,12.0,6.0,2,1,1.7142857142857142,1.0,0
0,0,75.846125,137.0,530.0,2,2,0.2580037664783427,0.6666666666666666,0
0,5,1e-06,12.0,0.0,2,0,12.0,2.0,0
0,3,5.486929,12.0,0.0,3,1,12.0,1.5,0
0,0,0.000273,76.0,242.0,2,2,0.3127572016460905,0.6666666666666666,0
0,0,0.046866,60.0,264.0,2,2,0.2264150943396226,0.6666666666666666,0
0,5,8.991206,0.0,0.0,3,0,0.0,3.0,0
0,5,5.079253,752.0,3728.0,9,8,0.2016626441405202,1.0,0
0,3,0.212628,6.0,6.0,1,1,0.8571428571428571,0.5,0
0,22,0.00083,302.0,0.0,3,0,302.0,3.0,0
0,5,5.318859,614.0,5120.0,8,8,0.1198984573325522,0.8888888888888888,0
0,22,111.016281,2986.0,6356.0,22,13,0.469718420638666,1.5714285714285714,0
0,0,0.000229,74.0,330.0,2,2,0.2235649546827794,0.6666666666666666,0
0,0,0.000154,84.0,212.0,2,2,0.3943661971830985,0.6666666666666666,0
0,22,4.8e-05,0.0,0.0,2,0,0.0,2.0,0
0,0,0.000201,64.0,258.0,2,2,0.2471042471042471,0.6666666666666666,0
0,22,4.9e-05,0.0,0.0,2,0,0.0,2.0,0
0,5,0.000319,18.0,0.0,3,0,18.0,3.0,0
0,5,9.5e-05,0.0,0.0,2,0,0.0,2.0,0
1,22,0.007861,0.0,0.0,1,1,0.0,0.5,10
0,3,6.034321,12.0,0.0,4,2,12.0,1.3333333333333333,0
0,0,0.205622,82.0,238.0,2,2,0.3430962343096234,0.6666666666666666,0
0,22,5.1e-05,6.0,6.0,1,1,0.8571428571428571,0.5,0
1,3,5.008263,397.0,11632.0,7,7,0.0341270523510702,0.875,3
0,0,0.031407,120.0,616.0,4,2,0.1944894651539708,1.3333333333333333,0
0,13,0.068659,48.0,48.0,1,1,0.979591836734694,0.5,0
0,22,3e-06,0.0,0.0,2,0,0.0,2.0,0
0,3,15.116923,357.0,491.0,5,5,0.725609756097561,0.8333333333333334,0
0,3,72.050005,555.0,2992.0,6,4,0.1854326762445706,1.2,0
1,22,4e-05,6.0,6.0,1,1,0.8571428571428571,0.5,1
0,22,4.9e-05,6.0,6.0,1,1,0.8571428571428571,0.5,0
0,5,0.175813,500.0,3743.0,9,4,0.1335470085470085,1.8,0
0,0,0.02364,80.0,244.0,2,2,0.3265306122448979,0.6666666666666666,0
0,0,0.000182,46.0,46.0,2,2,0.9787234042553192,0.6666666666666666,0
0,0,0.050037,56.0,95.0,1,1,0.5833333333333334,0.5,0
0,0,0.137111,136.0,248.0,4,2,0.5461847389558233,1.3333333333333333,0
0,0,0.000253,94.0,206.0,2,2,0.4541062801932367,0.6666666666666666,0
0,5,3.092988,135.0,46.0,5,1,2.872340425531915,2.5,0
0,22,4.8e-05,4.0,0.0,2,0,4.0,2.0,0
0,5,0.42457,845.0,4708.0,13,8,0.1794436186026757,1.4444444444444444,0
0,3,117.821139,1512.0,40899.0,34,33,0.0369682151589242,1.0,0
0,0,0.000214,60.0,414.0,2,2,0.144578313253012,0.6666666666666666,0
0,22,1e-06,6.0,6.0,1,1,0.8571428571428571,0.5,0
0,3,5.835555,12.0,0.0,3,1,12.0,1.5,0
0,0,0.088687,46.0,239.0,1,1,0.1916666666666666,0.5,0
0,5,4.230189,129.0,41.0,5,1,3.071428571428572,2.5,0
0,22,1.7e-05,6.0,6.0,1,1,0.8571428571428571,0.5,0
0,5,0.000273,46.0,0.0,3,0,46.0,3.0,0
0,22,10.112548,6.0,30.0,1,5,0.1935483870967742,0.1666666666666666,0
0,0,0.061128,53.0,148.0,1,1,0.3557046979865771,0.5,0
0,5,0.000117,12.0,0.0,2,0,12.0,2.0,0
0,5,5.715379,893.0,6706.0,12,9,0.1331444759206798,1.2,0
0,5,5.319109,354.0,5066.0,10,7,0.0698638247483718,1.25,0
0,3,5.648935,12.0,0.0,3,1,12.0,1.5,0
0,3,6.2e-05,0.0,0.0,2,0,0.0,2.0,0
0,5,2.402221,12.0,0.0,2,0,12.0,2.0,0
0,0,0.000271,56.0,88.0,2,2,0.6292134831460674,0.6666666666666666,0
0,22,1.23855,6.0,30.0,1,5,0.1935483870967742,0.1666666666666666,0
0,11,3e-06,124.0,0.0,2,0,124.0,2.0,0
0,0,0.000172,64.0,142.0,2,2,0.4475524475524475,0.6666666666666666,0
0,5,117.15327,156.0,144.0,6,4,1.0758620689655172,1.2,0
0,3,115.382935,434.0,1768.0,17,15,0.2453363482193329,1.0625,0
0,0,0.005738,74.0,154.0,2,2,0.4774193548387097,0.6666666666666666,0
0,5,8.999338,0.0,0.0,3,0,0.0,3.0,0
0,5,60.396639,3328.0,4248.0,9,7,0.7832431160273006,1.125,0
0,0,0.024216,60.0,414.0,2,2,0.144578313253012,0.6666666666666666,0
0,0,0.059202,176.0,214.0,4,2,0.8186046511627907,1.3333333333333333,0
0,5,0.019736,0.0,0.0,1,2,0.0,0.3333333333333333,0
0,0,0.047931,54.0,116.0,1,1,0.4615384615384615,0.5,0
0,5,119.672266,2089.0,32756.0,30,39,0.0637726287511066,0.75,0
0,5,64.060873,74.0,0.0,2,0,74.0,2.0,0
0,5,0.293267,980.0,13267.0,16,18,0.0738619234247814,0.8421052631578947,0
0,5,0.242585,871.0,165406.0,52,111,0.0052657989081477,0.4642857142857143,0
0,22,3e-06,12.0,0.0,2,0,12.0,2.0,0
0,0,0.03151,94.0,230.0,2,2,0.4069264069264069,0.6666666666666666,0
0,22,8e-05,0.0,0.0,1,1,0.0,0.5,0
0,0,0.000293,78.0,184.0,2,2,0.4216216216216216,0.6666666666666666,0
0,0,0.030884,192.0,128.0,4,2,1.4883720930232558,1.3333333333333333,0
0,22,0.000108,4.0,12.0,2,2,0.3076923076923077,0.6666666666666666,0
0,0,0.073462,140.0,170.0,4,2,0.8187134502923976,1.3333333333333333,0
0,5,4.8e-05,12.0,0.0,2,0,12.0,2.0,0
0,0,0.000214,46.0,46.0,2,2,0.9787234042553192,0.6666666666666666,0
0,0,0.052899,96.0,180.0,2,2,0.5303867403314917,0.6666666666666666,0
0,0,0.000171,64.0,120.0,2,2,0.5289256198347108,0.6666666666666666,0
0,5,5.8e-05,18.0,0.0,3,0,18.0,3.0,0
0,0,0.000463,74.0,282.0,2,2,0.2614840989399293,0.6666666666666666,0
0,0,0.030684,62.0,206.0,2,2,0.2995169082125604,0.6666666666666666,0
0,0,0.000184,78.0,272.0,2,2,0.2857142857142857,0.6666666666666666,0
0,0,0.000157,64.0,96.0,2,2,0.6597938144329897,0.6666666666666666,0
0,3,115.946611,441.0,795.0,16,14,0.5540201005025126,1.0666666666666669,0
0,3,0.0001,0.0,0.0,2,0,0.0,2.0,0
0,5,5.226884,635.0,168.0,7,4,3.757396449704142,1.4,0
0,0,0.04775,59.0,120.0,1,1,0.4876033057851239,0.5,0
0,0,0.077949,168.0,310.0,4,2,0.5401929260450161,1.3333333333333333,0
0,0,0.024184,54.0,86.0,2,2,0.6206896551724138,0.6666666666666666,0
0,0,0.00028,80.0,240.0,2,2,0.3319502074688796,0.6666666666666666,0
0,0,0.096122,58.0,254.0,2,2,0.2274509803921568,0.6666666666666666,0
0,0,0.03317,56.0,125.0,1,1,0.4444444444444444,0.5,0
0,5,0.085788,0.0,0.0,2,0,0.0,2.0,0
0,0,0.000633,60.0,76.0,1,1,0.7792207792207793,0.5,0
0,0,0.000273,86.0,408.0,2,2,0.2102689486552567,0.6666666666666666,0
0,5,64.05631,74.0,0.0,2,0,74.0,2.0,0
0,5,4.74946,580.0,164.0,5,4,3.515151515151515,1.0,0
1,3,10.652752,369.0,3525.0,5,4,0.1046511627906976,1.0,3
0,3,115.293185,455.0,979.0,16,14,0.4642857142857143,1.0666666666666669,0
0,0,0.000372,92.0,258.0,2,2,0.3552123552123552,0.6666666666666666,0
0,22,3e-06,12.0,0.0,2,0,12.0,2.0,0
1,3,0.164678,176.0,456.0,5,5,0.3851203501094092,0.8333333333333334,10
0,0,0.000234,66.0,240.0,2,2,0.2738589211618257,0.6666666666666666,0
0,22,3.7e-05,0.0,0.0,1,1,0.0,0.5,0
0,5,9.278925,2984.0,20650.0,18,23,0.1444966345455426,0.75,0
0,0,0.00019,72.0,200.0,2,2,0.3582089552238806,0.6666666666666666,0
0,5,5.976553,1740.0,8572.0,12,12,0.2029627901551382,0.9230769230769232,0
0,22,4e-06,12.0,0.0,2,0,12.0,2.0,0
0,22,3e-06,37.0,0.0,2,0,37.0,2.0,0
0,0,0.000121,78.0,110.0,2,2,0.7027027027027027,0.6666666666666666,0
0,0,0.046855,74.0,190.0,2,2,0.387434554973822,0.6666666666666666,0
0,0,0.000178,46.0,46.0,2,2,0.9787234042553192,0.6666666666666666,0
0,0,0.0002,68.0,132.0,2,2,0.5112781954887218,0.6666666666666666,0
0,0,0.053079,46.0,138.0,1,1,0.3309352517985611,0.5,0
0,0,0.010411,72.0,264.0,2,2,0.2716981132075471,0.6666666666666666,0
0,0,0.023759,64.0,96.0,2,2,0.6597938144329897,0.6666666666666666,0
0,0,0.023643,45.0,110.0,1,1,0.4054054054054054,0.5,0
0,3,10.263869,708.0,1832.0,6,5,0.3862520458265139,1.0,0
0,0,0.000189,108.0,236.0,2,2,0.4556962025316455,0.6666666666666666,0
0,22,0.000197,0.0,0.0,1,1,0.0,0.5,0
0,5,10.161124,541.0,2648.0,7,4,0.2042280105700264,1.4,0
0,5,0.053166,0.0,0.0,2,1,0.0,1.0,0
0,0,0.061,46.0,94.0,1,1,0.4842105263157895,0.5,0
0,5,0.239873,6.0,37.0,1,1,0.1578947368421052,0.5,0
0,0,0.000203,132.0,388.0,2,2,0.3393316195372751,0.6666666666666666,0
0,0,0.000425,46.0,107.0,1,1,0.4259259259259259,0.5,0
0,0,0.000188,76.0,332.0,2,2,0.2282282282282282,0.6666666666666666,0
0,22,4.9e-05,6.0,6.0,1,1,0.8571428571428571,0.5,0
0,3,119.358862,1302.0,5889.0,21,17,0.2210526315789473,1.1666666666666667,0
0,0,0.053831,56.0,188.0,1,1,0.2962962962962963,0.5,0
0,5,0.937102,851.0,3950.0,10,10,0.2153885092381675,0.9090909090909092,0
0,22,4.6e-05,0.0,0.0,2,0,0.0,2.0,0
0,13,0.081162,48.0,48.0,1,1,0.979591836734694,0.5,0
0,0,0.030921,43.0,99.0,1,1,0.43,0.5,0
0,21,0.000159,0.0,0.0,1,1,0.0,0.5,0
0,0,0.000165,92.0,284.0,2,2,0.3228070175438596,0.6666666666666666,0
0,0,0.060737,46.0,246.0,1,1,0.1862348178137652,0.5,0
0,3,0.626131,324.0,49626.0,23,26,0.0065287041328309,0.8518518518518519,0
0,5,91.385486,1666.0,16190.0,16,14,0.1028966709900562,1.0666666666666669,0
0,0,0.000208,92.0,248.0,2,2,0.3694779116465863,0.6666666666666666,0
0,5,5.059357,599.0,152.0,7,4,3.915032679738562,1.4,0
0,5,5.636419,367.0,3710.0,9,6,0.0988951765022904,1.2857142857142858,0
0,3,3e-06,12.0,0.0,2,0,12.0,2.0,0
0,3,114.189834,2590.0,1920.0,20,20,1.3482561166059344,0.9523809523809524,0
0,0,0.110878,76.0,418.0,2,2,0.1813842482100238,0.6666666666666666,0
0,22,3.1e-05,0.0,0.0,1,1,0.0,0.5,0
0,0,0.646757,62.0,156.0,1,1,0.3949044585987261,0.5,0
0,0,0.000222,64.0,158.0,2,2,0.4025157232704403,0.6666666666666666,0
0,5,51.007374,1424.0,65754.0,34,46,0.0216561478214584,0.723404255319149,0
0,5,117.049564,659.0,4195.0,14,13,0.1570543374642516,1.0,0
0,22,1.8e-05,0.0,0.0,1,1,0.0,0.5,0
0,0,0.029131,76.0,236.0,2,2,0.3206751054852321,0.6666666666666666,0
0,22,5.1e-05,392.0,0.0,5,0,392.0,5.0,0
0,0,0.047247,82.0,190.0,2,2,0.4293193717277487,0.6666666666666666,0
0,22,4.8e-05,4.0,0.0,2,0,4.0,2.0,0
0,22,7.4e-05,0.0,0.0,1,2,0.0,0.3333333333333333,0
0,0,0.000454,42.0,58.0,1,1,0.711864406779661,0.5,0
0,0,0.000212,54.0,86.0,2,2,0.6206896551724138,0.6666666666666666,0
0,5,0.05736,12.0,0.0,2,0,12.0,2.0,0
0,0,0.030447,43.0,107.0,1,1,0.3981481481481481,0.5,0
0,5,115.623553,824.0,4330.0,21,18,0.1902562918494574,1.105263157894737,0
0,0,0.060922,144.0,414.0,4,2,0.3469879518072289,1.3333333333333333,0
0,22,4.1e-05,0.0,0.0,1,1,0.0,0.5,0
0,22,90.848666,11613.0,62.0,6,9,184.3333333333333,0.6,0
0,0,0.066291,56.0,86.0,1,1,0.6436781609195402,0.5,0
0,0,0.000193,92.0,248.0,2,2,0.3694779116465863,0.6666666666666666,0
0,0,0.000777,46.0,62.0,1,1,0.7301587301587301,0.5,0
0,0,0.00022,60.0,162.0,2,2,0.3680981595092024,0.6666666666666666,0
0,5,4.643461,135.0,46.0,5,1,2.872340425531915,2.5,0
0,22,0.001268,3130.0,3124.0,9,7,1.0016,1.125,0
0,22,0.000146,0.0,0.0,1,1,0.0,0.5,0
0,0,0.000148,64.0,128.0,2,2,0.4961240310077519,0.6666666666666666,0
0,5,0.186692,1224.0,5165.0,9,9,0.2369337979094076,0.9,0
0,22,0.028614,280.0,6.0,2,1,40.0,1.0,0
0,0,0.0313,60.0,414.0,2,2,0.144578313253012,0.6666666666666666,0
0,22,4.7e-05,4.0,0.0,2,0,4.0,2.0,0
0,0,0.000238,82.0,182.0,2,2,0.448087431693989,0.6666666666666666,0
0,5,5.179038,123.0,92.0,5,2,1.3225806451612905,1.6666666666666667,0
0,0,0.235871,82.0,176.0,2,2,0.4632768361581921,0.6666666666666666,0
1,3,32.004755,221.0,487.0,9,8,0.4528688524590163,1.0,6
0,5,9.2e-05,0.0,0.0,2,0,0.0,2.0,0
0,5,0.049703,12.0,0.0,2,0,12.0,2.0,0
0,0,0.09244,68.0,202.0,2,2,0.334975369458128,0.6666666666666666,0
0,0,0.000308,94.0,350.0,2,2,0.2678062678062678,0.6666666666666666,0
0,5,5.363639,377.0,4799.0,9,8,0.0785416666666666,1.0,0
0,0,0.00024,62.0,190.0,2,2,0.3246073298429319,0.6666666666666666,0
0,5,115.796084,1713.0,438.0,15,13,3.902050113895216,1.0714285714285714,0
0,5,0.28245,376.0,3508.0,7,5,0.1071530350527215,1.1666666666666667,0
0,3,0.177842,1614.0,828.0,4,4,1.9469240048250904,0.8,0
0,3,80.628726,0.0,0.0,2,0,0.0,2.0,0
0,5,33.878395,6133.0,91605.0,59,86,0.0669497631159531,0.6781609195402298,0
0,0,0.031911,44.0,60.0,1,1,0.7213114754098361,0.5,0
0,22,0.000861,31.0,0.0,3,0,31.0,3.0,0
0,0,0.001106,64.0,96.0,2,2,0.6597938144329897,0.6666666666666666,0
0,0,0.000163,82.0,114.0,2,2,0.7130434782608696,0.6666666666666666,0
0,11,4.8e-05,124.0,0.0,2,0,124.0,2.0,0
0,0,39.128706,352.0,840.0,8,8,0.4185493460166468,0.8888888888888888,0
0,0,0.118373,52.0,128.0,1,1,0.4031007751937984,0.5,0
0,5,5.757225,5651.0,5810.0,21,11,0.9724660127344692,1.75,0
0,5,117.675474,318.0,319.0,6,4,0.99375,1.2,0
0,22,6.5e-05,6.0,6.0,1,1,0.8571428571428571,0.5,0
0,0,0.350434,65.0,124.0,1,1,0.52,0.5,0
0,0,0.000149,82.0,138.0,2,2,0.5899280575539568,0.6666666666666666,0
0,22,8.9e-05,0.0,2065.0,2,3,0.0,0.5,0
0,5,116.173613,5106.0,8796.0,30,25,0.5804251449357736,1.1538461538461535,0
0,0,0.023531,62.0,364.0,2,2,0.1698630136986301,0.6666666666666666,0
0,0,0.03039,41.0,126.0,1,1,0.3228346456692913,0.5,0
0,22,6e-05,0.0,0.0,1,1,0.0,0.5,0
0,22,4e-06,12.0,0.0,2,0,12.0,2.0,0
0,13,66.067246,96.0,96.0,2,2,0.9896907216494846,0.6666666666666666,0
0,0,0.062803,68.0,180.0,2,2,0.3756906077348066,0.6666666666666666,0
0,22,4e-06,37.0,0.0,2,0,37.0,2.0,0
0,0,0.023846,66.0,230.0,2,2,0.2857142857142857,0.6666666666666666,0
0,0,0.030525,51.0,67.0,1,1,0.75,0.5,0
0,0,0.034538,144.0,532.0,4,4,0.2701688555347092,0.8,0
0,10,2.6e-05,3029.0,0.0,13,0,3029.0,13.0,0
0,22,3e-06,37.0,0.0,2,0,37.0,2.0,0
0,13,0.024116,48.0,48.0,1,1,0.979591836734694,0.5,0
0,5,0.272261,871.0,165385.0,38,115,0.0052664675365508,0.3275862068965517,0
0,0,0.000172,82.0,114.0,2,2,0.7130434782608696,0.6666666666666666,0
0,5,0.468247,720.0,1295.0,10,5,0.5555555555555556,1.6666666666666667,0
1,1,8.756381,109.0,188.0,9,15,0.5767195767195767,0.5625,7
0,13,66.000153,192.0,192.0,4,4,0.9948186528497408,0.8,0
0,0,0.000176,58.0,122.0,2,2,0.4715447154471545,0.6666666666666666,0
0,0,0.001438,84.0,192.0,2,2,0.4352331606217616,0.6666666666666666,0
0,22,0.006502,12.0,0.0,2,0,12.0,2.0,0
0,0,0.030988,48.0,64.0,1,1,0.7384615384615385,0.5,0
0,22,4.045619,6.0,30.0,1,5,0.1935483870967742,0.1666666666666666,0
0,0,0.000935,44.0,60.0,1,1,0.7213114754098361,0.5,0
0,5,0.164772,929.0,943.0,10,6,0.9841101694915254,1.4285714285714286,0
0,22,5.6e-05,0.0,0.0,1,1,0.0,0.5,0
0,5,110.906337,23970.0,3656.0,27,35,6.554552912223134,0.75,0
0,22,3e-06,37.0,0.0,2,0,37.0,2.0,0
0,22,5.7e-05,31.0,6.0,2,1,4.428571428571429,1.0,0
0,0,0.061506,45.0,356.0,1,1,0.1260504201680672,0.5,0
0,0,0.061281,62.0,254.0,2,2,0.2431372549019607,0.6666666666666666,0
0,3,5.191344,0.0,0.0,3,1,0.0,1.5,0
0,22,4.9e-05,4.0,0.0,2,0,4.0,2.0,0
0,3,0.423284,439.0,707.0,3,4,0.6200564971751412,0.6,0
0,0,0.050563,66.0,140.0,2,2,0.4680851063829787,0.6666666666666666,0
0,17,1e-06,4.0,0.0,2,0,4.0,2.0,0
0,22,3.7e-05,0.0,0.0,1,1,0.0,0.5,0
0,5,5.252422,374.0,3407.0,8,5,0.1097417840375586,1.3333333333333333,0
0,22,9.1e-05,0.0,0.0,1,1,0.0,0.5,0
0,5,2.274353,979.0,656.0,7,7,1.4901065449010655,0.875,0
0,22,6.2e-05,0.0,0.0,1,1,0.0,0.5,0
0,0,0.000172,86.0,204.0,2,2,0.4195121951219512,0.6666666666666666,0
0,5,4.557616,123.0,46.0,5,1,2.617021276595745,2.5,0
0,5,10.700093,1999.0,7113.0,10,12,0.280995220691594,0.7692307692307693,0
0,0,0.061434,124.0,244.0,4,2,0.5061224489795918,1.3333333333333333,0
0,0,0.024999,92.0,176.0,2,2,0.519774011299435,0.6666666666666666,0
0,0,0.077646,44.0,90.0,1,1,0.4835164835164835,0.5,0
0,0,0.070731,90.0,260.0,2,2,0.3448275862068966,0.6666666666666666,0
0,3,5.542623,12.0,0.0,3,1,12.0,1.5,0
0,0,0.000174,80.0,112.0,2,2,0.7079646017699115,0.6666666666666666,0
0,5,0.002306,0.0,0.0,2,1,0.0,1.0,0
0,5,1.661178,851.0,3950.0,10,11,0.2153885092381675,0.8333333333333334,0
0,22,0.001523,6.0,6.0,1,1,0.8571428571428571,0.5,0
0,5,117.815089,578.0,4748.0,14,15,0.1217098336491893,0.875,0
0,22,7.4e-05,0.0,0.0,1,1,0.0,0.5,0
0,22,5e-06,31.0,0.0,3,0,31.0,3.0,0
0,5,5.07124,635.0,168.0,7,4,3.757396449704142,1.4,0
0,22,3.2e-05,6.0,6.0,1,1,0.8571428571428571,0.5,0
0,0,0.000254,86.0,198.0,2,2,0.4321608040201005,0.6666666666666666,0
0,5,0.114477,662.0,943.0,10,5,0.701271186440678,1.6666666666666667,0
0,0,41.229904,96.0,173.0,2,2,0.5517241379310345,0.6666666666666666,0
0,0,0.066098,68.0,150.0,2,2,0.4503311258278146,0.6666666666666666,0
0,0,0.000292,64.0,204.0,2,2,0.3121951219512195,0.6666666666666666,0
0,0,0.048609,76.0,190.0,2,2,0.3979057591623036,0.6666666666666666,0
0,0,0.024155,68.0,132.0,2,2,0.5112781954887218,0.6666666666666666,0
0,5,3.110284,1767.0,6382.0,13,8,0.2768290772364092,1.4444444444444444,0
0,0,0.131315,46.0,98.0,1,1,0.4646464646464646,0.5,0
0,0,0.032177,46.0,94.0,1,1,0.4842105263157895,0.5,0
0,0,0.215293,156.0,320.0,4,4,0.4859813084112149,0.8,0
0,0,0.078241,90.0,146.0,2,2,0.6122448979591837,0.6666666666666666,0
0,0,0.000175,96.0,180.0,2,2,0.5303867403314917,0.6666666666666666,0
0,3,0.000307,12.0,0.0,2,0,12.0,2.0,0
0,0,0.000887,51.0,112.0,1,1,0.4513274336283185,0.5,0
0,0,0.031969,78.0,230.0,2,2,0.3376623376623376,0.6666666666666666,0
0,5,118.381311,2098.0,11099.0,21,24,0.189009009009009,0.84,0
0,5,0.282504,482.0,644.0,6,7,0.7472868217054264,0.75,0
0,5,0.087089,363.0,3660.0,7,5,0.0991532368205408,1.1666666666666667,0
0,22,0.000111,4.0,12.0,2,2,0.3076923076923077,0.6666666666666666,0
0,22,0.036911,0.0,0.0,2,1,0.0,1.0,0
1,3,63.082015,0.0,0.0,7,0,0.0,7.0,5
0,0,0.032041,86.0,242.0,2,2,0.3539094650205761,0.6666666666666666,0
0,3,115.373942,508.0,1774.0,16,14,0.2861971830985915,1.0666666666666669,0
0,5,117.018639,2203.0,74707.0,46,65,0.0294881404936552,0.696969696969697,0
0,3,118.078722,1296.0,5886.0,21,19,0.2201460845931714,1.05,0
0,3,118.818913,1310.0,2238.0,20,16,0.5850826261723984,1.1764705882352942,0
1,3,32.066604,221.0,487.0,9,8,0.4528688524590163,1.0,6
0,5,115.567304,999.0,39491.0,32,34,0.0252962625341841,0.9142857142857144,0
0,0,0.253913,46.0,62.0,1,1,0.7301587301587301,0.5,0
0,21,1.242673,2664.0,6954.0,41,44,0.3830337886412652,0.9111111111111112,0
0,0,0.000176,72.0,186.0,2,2,0.3850267379679144,0.6666666666666666,0
0,0,0.000219,80.0,336.0,2,2,0.2373887240356083,0.6666666666666666,0
0,22,100.891027,11607.0,68.0,7,10,168.2173913043478,0.6363636363636364,0
0,0,0.047191,37.0,165.0,1,1,0.2228915662650602,0.5,0
0,22,92.122721,2986.0,6356.0,22,13,0.469718420638666,1.5714285714285714,0
0,5,6.250641,123.0,46.0,5,1,2.617021276595745,2.5,0
1,22,5.5e-05,0.0,6.0,1,1,0.0,0.5,10
0,0,0.023541,55.0,71.0,1,1,0.7638888888888888,0.5,0
0,3,5.28113,0.0,0.0,4,2,0.0,1.3333333333333333,0
0,0,0.000193,46.0,46.0,2,2,0.9787234042553192,0.6666666666666666,0
0,22,1.8e-05,0.0,0.0,1,1,0.0,0.5,0
0,0,0.03061,55.0,71.0,1,1,0.7638888888888888,0.5,0
0,1,0.149069,200.0,480.0,18,25,0.4158004158004158,0.6923076923076923,0
0,0,0.096664,76.0,362.0,2,2,0.209366391184573,0.6666666666666666,0
0,0,0.000535,68.0,84.0,1,1,0.8,0.5,0
0,22,0.001896,12.0,0.0,2,0,12.0,2.0,0
0,22,0.174529,12.0,18.0,2,3,0.631578947368421,0.5,0
0,5,0.934469,605.0,70480.0,34,39,0.0085838736680807,0.85,0
0,13,63.026268,96.0,96.0,2,2,0.9896907216494846,0.6666666666666666,0
0,0,0.047317,118.0,282.0,2,2,0.4169611307420495,0.6666666666666666,0
0,0,0.061454,44.0,236.0,1,1,0.1856540084388185,0.5,0
0,0,0.065044,90.0,202.0,2,2,0.4433497536945813,0.6666666666666666,0
0,0,0.00016,102.0,242.0,2,2,0.419753086419753,0.6666666666666666,0
1,3,4e-06,0.0,0.0,2,0,0.0,2.0,4
0,0,0.078775,43.0,59.0,1,1,0.7166666666666667,0.5,0
0,22,6.2e-05,4.0,12.0,2,2,0.3076923076923077,0.6666666666666666,0
0,0,0.031572,112.0,224.0,2,2,0.4977777777777777,0.6666666666666666,0
0,0,0.065481,118.0,250.0,2,2,0.4701195219123506,0.6666666666666666,0
0,3,113.48515,508.0,1782.0,15,15,0.284913067863152,0.9375,0
0,5,5.63838,374.0,3603.0,8,5,0.1037735849056603,1.3333333333333333,0
0,3,0.119756,0.0,0.0,3,0,0.0,3.0,0
0,0,0.032002,58.0,90.0,2,2,0.6373626373626373,0.6666666666666666,0
0,22,6.8e-05,4.0,12.0,2,2,0.3076923076923077,0.6666666666666666,0
0,22,1.1e-05,187.0,0.0,1,1,187.0,0.5,0
0,5,92.547433,5099.0,6935.0,17,14,0.7351499423298731,1.1333333333333333,0
0,22,2.9e-05,6.0,6.0,1,1,0.8571428571428571,0.5,0
0,0,0.100813,55.0,132.0,1,1,0.4135338345864661,0.5,0
0,0,0.048875,88.0,152.0,2,2,0.5751633986928104,0.6666666666666666,0
0,0,0.106156,74.0,242.0,2,2,0.3045267489711934,0.6666666666666666,0
0,5,5.614451,349.0,4380.0,9,6,0.0796621775850262,1.2857142857142858,0
0,0,0.054323,56.0,88.0,2,2,0.6292134831460674,0.6666666666666666,0
0,0,0.000229,76.0,332.0,2,2,0.2282282282282282,0.6666666666666666,0
0,5,5.425314,367.0,3968.0,9,7,0.09246661627614,1.125,0
0,0,0.000207,76.0,282.0,2,2,0.2685512367491166,0.6666666666666666,0
0,22,8.8e-05,0.0,0.0,1,1,0.0,0.5,0
0,0,0.031381,64.0,204.0,2,2,0.3121951219512195,0.6666666666666666,0
0,0,0.048712,72.0,194.0,2,2,0.3692307692307692,0.6666666666666666,0
0,0,0.030812,80.0,336.0,2,2,0.2373887240356083,0.6666666666666666,0
0,0,0.04849,64.0,160.0,2,2,0.3975155279503105,0.6666666666666666,0
0,3,0.120208,6.0,6.0,1,1,0.8571428571428571,0.5,0
0,5,115.369474,1078.0,2603.0,20,16,0.4139784946236559,1.1764705882352942,0
0,22,4e-06,12.0,0.0,2,0,12.0,2.0,0
0,13,0.068186,48.0,48.0,1,1,0.979591836734694,0.5,0
0,0,0.000393,62.0,324.0,2,2,0.1907692307692307,0.6666666666666666,0
0,5,4e-06,31.0,0.0,2,0,31.0,2.0,0
0,3,116.141028,499.0,273.0,16,13,1.8211678832116789,1.1428571428571428,0
0,0,0.024812,52.0,98.0,1,1,0.5252525252525253,0.5,0
0,5,4.7e-05,31.0,0.0,2,0,31.0,2.0,0
0,22,1.9e-05,0.0,0.0,1,1,0.0,0.5,0
0,3,5.80053,12.0,0.0,3,1,12.0,1.5,0
0,0,0.000571,54.0,118.0,1,1,0.453781512605042,0.5,0
0,0,0.060101,94.0,268.0,2,2,0.3494423791821561,0.6666666666666666,0
0,5,118.244163,1362.0,5744.0,16,17,0.2370757180156658,0.8888888888888888,0
0,0,0.00024,82.0,210.0,2,2,0.3886255924170616,0.6666666666666666,0
0,0,0.066314,70.0,244.0,2,2,0.2857142857142857,0.6666666666666666,0
0,22,3.3e-05,0.0,0.0,1,1,0.0,0.5,0
0,0,0.031023,82.0,152.0,2,2,0.5359477124183006,0.6666666666666666,0
0,5,95.972231,913.0,47010.0,28,37,0.0194209865776094,0.7368421052631579,0
0,3,5.302317,0.0,0.0,3,1,0.0,1.5,0
0,13,0.052384,48.0,48.0,1,1,0.979591836734694,0.5,0
0,5,3e-06,12.0,0.0,2,0,12.0,2.0,0
0,5,10.304252,710.0,5429.0,8,8,0.1307550644567219,0.8888888888888888,0
0,0,0.000228,134.0,326.0,2,2,0.4097859327217125,0.6666666666666666,0
0,3,0.060374,12.0,0.0,2,0,12.0,2.0,0
0,21,1.337253,2664.0,6954.0,41,44,0.3830337886412652,0.9111111111111112,0
0,0,0.000488,58.0,124.0,1,1,0.464,0.5,0
0,5,5.486485,123.0,46.0,5,1,2.617021276595745,2.5,0
0,22,0.000207,12.0,0.0,2,0,12.0,2.0,0
0,5,117.039179,24900.0,8065.0,28,38,3.087031986114555,0.717948717948718,0
0,0,0.023394,58.0,74.0,1,1,0.7733333333333333,0.5,0
0,0,0.144023,50.0,112.0,1,1,0.4424778761061947,0.5,0
0,0,0.000192,68.0,228.0,2,2,0.296943231441048,0.6666666666666666,0
0,3,32.833874,4645.0,24278.0,19,23,0.1913175995716463,0.7916666666666666,0
0,0,0.053794,152.0,184.0,4,2,0.8216216216216217,1.3333333333333333,0
0,0,0.06035,160.0,336.0,4,2,0.4747774480712166,1.3333333333333333,0
0,5,25.549875,3795.0,7187.0,18,12,0.5279632721202003,1.3846153846153846,0
0,22,7.185097,6.0,30.0,1,5,0.1935483870967742,0.1666666666666666,0
0,22,0.239079,0.0,0.0,3,0,0.0,3.0,0
0,0,1.01568,101.0,165.0,1,1,0.608433734939759,0.5,0
0,3,53.356193,495.0,919.0,10,8,0.5380434782608695,1.1111111111111112,0
1,21,12.331662,2008.0,2745.0,21,31,0.7312454479242535,0.65625,11
0,0,0.086092,78.0,196.0,2,2,0.3959390862944162,0.6666666666666666,0
0,0,0.024113,58.0,90.0,2,2,0.6373626373626373,0.6666666666666666,0
0,22,9.2e-05,0.0,0.0,1,1,0.0,0.5,0
0,0,0.000197,46.0,46.0,2,2,0.9787234042553192,0.6666666666666666,0
0,0,0.000136,88.0,120.0,2,2,0.7272727272727273,0.6666666666666666,0
0,22,3e-06,124.0,0.0,2,0,124.0,2.0,0
0,3,6.477428,12.0,0.0,3,1,12.0,1.5,0
0,0,0.000184,76.0,154.0,2,2,0.4903225806451612,0.6666666666666666,0
0,22,5.2e-05,4.0,12.0,2,2,0.3076923076923077,0.6666666666666666,0
0,5,0.000886,18.0,0.0,3,1,18.0,1.5,0
0,5,10.779564,742.0,16417.0,12,14,0.0451942989401876,0.8,0
0,0,0.030927,66.0,204.0,2,2,0.3219512195121951,0.6666666666666666,0
0,0,0.049254,70.0,338.0,2,2,0.2064896755162241,0.6666666666666666,0
0,0,0.000523,58.0,139.0,1,1,0.4142857142857143,0.5,0
0,5,0.115138,12.0,0.0,2,0,12.0,2.0,0
0,0,0.030596,38.0,134.0,1,1,0.2814814814814815,0.5,0
0,5,2e-06,0.0,0.0,2,0,0.0,2.0,0
0,22,0.000225,414.0,326.0,2,2,1.2660550458715596,0.6666666666666666,0
0,0,0.000225,64.0,204.0,2,2,0.3121951219512195,0.6666666666666666,0
0,0,0.00018,64.0,96.0,2,2,0.6597938144329897,0.6666666666666666,0
0,0,0.000173,72.0,128.0,2,2,0.5581395348837209,0.6666666666666666,0
0,0,0.024325,60.0,184.0,2,2,0.3243243243243243,0.6666666666666666,0
0,22,0.000123,142.0,12.0,2,2,10.923076923076923,0.6666666666666666,0
0,0,8.702856,450.0,90.0,10,2,4.945054945054945,3.333333333333333,0
0,5,0.209315,1112.0,4496.0,13,8,0.2472759617522793,1.4444444444444444,0
0,0,0.06293,42.0,89.0,1,1,0.4666666666666667,0.5,0
0,22,4.8e-05,4.0,0.0,2,0,4.0,2.0,0
0,0,0.061045,120.0,264.0,4,2,0.4528301886792453,1.3333333333333333,0
0,22,0.000112,4.0,12.0,2,2,0.3076923076923077,0.6666666666666666,0
0,11,1.7e-05,650.0,0.0,13,0,650.0,13.0,0
0,22,81.172589,11613.0,68.0,6,10,168.30434782608697,0.5454545454545454,0
0,3,0.689185,0.0,0.0,3,0,0.0,3.0,0
0,0,0.065108,74.0,202.0,2,2,0.3645320197044335,0.6666666666666666,0
0,22,4e-06,6.0,2.0,1,1,2.0,0.5,0
0,5,5.079212,752.0,3728.0,10,8,0.2016626441405202,1.1111111111111112,0
0,0,0.000482,58.0,124.0,1,1,0.464,0.5,0
0,5,3e-06,31.0,0.0,2,0,31.0,2.0,0
0,22,0.00021,31.0,6.0,2,1,4.428571428571429,1.0,0
0,5,64.060279,74.0,0.0,2,0,74.0,2.0,0
0,0,0.000254,102.0,322.0,2,2,0.3157894736842105,0.6666666666666666,0
0,0,0.149052,51.0,131.0,1,1,0.3863636363636363,0.5,0
0,5,10.58809,37.0,0.0,3,0,37.0,3.0,0
0,22,3e-06,12.0,0.0,2,0,12.0,2.0,0
0,0,0.031275,68.0,100.0,2,2,0.6732673267326733,0.6666666666666666,0
0,5,18.60209,2601.0,7796.0,12,10,0.3335898422470181,1.0909090909090908,0
0,0,0.000154,74.0,106.0,2,2,0.6915887850467289,0.6666666666666666,0
0,22,4.6e-05,0.0,0.0,1,1,0.0,0.5,0
0,22,9.9e-05,0.0,0.0,1,4,0.0,0.2,0
0,22,2.7e-05,0.0,0.0,1,1,0.0,0.5,0
0,0,0.029218,52.0,112.0,1,1,0.4601769911504424,0.5,0
0,5,0.232966,533.0,5370.0,13,11,0.099236641221374,1.0833333333333333,0
0,5,63.12856,0.0,0.0,7,0,0.0,7.0,0
0,0,0.055183,184.0,300.0,4,2,0.6112956810631229,1.3333333333333333,0
0,5,1.998406,1631.0,1096.0,7,6,1.4867821330902462,1.0,0
0,0,0.000248,96.0,612.0,2,2,0.1566068515497553,0.6666666666666666,0
0,5,7.616844,1386.0,1290.0,12,10,1.0735863671572423,1.0909090909090908,0
0,0,0.064082,57.0,185.0,1,1,0.3064516129032258,0.5,0
0,5,0.033557,95.0,0.0,2,1,95.0,1.0,0
0,0,0.000171,78.0,110.0,2,2,0.7027027027027027,0.6666666666666666,0
0,22,0.000714,0.0,0.0,1,1,0.0,0.5,0
0,22,0.005408,37.0,0.0,2,0,37.0,2.0,0
0,0,0.037558,176.0,340.0,2,2,0.5161290322580645,0.6666666666666666,0
0,22,80.351148,11613.0,62.0,6,9,184.3333333333333,0.6,0
0,0,0.000349,102.0,224.0,2,2,0.4533333333333333,0.6666666666666666,0
0,22,0.000112,4.0,12.0,2,2,0.3076923076923077,0.6666666666666666,0
0,22,1.4e-05,0.0,0.0,3,0,0.0,3.0,0
0,22,8.9e-05,6.0,6.0,1,1,0.8571428571428571,0.5,0
0,0,0.023835,74.0,220.0,2,2,0.334841628959276,0.6666666666666666,0
0,22,11.995993,6.0,30.0,1,5,0.1935483870967742,0.1666666666666666,0
0,5,0.000186,12.0,0.0,2,0,12.0,2.0,0
0,0,0.030572,64.0,130.0,1,1,0.4885496183206106,0.5,0
0,0,0.023939,72.0,104.0,2,2,0.6857142857142857,0.6666666666666666,0
0,0,0.000169,58.0,188.0,2,2,0.3068783068783068,0.6666666666666666,0
0,0,0.000191,64.0,256.0,2,2,0.2490272373540856,0.6666666666666666,0
0,5,5.639359,355.0,3221.0,8,7,0.1101800124146492,1.0,0
0,5,35.096101,12.0,0.0,2,0,12.0,2.0,0
0,3,0.099755,503.0,797.0,3,2,0.6303258145363408,1.0,0
0,22,0.000181,0.0,0.0,2,0,0.0,2.0,0
0,0,40.756728,150.0,361.0,3,3,0.4143646408839779,0.75,0
0,0,0.072741,58.0,139.0,1,1,0.4142857142857143,0.5,0
0,3,7.2e-05,12.0,0.0,2,0,12.0,2.0,0
0,22,3.8e-05,6.0,6.0,1,1,0.8571428571428571,0.5,0
0,22,0.017942,280.0,6.0,2,1,40.0,1.0,0
0,3,115.926647,292.0,2048.0,16,14,0.1425085407515861,1.0666666666666669,0
0,22,3e-06,31.0,0.0,2,0,31.0,2.0,0
0,0,109.045242,116.0,220.0,2,2,0.5248868778280543,0.6666666666666666,0
0,0,0.00015,90.0,122.0,2,2,0.7317073170731707,0.6666666666666666,0
0,5,117.523778,5707.0,58891.0,35,50,0.0969062011818243,0.6862745098039216,0
0,22,0.015058,0.0,6.0,2,1,0.0,1.0,0
0,5,1e-06,12.0,0.0,2,0,12.0,2.0,0
0,5,0.327849,759.0,3551.0,11,8,0.2136824324324324,1.2222222222222223,0
0,22,4.2e-05,0.0,0.0,2,1,0.0,1.0,0
0,0,0.048912,39.0,173.0,1,1,0.2241379310344827,0.5,0
0,5,3e-06,12.0,0.0,2,0,12.0,2.0,0
0,0,0.00019,60.0,264.0,2,2,0.2264150943396226,0.6666666666666666,0
0,5,0.01874,0.0,0.0,1,1,0.0,0.5,0
0,0,0.09366,76.0,174.0,2,2,0.4342857142857143,0.6666666666666666,0
0,0,0.030982,50.0,114.0,1,1,0.4347826086956521,0.5,0
0,5,115.525719,1189.0,5047.0,20,17,0.2355388272583201,1.1111111111111112,0
0,5,5.569493,377.0,4470.0,9,6,0.0843211809438604,1.2857142857142858,0
0,22,4.9e-05,4.0,0.0,2,0,4.0,2.0,0
0,3,61.411975,1203.0,712.0,12,11,1.6872370266479664,1.0,0
0,0,0.031208,50.0,66.0,1,1,0.746268656716418,0.5,0
0,0,0.000244,78.0,200.0,2,2,0.3880597014925373,0.6666666666666666,0
0,0,0.060229,166.0,334.0,2,2,0.4955223880597015,0.6666666666666666,0
0,0,0.000241,166.0,422.0,2,2,0.392434988179669,0.6666666666666666,0
0,5,116.798281,2731.0,13688.0,24,23,0.199503250785302,1.0,0
0,5,4.5e-05,37.0,0.0,2,0,37.0,2.0,0
0,0,0.0311,132.0,644.0,4,4,0.2046511627906976,0.8,0
0,5,3e-06,0.0,0.0,2,0,0.0,2.0,0
0,22,0.000196,12.0,0.0,2,0,12.0,2.0,0
0,22,5.6e-05,0.0,0.0,1,1,0.0,0.5,0
0,5,0.1502,2076.0,1009.0,8,8,2.0554455445544555,0.8888888888888888,0
0,22,4e-06,77.0,0.0,3,0,77.0,3.0,0
0,0,0.160237,68.0,182.0,2,2,0.3715846994535519,0.6666666666666666,0
0,5,4e-06,12.0,0.0,2,0,12.0,2.0,0
0,0,0.475783,129.0,239.0,2,2,0.5375,0.6666666666666666,0
0,3,6.9e-05,12.0,0.0,2,0,12.0,2.0,0
1,1,1e-06,14.0,0.0,2,0,14.0,2.0,7
0,5,85.097672,31.0,0.0,11,9,31.0,1.1,0
0,22,2e-06,31.0,0.0,2,0,31.0,2.0,0
0,22,4.9e-05,4.0,0.0,2,0,4.0,2.0,0
0,5,0.118872,376.0,3508.0,7,5,0.1071530350527215,1.1666666666666667,0
0,22,0.000553,0.0,0.0,1,1,0.0,0.5,0
0,0,0.024127,76.0,484.0,2,2,0.156701030927835,0.6666666666666666,0
0,22,3.2e-05,0.0,0.0,1,1,0.0,0.5,0
0,22,8.238096,11613.0,62.0,7,9,184.3333333333333,0.7,0
1,3,32.06048,220.0,487.0,9,8,0.4508196721311475,1.0,6
0,3,51.044189,503.0,2185.0,9,9,0.2301006404391583,0.9,0
0,0,0.061091,60.0,344.0,2,2,0.1739130434782608,0.6666666666666666,0
0,5,32.039657,74.0,0.0,2,0,74.0,2.0,0
0,5,0.297761,1235.0,4254.0,13,8,0.2902467685076381,1.4444444444444444,0
0,22,111.798618,10616.0,7950.0,50,29,1.3351779650358446,1.6666666666666667,0
0,5,0.283108,559.0,3833.0,9,6,0.1458007303077725,1.2857142857142858,0
0,0,0.000197,46.0,46.0,2,2,0.9787234042553192,0.6666666666666666,0
0,0,0.031429,57.0,185.0,1,1,0.3064516129032258,0.5,0
0,0,0.024102,68.0,182.0,2,2,0.3715846994535519,0.6666666666666666,0
0,0,0.049578,72.0,140.0,2,2,0.5106382978723404,0.6666666666666666,0
0,0,0.000192,140.0,396.0,2,2,0.3526448362720403,0.6666666666666666,0
0,22,0.023708,11607.0,26.0,5,3,429.8888888888889,1.25,0
0,0,0.023374,49.0,65.0,1,1,0.7424242424242424,0.5,0
0,22,0.000124,6.0,18.0,1,3,0.3157894736842105,0.25,0
0,22,7.9e-05,0.0,0.0,1,1,0.0,0.5,0
0,5,5.835777,348.0,5704.0,10,7,0.0609991235758106,1.25,0
1,1,8.712829,100.0,188.0,9,15,0.5291005291005291,0.5625,7
0,5,115.80608,806.0,16358.0,24,24,0.0492695152515434,0.96,0
0,5,109.856639,1935.0,1311.0,16,13,1.4748475609756098,1.1428571428571428,0
0,0,0.000161,58.0,166.0,2,2,0.3473053892215569,0.6666666666666666,0
0,22,4.9e-05,0.0,0.0,1,1,0.0,0.5,0
0,22,2.2e-05,12.0,0.0,2,0,12.0,2.0,0
0,0,0.091286,47.0,156.0,1,1,0.2993630573248407,0.5,0
0,3,60.118534,215.0,1707.0,5,3,0.1258782201405152,1.25,0
0,22,6.6e-05,0.0,0.0,1,1,0.0,0.5,0
0,0,0.000247,56.0,568.0,2,2,0.0984182776801406,0.6666666666666666,0
0,0,0.047838,58.0,107.0,1,1,0.5370370370370371,0.5,0
0,0,0.121709,208.0,326.0,4,2,0.636085626911315,1.3333333333333333,0
0,0,0.147424,55.0,155.0,1,1,0.3525641025641026,0.5,0
0,22,3e-06,12.0,0.0,2,0,12.0,2.0,0
0,5,5.2e-05,12.0,0.0,2,0,12.0,2.0,0
0,0,0.03413,53.0,117.0,1,1,0.4491525423728814,0.5,0
0,5,0.993686,790.0,61775.0,34,50,0.0127881377881377,0.6666666666666666,0
0,0,0.047728,78.0,176.0,2,2,0.4406779661016949,0.6666666666666666,0
0,0,0.033103,136.0,648.0,4,4,0.209553158705701,0.8,0
0,22,0.000747,0.0,0.0,1,1,0.0,0.5,0
0,5,0.162959,887.0,52779.0,23,35,0.0168056081849185,0.6388888888888888,0
0,3,0.19017,0.0,0.0,1,1,0.0,0.5,0
0,5,4.8e-05,12.0,0.0,2,0,12.0,2.0,0
0,22,0.000223,12.0,0.0,2,0,12.0,2.0,0
0,5,64.247534,187.0,92.0,7,2,2.010752688172043,2.333333333333333,0
0,0,0.000206,76.0,176.0,2,2,0.4293785310734463,0.6666666666666666,0
0,5,0.094201,1366.0,2308.0,10,6,0.5915980944131659,1.4285714285714286,0
0,5,1.325626,1229.0,6290.0,7,9,0.1953584485773327,0.7,0
0,3,9.9e-05,0.0,0.0,2,0,0.0,2.0,0
0,5,0.108303,1190.0,1411.0,5,7,0.8427762039660056,0.625,0
0,22,1.7e-05,0.0,0.0,1,1,0.0,0.5,0
0,0,0.031245,39.0,120.0,1,1,0.3223140495867768,0.5,0
0,13,0.000197,96.0,96.0,2,2,0.9896907216494846,0.6666666666666666,0
0,5,89.020319,586.0,65383.0,25,42,0.0089624372935274,0.5813953488372093,0
0,5,0.207707,957.0,4541.0,14,9,0.2107001321003963,1.4,0
0,22,4e-06,12.0,0.0,2,0,12.0,2.0,0
0,0,0.000138,82.0,114.0,2,2,0.7130434782608696,0.6666666666666666,0
0,0,0.000158,84.0,148.0,2,2,0.5637583892617449,0.6666666666666666,0
0,0,0.048436,164.0,184.0,4,2,0.8864864864864865,1.3333333333333333,0
0,3,0.003806,0.0,0.0,2,0,0.0,2.0,0
0,5,0.250246,559.0,3988.0,10,9,0.1401353722737528,1.0,0
0,22,1.8e-05,0.0,0.0,1,1,0.0,0.5,0
0,5,0.504886,526.0,4174.0,9,9,0.1259880239520958,0.9,0
0,0,0.000217,76.0,172.0,2,2,0.4393063583815029,0.6666666666666666,0
0,0,0.031944,68.0,182.0,2,2,0.3715846994535519,0.6666666666666666,0
0,22,9.5e-05,6.0,6.0,1,1,0.8571428571428571,0.5,0
0,0,76.789092,114.0,178.0,2,2,0.6368715083798883,0.6666666666666666,0
0,0,0.02407,52.0,68.0,1,1,0.7536231884057971,0.5,0
0,5,5.494623,385.0,3909.0,8,5,0.09846547314578,1.3333333333333333,0
0,0,0.00018,70.0,102.0,2,2,0.6796116504854369,0.6666666666666666,0
0,22,2.1e-05,6.0,6.0,1,1,0.8571428571428571,0.5,0
0,0,0.02423,79.0,161.0,1,1,0.4876543209876543,0.5,0
0,0,0.000244,62.0,338.0,2,2,0.1828908554572271,0.6666666666666666,0
0,22,3e-06,12.0,0.0,2,0,12.0,2.0,0
0,22,1e-06,12.0,0.0,2,0,12.0,2.0,0
1,3,63.14701,0.0,0.0,7,0,0.0,7.0,5
0,5,9.322932,4830.0,363505.0,172,225,0.013287263483959,0.7610619469026548,0
0,22,0.017889,137.0,0.0,5,1,137.0,2.5,0
0,0,0.000169,64.0,96.0,2,2,0.6597938144329897,0.6666666666666666,0
0,22,7.444665,6.0,30.0,1,5,0.1935483870967742,0.1666666666666666,0
0,0,0.031914,61.0,156.0,1,1,0.3885350318471338,0.5,0
0,0,0.031691,76.0,418.0,2,2,0.1813842482100238,0.6666666666666666,0
0,0,0.061855,140.0,444.0,4,2,0.3146067415730337,1.3333333333333333,0
0,5,6.217431,652.0,202886.0,70,97,0.0032136115177414,0.7142857142857143,0
0,3,0.036935,0.0,0.0,1,1,0.0,0.5,0
0,5,60.946029,964.0,997.0,15,12,0.9659318637274548,1.1538461538461535,0
0,5,1.930117,6.0,31.0,1,1,0.1875,0.5,0
0,22,3e-06,4.0,0.0,2,0,4.0,2.0,0
0,0,29.251145,110.0,236.0,2,2,0.4641350210970464,0.6666666666666666,0
0,0,0.060695,164.0,240.0,4,2,0.6804979253112033,1.3333333333333333,0
0,5,119.50628,893.0,4367.0,15,13,0.2044413919413919,1.0714285714285714,0
0,5,61.40376,6070.0,3523.0,15,15,1.7224744608399547,0.9375,0
0,22,1.834602,1375.0,30.0,1,6,44.354838709677416,0.1428571428571428,0
0,0,0.062305,68.0,220.0,2,2,0.3076923076923077,0.6666666666666666,0
0,22,6.8e-05,0.0,0.0,1,1,0.0,0.5,0
0,22,6e-05,6.0,6.0,1,1,0.8571428571428571,0.5,0
0,5,5.350691,1921.0,3652.0,9,6,0.5258691486449494,1.2857142857142858,0
0,22,4e-06,0.0,0.0,1,1,0.0,0.5,0
0,0,0.000206,70.0,178.0,2,2,0.3910614525139664,0.6666666666666666,0
0,0,0.24045,68.0,256.0,2,2,0.2645914396887159,0.6666666666666666,0
0,5,5.04705,617.0,164.0,7,4,3.7393939393939393,1.4,0
0,3,117.697373,3340.0,94453.0,73,89,0.0353611281682088,0.8111111111111111,0
0,22,4.8e-05,2.0,6.0,1,1,0.2857142857142857,0.5,0
0,0,0.000158,64.0,158.0,2,2,0.4025157232704403,0.6666666666666666,0
0,22,1.8e-05,6.0,6.0,1,1,0.8571428571428571,0.5,0
0,22,3e-06,37.0,0.0,2,0,37.0,2.0,0
0,0,116.410388,106.0,138.0,2,2,0.762589928057554,0.6666666666666666,0
0,22,0.999356,12.0,0.0,2,0,12.0,2.0,0
0,22,4.051702,6.0,30.0,1,5,0.1935483870967742,0.1666666666666666,0
0,5,90.046966,108.0,0.0,3,3,108.0,0.75,0
0,1,5.1e-05,0.0,0.0,5,0,0.0,5.0,0
0,22,3e-06,31.0,0.0,2,0,31.0,2.0,0
0,0,0.091381,40.0,211.0,1,1,0.1886792452830188,0.5,0
0,0,0.02448,76.0,164.0,2,2,0.4606060606060606,0.6666666666666666,0
0,5,5.983356,583.0,4508.0,9,7,0.1292969616322909,1.125,0
0,3,2.650902,872.0,1526.0,4,5,0.5710543549443353,0.6666666666666666,0
0,0,0.056379,78.0,180.0,2,2,0.430939226519337,0.6666666666666666,0
0,0,0.024242,68.0,158.0,2,2,0.4276729559748428,0.6666666666666666,0
0,22,3.7e-05,0.0,0.0,1,1,0.0,0.5,0
0,0,0.000161,66.0,122.0,2,2,0.5365853658536586,0.6666666666666666,0
0,0,0.143299,40.0,166.0,1,1,0.2395209580838323,0.5,0
0,3,10.504792,927.0,804.0,7,6,1.151552795031056,1.0,0
0,0,0.000429,74.0,558.0,2,2,0.1323792486583184,0.6666666666666666,0
0,0,0.000244,76.0,652.0,2,2,0.116385911179173,0.6666666666666666,0
0,22,3e-06,4.0,0.0,2,0,4.0,2.0,0
0,0,0.219923,54.0,188.0,1,1,0.2857142857142857,0.5,0
1,22,1.1e-05,6.0,6.0,1,1,0.8571428571428571,0.5,1
0,0,0.031196,144.0,192.0,4,2,0.7461139896373057,1.3333333333333333,0
0,0,0.000169,88.0,120.0,2,2,0.7272727272727273,0.6666666666666666,0
0,13,0.022088,48.0,48.0,1,1,0.979591836734694,0.5,0
0,0,0.060513,168.0,310.0,4,2,0.5401929260450161,1.3333333333333333,0
0,0,0.000391,94.0,220.0,2,2,0.4253393665158371,0.6666666666666666,0
0,3,115.740053,2730.0,450.0,16,15,6.053215077605321,1.0,0
0,0,0.000164,78.0,110.0,2,2,0.7027027027027027,0.6666666666666666,0
0,0,43.988689,112.0,206.0,2,2,0.5410628019323671,0.6666666666666666,0
0,5,19.531271,37.0,0.0,4,0,37.0,4.0,0
1,3,21.191551,0.0,0.0,2,0,0.0,2.0,3
0,0,0.000179,64.0,204.0,2,2,0.3121951219512195,0.6666666666666666,0
0,5,6.002931,364.0,3032.0,9,5,0.1200131882624464,1.5,0
0,5,117.994709,612.0,6460.0,14,14,0.0947221792292214,0.9333333333333332,0
0,3,0.051017,0.0,0.0,1,1,0.0,0.5,0
0,0,0.048833,116.0,154.0,4,2,0.7483870967741936,1.3333333333333333,0
0,5,0.174097,976.0,20575.0,18,20,0.0474339035769828,0.8571428571428571,0
0,0,0.000239,74.0,270.0,2,2,0.2730627306273063,0.6666666666666666,0
0,5,62.671487,5298.0,6755.0,28,21,0.7841918294849023,1.2727272727272727,0
0,5,0.035349,0.0,77.0,1,3,0.0,0.25,0
0,22,0.00011,4.0,12.0,2,2,0.3076923076923077,0.6666666666666666,0
0,5,0.569082,376.0,3788.0,7,7,0.099234626550541,0.875,0
0,0,0.051007,74.0,178.0,2,2,0.4134078212290503,0.6666666666666666,0
0,5,60.749917,943.0,3451.0,15,12,0.2731749710312862,1.1538461538461535,0
0,3,5.689609,12.0,0.0,3,1,12.0,1.5,0
1,21,7.4e-05,0.0,0.0,1,1,0.0,0.5,11
0,0,0.047141,56.0,446.0,2,2,0.1252796420581655,0.6666666666666666,0
0,22,4.6e-05,6.0,6.0,1,1,0.8571428571428571,0.5,0
0,0,0.03054,88.0,120.0,1,1,0.7272727272727273,0.5,0
0,5,2.583958,703.0,3950.0,9,11,0.1779296380663123,0.75,0
0,5,116.124638,20688.0,281029.0,125,171,0.0736149165569512,0.7267441860465116,0
0,5,61.196761,1976.0,6798.0,19,16,0.2906309751434034,1.1176470588235294,0
0,5,2.253784,37.0,0.0,3,0,37.0,3.0,0
0,0,7.927799,99.0,131.0,2,2,0.75,0.6666666666666666,0
1,1,9.093443,107.0,188.0,9,15,0.5661375661375662,0.5625,7
0,22,0.260229,6.0,392.0,1,1,0.015267175572519,0.5,0
0,5,9.930475,1167.0,399.0,7,5,2.9175,1.1666666666666667,0
0,0,0.102383,39.0,129.0,1,1,0.3,0.5,0
0,22,3e-06,31.0,0.0,2,0,31.0,2.0,0
1,21,12.605892,2008.0,2745.0,21,32,0.7312454479242535,0.6363636363636364,11
0,5,1.683828,0.0,0.0,3,3,0.0,0.75,0
0,22,101.884422,11613.0,56.0,7,8,203.73684210526315,0.7777777777777778,0
0,0,0.023715,56.0,84.0,1,1,0.6588235294117647,0.5,0
0,0,0.000186,94.0,206.0,2,2,0.4541062801932367,0.6666666666666666,0
0,0,0.000229,74.0,154.0,2,2,0.4774193548387097,0.6666666666666666,0
0,22,0.052296,365.0,0.0,5,4,365.0,1.0,0
0,0,0.000378,59.0,120.0,1,1,0.4876033057851239,0.5,0
1,22,4.4e-05,2.0,6.0,1,1,0.2857142857142857,0.5,10
0,5,0.001072,31.0,0.0,3,0,31.0,3.0,0
0,0,0.061075,41.0,119.0,1,1,0.3416666666666667,0.5,0
0,22,5.5e-05,0.0,0.0,1,1,0.0,0.5,0
0,0,0.000213,70.0,166.0,2,2,0.4191616766467065,0.6666666666666666,0
0,22,3e-06,12.0,0.0,2,0,12.0,2.0,0
0,22,78.069019,11607.0,68.0,6,10,168.2173913043478,0.5454545454545454,0
0,0,0.064456,132.0,278.0,4,2,0.4731182795698925,1.3333333333333333,0
0,0,0.00016,80.0,274.0,2,2,0.2909090909090909,0.6666666666666666,0
0,5,117.030314,1954.0,171053.0,78,110,0.0114232932290387,0.7027027027027027,0
0,22,0.173271,5632.0,12638.0,28,21,0.4456048738033072,1.2727272727272727,0
0,5,117.338308,992.0,11194.0,22,17,0.0886109870477891,1.2222222222222223,0
0,5,118.158549,974.0,5857.0,16,14,0.1662683509730283,1.0666666666666669,0
1,3,103.686683,2541.0,6.0,15,3,363.0,3.75,6
0,5,0.032127,12.0,0.0,2,0,12.0,2.0,0
0,22,3.942507,6.0,42.0,1,7,0.1395348837209302,0.125,0
0,5,5.042145,617.0,164.0,7,4,3.7393939393939393,1.4,0
0,0,0.048159,48.0,64.0,1,1,0.7384615384615385,0.5,0
0,0,0.048441,68.0,204.0,2,2,0.3317073170731707,0.6666666666666666,0
0,3,0.022985,0.0,0.0,1,1,0.0,0.5,0
0,12,0.008316,0.0,0.0,1,1,0.0,0.5,0
0,22,4.5e-05,0.0,0.0,1,1,0.0,0.5,0
0,0,0.033074,62.0,222.0,2,2,0.2780269058295964,0.6666666666666666,0
0,0,0.000245,126.0,382.0,2,2,0.3289817232375979,0.6666666666666666,0
0,5,5.479925,276.0,0.0,2,0,276.0,2.0,0
0,22,3e-05,0.0,0.0,1,1,0.0,0.5,0
0,22,8.1e-05,0.0,0.0,1,1,0.0,0.5,0
0,0,0.031132,132.0,98.0,4,2,1.3333333333333333,1.3333333333333333,0
0,22,9.7e-05,4.0,12.0,2,2,0.3076923076923077,0.6666666666666666,0
0,5,2.012139,2568.0,2676.0,8,7,0.959282779230482,1.0,0
0,0,0.061073,62.0,246.0,2,2,0.2510121457489878,0.6666666666666666,0
1,3,0.11164,26.0,11607.0,3,6,0.0022398345968297,0.4285714285714285,2
0,0,0.082971,78.0,268.0,2,2,0.2899628252788104,0.6666666666666666,0
0,0,26.87659,161.0,358.0,3,3,0.4484679665738161,0.75,0
0,0,0.023799,68.0,138.0,2,2,0.4892086330935252,0.6666666666666666,0
0,0,0.000272,68.0,132.0,2,2,0.5112781954887218,0.6666666666666666,0
0,5,0.195979,1944.0,4064.0,12,8,0.4782287822878229,1.3333333333333333,0
0,19,1.834057,1378.0,4520.0,17,24,0.3047998230479982,0.68,0
0,5,83.606076,1793.0,4204.0,14,10,0.4263971462544589,1.2727272727272727,0
0,0,0.167874,164.0,286.0,4,2,0.5714285714285714,1.3333333333333333,0
0,22,6.4e-05,4.0,12.0,2,2,0.3076923076923077,0.6666666666666666,0
0,0,0.000168,70.0,102.0,2,2,0.6796116504854369,0.6666666666666666,0
0,0,0.068404,148.0,276.0,4,4,0.5342960288808665,0.8,0
0,5,0.17563,1433.0,3952.0,13,8,0.3625094864659752,1.4444444444444444,0
0,0,0.03309,180.0,212.0,4,2,0.8450704225352113,1.3333333333333333,0
0,22,2e-06,617.0,0.0,2,0,617.0,2.0,0
0,22,0.036366,0.0,0.0,2,1,0.0,1.0,0
0,22,5.4e-05,0.0,0.0,1,1,0.0,0.5,0
0,22,0.003573,12.0,0.0,2,0,12.0,2.0,0
0,22,100.114899,11595.0,680.0,8,7,17.026431718061673,1.0,0
0,22,9.1e-05,0.0,0.0,1,1,0.0,0.5,0
0,5,61.194285,680.0,3246.0,16,12,0.2094240837696335,1.2307692307692308,0
0,3,5.08687,0.0,0.0,3,1,0.0,1.5,0
0,3,5.197012,12.0,0.0,3,1,12.0,1.5,0
0,0,0.048326,64.0,120.0,2,2,0.5289256198347108,0.6666666666666666,0
0,0,0.071901,70.0,406.0,2,2,0.171990171990172,0.6666666666666666,0
0,0,0.000176,84.0,116.0,2,2,0.717948717948718,0.6666666666666666,0
0,0,0.030562,52.0,68.0,1,1,0.7536231884057971,0.5,0
0,0,0.031288,40.0,72.0,1,1,0.547945205479452,0.5,0
0,0,0.024074,72.0,328.0,2,2,0.2188449848024316,0.6666666666666666,0
0,3,5.991498,0.0,0.0,3,1,0.0,1.5,0
0,22,0.009768,280.0,6.0,2,1,40.0,1.0,0
0,0,0.00028,78.0,110.0,2,2,0.7027027027027027,0.6666666666666666,0
0,0,0.000152,88.0,120.0,2,2,0.7272727272727273,0.6666666666666666,0
0,0,0.061706,188.0,508.0,4,4,0.3693516699410609,0.8,0
0,5,0.127779,6.0,6.0,1,1,0.8571428571428571,0.5,0
0,22,3e-06,0.0,0.0,1,1,0.0,0.5,0
0,0,0.000214,72.0,104.0,2,2,0.6857142857142857,0.6666666666666666,0
0,5,6.090328,1469.0,48521.0,26,30,0.0302749268373109,0.8387096774193549,0
0,0,0.000129,90.0,172.0,2,2,0.5202312138728323,0.6666666666666666,0
0,5,0.234732,376.0,3508.0,7,5,0.1071530350527215,1.1666666666666667,0
0,5,10.824238,667.0,3736.0,7,6,0.1784854161091784,1.0,0
0,0,0.030753,51.0,179.0,1,1,0.2833333333333333,0.5,0
0,21,1.302925,2664.0,6954.0,41,44,0.3830337886412652,0.9111111111111112,0
0,0,0.016257,160.0,224.0,4,4,0.7111111111111111,0.8,0
0,0,0.031101,64.0,120.0,2,2,0.5289256198347108,0.6666666666666666,0
0,22,2.1e-05,77.0,0.0,3,0,77.0,3.0,0
0,5,4.360283,43.0,0.0,3,1,43.0,1.5,0
0,22,0.00052,0.0,0.0,2,0,0.0,2.0,0
0,5,105.899729,2685.0,19644.0,33,44,0.1366759989819292,0.7333333333333333,0
0,22,0.000117,6.0,6.0,1,1,0.8571428571428571,0.5,0
0,3,5.200346,0.0,0.0,3,1,0.0,1.5,0
0,22,7.045341,6.0,30.0,1,5,0.1935483870967742,0.1666666666666666,0
0,22,4.9e-05,6.0,12.0,1,2,0.4615384615384615,0.3333333333333333,0
0,1,0.159336,176.0,436.0,30,25,0.4027459954233409,1.1538461538461535,0
0,0,0.000166,94.0,126.0,2,2,0.7401574803149606,0.6666666666666666,0
0,22,0.000155,0.0,0.0,1,1,0.0,0.5,0
0,3,0.122721,671.0,542.0,5,3,1.2357274401473295,1.25,0
1,3,84.208001,324.0,11595.0,7,6,0.0279406691962745,1.0,4
0,5,0.000111,0.0,0.0,3,1,0.0,1.5,0
0,22,4e-06,37.0,0.0,2,0,37.0,2.0,0
0,0,0.000137,74.0,138.0,2,2,0.5323741007194245,0.6666666666666666,0
0,22,0.000237,0.0,0.0,1,1,0.0,0.5,0
0,0,0.000348,64.0,200.0,2,2,0.3184079601990049,0.6666666666666666,0
0,0,0.000146,82.0,114.0,2,2,0.7130434782608696,0.6666666666666666,0
0,0,0.115211,68.0,278.0,2,2,0.2437275985663082,0.6666666666666666,0
0,13,0.00019,96.0,96.0,2,2,0.9896907216494846,0.6666666666666666,0
0,5,0.09509,0.0,0.0,1,1,0.0,0.5,0
0,0,0.157875,44.0,234.0,1,1,0.1872340425531914,0.5,0
0,22,0.0001,6.0,6.0,1,1,0.8571428571428571,0.5,0
0,5,0.000121,0.0,0.0,1,1,0.0,0.5,0
0,22,0.000323,0.0,0.0,2,0,0.0,2.0,0
0,5,0.210558,871.0,165443.0,36,108,0.0052646212615749,0.3302752293577982,0
0,0,0.000202,92.0,284.0,2,2,0.3228070175438596,0.6666666666666666,0
0,21,1.335436,2664.0,6954.0,43,40,0.3830337886412652,1.048780487804878,0
0,0,0.000175,64.0,96.0,2,2,0.6597938144329897,0.6666666666666666,0
0,0,0.000189,46.0,46.0,2,2,0.9787234042553192,0.6666666666666666,0
0,0,0.023599,33.0,102.0,1,1,0.3203883495145631,0.5,0
0,22,5.6e-05,0.0,0.0,1,1,0.0,0.5,0
0,5,115.62094,2225.0,8249.0,23,21,0.2696969696969697,1.0454545454545454,0
0,0,0.048158,48.0,98.0,1,1,0.4848484848484848,0.5,0
0,0,4.273136,194.0,532.0,4,4,0.3639774859287054,0.8,0
0,5,3.087629,1053.0,3604.0,7,7,0.2920943134535367,0.875,0
0,22,4.2e-05,31.0,0.0,2,0,31.0,2.0,0
0,0,0.023564,57.0,118.0,1,1,0.4789915966386555,0.5,0
0,0,0.000385,66.0,194.0,2,2,0.3384615384615385,0.6666666666666666,0
0,5,0.012324,0.0,0.0,3,0,0.0,3.0,0
0,3,0.212365,6.0,6.0,1,2,0.8571428571428571,0.3333333333333333,0
0,0,0.000182,94.0,206.0,2,2,0.4541062801932367,0.6666666666666666,0
0,0,0.060512,64.0,117.0,1,1,0.5423728813559322,0.5,0
0,3,0.940014,427.0,2265.0,4,5,0.1884377758164166,0.6666666666666666,0
0,13,0.09416,48.0,48.0,1,1,0.979591836734694,0.5,0
0,0,0.03107,51.0,179.0,1,1,0.2833333333333333,0.5,0
1,3,63.138316,0.0,0.0,7,0,0.0,7.0,5
1,3,32.061505,222.0,487.0,9,8,0.4549180327868852,1.0,6
0,22,3e-06,12.0,0.0,2,0,12.0,2.0,0
0,22,0.000769,0.0,0.0,1,1,0.0,0.5,0
0,5,16.243526,3124.0,6269.0,19,15,0.4982456140350877,1.1875,0
0,0,0.024711,50.0,178.0,1,1,0.2793296089385474,0.5,0
0,0,0.000191,86.0,208.0,2,2,0.4114832535885167,0.6666666666666666,0
0,5,0.015005,0.0,0.0,2,1,0.0,1.0,0
0,5,0.409852,553.0,6302.0,10,9,0.0877359987307631,1.0,0
0,0,0.000198,76.0,108.0,2,2,0.6972477064220184,0.6666666666666666,0
0,3,0.045323,12.0,0.0,2,0,12.0,2.0,0
1,3,0.001287,0.0,0.0,4,0,0.0,4.0,4
0,0,0.030706,54.0,70.0,1,1,0.7605633802816901,0.5,0
0,0,0.000193,92.0,284.0,2,2,0.3228070175438596,0.6666666666666666,0
0,0,0.052867,42.0,58.0,1,1,0.711864406779661,0.5,0
0,22,0.100597,0.0,18.0,2,3,0.0,0.5,0
0,3,0.000767,0.0,0.0,2,0,0.0,2.0,0
0,5,0.077922,123.0,133.0,2,1,0.917910447761194,1.0,0
0,22,4.9e-05,4.0,0.0,2,0,4.0,2.0,0
0,5,0.427492,0.0,0.0,3,0,0.0,3.0,0
0,0,0.047122,76.0,474.0,2,2,0.16,0.6666666666666666,0
0,3,117.800087,1466.0,22042.0,24,29,0.0665063739055482,0.8,0
0,0,0.24004,50.0,166.0,2,2,0.2994011976047904,0.6666666666666666,0
0,22,3.2e-05,0.0,0.0,1,1,0.0,0.5,0
0,0,0.068897,49.0,114.0,1,1,0.4260869565217391,0.5,0
0,3,0.144901,429.0,2267.0,4,5,0.1891534391534391,0.6666666666666666,0
0,5,118.240628,1413.0,56086.0,38,55,0.0251930037263537,0.6785714285714286,0
0,0,0.000434,53.0,109.0,1,1,0.4818181818181818,0.5,0
0,22,4.9e-05,0.0,0.0,1,2,0.0,0.3333333333333333,0
0,0,0.063124,51.0,147.0,1,1,0.3445945945945945,0.5,0
0,0,0.000175,46.0,46.0,2,2,0.9787234042553192,0.6666666666666666,0
0,22,3e-06,43.0,0.0,2,0,43.0,2.0,0
0,3,0.000349,12.0,0.0,2,0,12.0,2.0,0
0,0,0.061047,220.0,452.0,4,2,0.4856512141280353,1.3333333333333333,0
0,22,4.9e-05,4.0,0.0,2,0,4.0,2.0,0
0,22,3.7e-05,0.0,0.0,1,1,0.0,0.5,0
0,0,107.343782,94.0,206.0,2,2,0.4541062801932367,0.6666666666666666,0
0,22,4e-06,12.0,0.0,2,0,12.0,2.0,0
0,0,0.000193,82.0,210.0,2,2,0.3886255924170616,0.6666666666666666,0
0,0,0.000244,68.0,380.0,2,2,0.1784776902887139,0.6666666666666666,0
0,0,0.000214,72.0,128.0,2,2,0.5581395348837209,0.6666666666666666,0
0,3,0.103176,984.0,498.0,5,3,1.971943887775551,1.25,0
0,22,2e-05,6.0,6.0,1,1,0.8571428571428571,0.5,0
0,0,0.030937,168.0,162.0,4,2,1.030674846625767,1.3333333333333333,0
0,0,0.000225,102.0,224.0,2,2,0.4533333333333333,0.6666666666666666,0
0,5,3e-06,12.0,0.0,2,0,12.0,2.0,0
0,0,0.000225,66.0,252.0,2,2,0.2608695652173913,0.6666666666666666,0
0,0,0.112577,45.0,61.0,1,1,0.7258064516129032,0.5,0
0,3,0.023482,6.0,6.0,1,1,0.8571428571428571,0.5,0
0,0,0.048048,78.0,488.0,2,2,0.1595092024539877,0.6666666666666666,0
0,22,4e-06,37.0,0.0,3,0,37.0,3.0,0
0,22,3e-06,0.0,0.0,2,0,0.0,2.0,0
0,5,115.954703,866.0,15764.0,23,23,0.0549318109736758,0.9583333333333334,0
1,3,3.397368,24.0,0.0,4,0,24.0,4.0,2
0,0,0.119224,78.0,180.0,2,2,0.430939226519337,0.6666666666666666,0
0,0,0.023784,84.0,214.0,2,2,0.3906976744186046,0.6666666666666666,0
0,5,0.001033,37.0,0.0,4,0,37.0,4.0,0
0,0,0.023872,78.0,334.0,2,2,0.2328358208955223,0.6666666666666666,0
0,0,0.00016,88.0,188.0,2,2,0.4656084656084656,0.6666666666666666,0
0,5,104.576987,37.0,0.0,3,0,37.0,3.0,0
0,0,0.108116,46.0,143.0,1,1,0.3194444444444444,0.5,0
0,21,0.000155,0.0,0.0,1,1,0.0,0.5,0
0,0,0.000287,64.0,288.0,2,2,0.2214532871972318,0.6666666666666666,0
0,0,0.023144,47.0,63.0,1,1,0.734375,0.5,0
0,21,1.579414,2686.0,6718.0,35,40,0.3997618693257925,0.8536585365853658,0
0,5,115.8503,1886.0,36847.0,33,38,0.051183239253148,0.8461538461538461,0
0,0,0.000565,56.0,72.0,1,1,0.7671232876712328,0.5,0
0,5,118.025376,1115.0,19885.0,27,28,0.0560695967011968,0.9310344827586208,0
0,0,0.045267,43.0,82.0,1,1,0.5180722891566265,0.5,0
1,4,0.223437,216.0,141.0,5,4,1.5211267605633805,1.0,1
1,3,99.999361,16.0,0.0,2,2,16.0,0.6666666666666666,6
0,22,4.7e-05,4.0,0.0,2,0,4.0,2.0,0
0,22,3e-06,12.0,0.0,2,0,12.0,2.0,0
0,3,110.795245,656.0,934.0,16,15,0.7016042780748664,1.0,0
0,3,0.11085,0.0,0.0,3,0,0.0,3.0,0
0,5,0.10176,1257.0,41029.0,20,26,0.0306361199122593,0.7407407407407407,0
0,5,65.011069,880.0,7035.0,16,15,0.1250710631040363,1.0,0
0,0,0.030764,45.0,61.0,1,1,0.7258064516129032,0.5,0
0,0,0.121311,204.0,438.0,4,2,0.4646924829157175,1.3333333333333333,0
0,0,0.000185,62.0,254.0,2,2,0.2431372549019607,0.6666666666666666,0
0,0,0.000179,72.0,104.0,2,2,0.6857142857142857,0.6666666666666666,0
0,22,2.984757,6.0,36.0,1,6,0.1621621621621621,0.1428571428571428,0
0,5,1e-06,0.0,0.0,2,0,0.0,2.0,0
0,22,0.000179,0.0,0.0,1,1,0.0,0.5,0
0,22,3e-06,31.0,0.0,2,0,31.0,2.0,0
0,0,0.000492,66.0,143.0,1,1,0.4583333333333333,0.5,0
0,22,0.018675,0.0,12.0,2,2,0.0,0.6666666666666666,0
0,5,0.558303,382.0,3788.0,8,7,0.1008181578252837,1.0,0
0,5,61.056677,605.0,8512.0,15,14,0.0710677786914131,1.0,0
0,0,0.030774,56.0,72.0,1,1,0.7671232876712328,0.5,0
0,0,0.04727,66.0,426.0,2,2,0.1545667447306791,0.6666666666666666,0
0,22,4.051826,6.0,36.0,1,6,0.1621621621621621,0.1428571428571428,0
0,3,5.362469,0.0,0.0,3,1,0.0,1.5,0
0,22,1.7e-05,6.0,6.0,1,1,0.8571428571428571,0.5,0
0,8,2e-06,4.0,12.0,2,2,0.3076923076923077,0.6666666666666666,0
0,5,115.366928,990.0,33113.0,31,37,0.029896720420366,0.8157894736842105,0
0,13,66.036503,96.0,96.0,2,2,0.9896907216494846,0.6666666666666666,0
0,5,0.294065,871.0,39643.0,19,29,0.021970537786298,0.6333333333333333,0
1,3,63.082962,0.0,0.0,7,0,0.0,7.0,5
0,0,0.031826,64.0,340.0,2,2,0.187683284457478,0.6666666666666666,0
0,5,0.001987,6.0,6.0,1,1,0.8571428571428571,0.5,0
0,5,5.855331,347.0,5045.0,8,5,0.0687673404676971,1.3333333333333333,0
0,0,0.075578,180.0,304.0,4,4,0.5901639344262295,0.8,0
0,0,0.08646,74.0,268.0,2,2,0.275092936802974,0.6666666666666666,0
0,5,0.000569,0.0,0.0,2,0,0.0,2.0,0
0,3,115.469192,434.0,1963.0,17,15,0.2209775967413442,1.0625,0
0,5,0.287461,1328.0,1119.0,10,5,1.1857142857142855,1.6666666666666667,0
0,22,8.1e-05,0.0,0.0,1,1,0.0,0.5,0
0,0,0.000315,82.0,276.0,2,2,0.296028880866426,0.6666666666666666,0
0,5,4e-06,12.0,0.0,2,0,12.0,2.0,0
0,0,0.109102,45.0,216.0,1,1,0.2073732718894009,0.5,0
0,22,0.042007,12.0,6.0,2,1,1.7142857142857142,1.0,0
0,0,0.023265,45.0,110.0,1,1,0.4054054054054054,0.5,0
0,5,118.014035,2023.0,2272.0,19,18,0.8900131984161901,1.0,0
0,0,0.000199,76.0,108.0,2,2,0.6972477064220184,0.6666666666666666,0
1,3,63.115871,0.0,0.0,2,0,0.0,2.0,3
0,3,80.261664,434.0,1770.0,11,11,0.2450592885375494,0.9166666666666666,0
0,22,0.000207,37.0,6.0,2,1,5.285714285714286,1.0,0
0,0,0.252545,42.0,115.0,1,1,0.3620689655172414,0.5,0
1,22,4.4e-05,2.0,6.0,1,1,0.2857142857142857,0.5,10
0,0,0.048144,152.0,198.0,4,2,0.7638190954773869,1.3333333333333333,0
0,3,5.29768,0.0,0.0,4,2,0.0,1.3333333333333333,0
0,5,0.148323,492.0,4561.0,10,9,0.1078474353353792,1.0,0
0,0,0.000244,146.0,402.0,2,2,0.3622828784119106,0.6666666666666666,0
0,22,4e-06,0.0,0.0,2,0,0.0,2.0,0
0,5,0.149779,376.0,3508.0,7,5,0.1071530350527215,1.1666666666666667,0
1,21,7.5e-05,0.0,0.0,1,1,0.0,0.5,11
0,22,0.000103,6.0,6.0,1,1,0.8571428571428571,0.5,0
0,5,28.941252,4371.0,604.0,12,7,7.224793388429752,1.5,0
0,22,3e-06,0.0,0.0,2,0,0.0,2.0,0
0,22,4.9e-05,4.0,0.0,2,0,4.0,2.0,0
0,22,0.009121,43.0,6.0,3,1,6.142857142857143,1.5,0
1,22,7.3e-05,6.0,6.0,1,1,0.8571428571428571,0.5,1
0,13,67.016092,96.0,96.0,2,2,0.9896907216494846,0.6666666666666666,0
0,3,118.992562,528.0,985.0,17,15,0.5354969574036511,1.0625,0
0,0,0.282813,48.0,154.0,1,1,0.3096774193548387,0.5,0
0,3,0.232931,0.0,0.0,3,0,0.0,3.0,0
0,5,10.971362,1626.0,7943.0,9,11,0.2046827794561933,0.75,0
0,0,0.061473,144.0,192.0,4,2,0.7461139896373057,1.3333333333333333,0
0,22,6.9e-05,4.0,12.0,2,2,0.3076923076923077,0.6666666666666666,0
0,5,0.218426,1293.0,6554.0,11,9,0.197254004576659,1.1,0
0,0,0.000242,70.0,264.0,2,2,0.2641509433962264,0.6666666666666666,0
0,0,0.030899,192.0,340.0,4,4,0.5630498533724341,0.8,0
0,0,0.228726,58.0,150.0,2,2,0.3841059602649007,0.6666666666666666,0
0,0,0.061411,48.0,173.0,1,1,0.2758620689655172,0.5,0
1,21,11.055161,2008.0,2745.0,21,32,0.7312454479242535,0.6363636363636364,11
0,5,3e-06,0.0,0.0,2,0,0.0,2.0,0
0,3,115.6618,532.0,14872.0,21,23,0.0357695152289383,0.875,0
0,0,0.023992,140.0,306.0,4,2,0.4560260586319218,1.3333333333333333,0
0,22,4.9e-05,0.0,0.0,1,1,0.0,0.5,0
0,5,0.454533,891.0,8117.0,8,8,0.1097560975609756,0.8888888888888888,0
0,0,0.0002,76.0,172.0,2,2,0.4393063583815029,0.6666666666666666,0
0,0,0.06426,128.0,272.0,4,2,0.4688644688644688,1.3333333333333333,0
0,22,3e-06,4.0,0.0,2,0,4.0,2.0,0
0,0,0.048167,55.0,112.0,1,1,0.4867256637168141,0.5,0
0,3,0.001516,0.0,0.0,2,0,0.0,2.0,0
0,22,9.973822,1375.0,24.0,1,5,55.0,0.1666666666666666,0
0,0,0.00021,62.0,94.0,2,2,0.6526315789473685,0.6666666666666666,0
0,5,116.053414,1060.0,429.0,20,16,2.4651162790697674,1.1764705882352942,0
0,13,68.080935,96.0,96.0,2,2,0.9896907216494846,0.6666666666666666,0
0,5,5.260832,599.0,152.0,6,4,3.915032679738562,1.2,0
0,0,0.061189,54.0,146.0,1,1,0.3673469387755102,0.5,0
0,0,0.155455,168.0,162.0,4,2,1.030674846625767,1.3333333333333333,0
0,0,0.000188,78.0,180.0,2,2,0.430939226519337,0.6666666666666666,0
0,5,60.458494,7460.0,3429.0,16,14,2.174927113702624,1.0666666666666669,0
0,11,3e-06,124.0,0.0,2,0,124.0,2.0,0
0,5,117.549602,909.0,22291.0,20,26,0.0407769603445182,0.7407407407407407,0
1,1,4e-06,14.0,0.0,2,0,14.0,2.0,7
0,0,0.061497,56.0,120.0,2,2,0.4628099173553719,0.6666666666666666,0
0,0,0.303064,42.0,127.0,1,1,0.328125,0.5,0
0,3,116.017071,495.0,1772.0,16,14,0.2791878172588832,1.0666666666666669,0
0,0,0.031502,52.0,80.0,1,1,0.6419753086419753,0.5,0
1,4,1.015739,0.0,18.0,3,3,0.0,0.75,1
0,5,118.095937,613.0,4052.0,13,12,0.1512459906242289,1.0,0
0,5,5.74874,611.0,164.0,6,4,3.703030303030303,1.2,0
0,5,2.507601,1042.0,4364.0,13,8,0.2387170675830469,1.4444444444444444,0
0,0,0.000156,64.0,96.0,2,2,0.6597938144329897,0.6666666666666666,0
0,5,1.83412,0.0,0.0,3,1,0.0,1.5,0
0,22,3e-06,12.0,0.0,2,0,12.0,2.0,0
0,22,0.011639,43.0,0.0,3,0,43.0,3.0,0
0,0,0.02381,58.0,202.0,2,2,0.2857142857142857,0.6666666666666666,0
0,0,0.032048,58.0,126.0,1,1,0.4566929133858268,0.5,0
0,5,0.119114,12.0,0.0,2,1,12.0,1.0,0
0,0,0.000406,46.0,46.0,2,2,0.9787234042553192,0.6666666666666666,0
0,0,0.108506,108.0,228.0,2,2,0.4716157205240174,0.6666666666666666,0
0,0,0.164362,62.0,136.0,2,2,0.4525547445255474,0.6666666666666666,0
0,5,0.326798,376.0,3508.0,7,5,0.1071530350527215,1.1666666666666667,0
0,22,1e-06,12.0,0.0,2,0,12.0,2.0,0
0,22,0.000429,12.0,0.0,2,0,12.0,2.0,0
0,22,9e-06,0.0,0.0,1,1,0.0,0.5,0
0,22,3e-06,0.0,0.0,1,1,0.0,0.5,0
0,0,0.000207,112.0,368.0,2,2,0.3035230352303523,0.6666666666666666,0
0,0,0.121525,98.0,222.0,2,2,0.4394618834080717,0.6666666666666666,0
0,0,0.030773,90.0,252.0,2,2,0.3557312252964427,0.6666666666666666,0
0,0,0.030642,51.0,67.0,1,1,0.75,0.5,0
0,22,2e-06,0.0,0.0,2,0,0.0,2.0,0
0,0,0.030267,66.0,98.0,1,1,0.6666666666666666,0.5,0
0,22,0.001257,12.0,0.0,2,0,12.0,2.0,0
1,3,3.00359,0.0,0.0,3,0,0.0,3.0,6
0,22,0.004904,49.0,0.0,4,0,49.0,4.0,0
0,0,0.000175,64.0,158.0,2,2,0.4025157232704403,0.6666666666666666,0
0,5,8.721611,874.0,0.0,4,0,874.0,4.0,0
0,0,0.306627,43.0,59.0,1,1,0.7166666666666667,0.5,0
0,3,115.989869,432.0,1774.0,17,15,0.2433802816901408,1.0625,0
0,0,0.046785,152.0,376.0,4,2,0.403183023872679,1.3333333333333333,0
0,5,0.220681,809.0,20150.0,19,17,0.0401468909731526,1.0555555555555556,0
0,0,0.000135,72.0,522.0,2,2,0.1376673040152963,0.6666666666666666,0
0,0,0.032056,204.0,210.0,4,2,0.966824644549763,1.3333333333333333,0
0,0,0.000422,63.0,123.0,1,1,0.5080645161290323,0.5,0
0,5,0.000345,6.0,6.0,1,1,0.8571428571428571,0.5,0
0,5,0.004832,6.0,6.0,1,1,0.8571428571428571,0.5,0
0,3,5.862962,12.0,0.0,3,1,12.0,1.5,0
0,3,0.201109,0.0,0.0,1,1,0.0,0.5,0
0,0,0.175491,43.0,59.0,1,1,0.7166666666666667,0.5,0
0,0,0.000207,46.0,46.0,2,2,0.9787234042553192,0.6666666666666666,0
1,3,0.209269,217.0,181.0,6,5,1.1923076923076923,1.0,10
0,3,0.036342,0.0,0.0,1,1,0.0,0.5,0
0,22,3e-06,0.0,0.0,2,0,0.0,2.0,0
0,3,5.954507,0.0,0.0,3,1,0.0,1.5,0
0,0,0.031277,50.0,131.0,1,1,0.3787878787878788,0.5,0
0,0,0.097009,62.0,148.0,2,2,0.4161073825503356,0.6666666666666666,0
0,5,1e-06,6.0,6.0,1,1,0.8571428571428571,0.5,0
0,5,0.228113,12.0,0.0,2,1,12.0,1.0,0
1,21,12.715074,1355.0,1907.0,15,17,0.710167714884696,0.8333333333333334,11
0,0,1.725076,62.0,446.0,2,2,0.1387024608501118,0.6666666666666666,0
0,0,0.000141,72.0,104.0,2,2,0.6857142857142857,0.6666666666666666,0
0,0,0.061352,76.0,474.0,2,2,0.16,0.6666666666666666,0
0,3,117.450757,6363.0,345150.0,141,199,0.018435409429496,0.705,0
0,0,0.283326,140.0,328.0,4,4,0.425531914893617,0.8,0
0,3,117.320454,3480.0,5968.0,30,21,0.5830122298542469,1.3636363636363635,0
0,22,5.2e-05,0.0,0.0,1,1,0.0,0.5,0
0,0,0.030155,40.0,72.0,1,1,0.547945205479452,0.5,0
0,0,0.000237,76.0,196.0,2,2,0.3857868020304568,0.6666666666666666,0
0,0,0.023674,79.0,207.0,1,1,0.3798076923076923,0.5,0
0,22,6.5e-05,4.0,12.0,2,2,0.3076923076923077,0.6666666666666666,0
0,0,0.000173,76.0,236.0,2,2,0.3206751054852321,0.6666666666666666,0
0,0,17.357011,93.0,198.0,2,2,0.4673366834170854,0.6666666666666666,0
0,22,3.9e-05,0.0,0.0,1,1,0.0,0.5,0
0,22,0.000257,37.0,6.0,2,1,5.285714285714286,1.0,0
0,0,0.306779,58.0,90.0,2,2,0.6373626373626373,0.6666666666666666,0
0,0,0.061032,120.0,264.0,4,2,0.4528301886792453,1.3333333333333333,0
0,0,0.048838,44.0,76.0,1,1,0.5714285714285714,0.5,0
0,5,5.387568,613.0,2694.0,8,6,0.2274582560296846,1.1428571428571428,0
0,0,0.000195,162.0,262.0,2,2,0.6159695817490495,0.6666666666666666,0
0,22,0.060892,12.0,6.0,2,1,1.7142857142857142,1.0,0
0,22,0.416788,11601.0,26.0,6,2,429.6666666666667,2.0,0
0,5,5.699213,343.0,153.0,7,4,2.227272727272727,1.4,0
0,0,0.000559,74.0,198.0,2,2,0.371859296482412,0.6666666666666666,0
0,22,5.3e-05,6.0,6.0,1,1,0.8571428571428571,0.5,0
0,0,0.060679,64.0,117.0,1,1,0.5423728813559322,0.5,0
0,3,1.915008,2817.0,5113.0,10,10,0.5508408290965976,0.9090909090909092,0
0,0,0.04889,76.0,220.0,2,2,0.3438914027149321,0.6666666666666666,0
0,0,0.000192,80.0,112.0,2,2,0.7079646017699115,0.6666666666666666,0
0,22,78.438112,12982.0,56.0,6,9,227.75438596491227,0.6,0
0,5,1.338038,0.0,0.0,3,1,0.0,1.5,0
0,0,0.061621,53.0,120.0,1,1,0.4380165289256198,0.5,0
0,5,1e-06,12.0,0.0,2,0,12.0,2.0,0
0,0,0.090373,76.0,218.0,2,2,0.3470319634703196,0.6666666666666666,0
0,5,0.224787,0.0,0.0,1,1,0.0,0.5,0
0,5,106.621799,1909.0,528383.0,193,248,0.0036129027374031,0.7751004016064257,0
0,22,0.000158,0.0,0.0,1,3,0.0,0.25,0
0,22,4e-06,12.0,0.0,2,0,12.0,2.0,0
0,22,2.4e-05,6.0,6.0,1,1,0.8571428571428571,0.5,0
0,3,6.3e-05,0.0,0.0,2,0,0.0,2.0,0
0,22,3e-06,0.0,0.0,2,0,0.0,2.0,0
0,0,0.000188,90.0,140.0,2,2,0.6382978723404256,0.6666666666666666,0
0,22,1.1e-05,0.0,0.0,1,1,0.0,0.5,0
0,0,0.024625,60.0,344.0,2,2,0.1739130434782608,0.6666666666666666,0
0,0,0.000185,78.0,142.0,2,2,0.5454545454545454,0.6666666666666666,0
0,22,20.833947,0.0,187.0,1,2,0.0,0.3333333333333333,0
0,5,0.003905,0.0,0.0,2,0,0.0,2.0,0
1,3,102.69917,2541.0,6.0,14,3,363.0,3.5,6
0,0,0.030813,44.0,129.0,1,1,0.3384615384615385,0.5,0
0,0,0.13893,42.0,147.0,1,1,0.2837837837837837,0.5,0
0,0,1.243814,45.0,108.0,1,1,0.4128440366972477,0.5,0
0,0,0.067825,80.0,144.0,2,2,0.5517241379310345,0.6666666666666666,0
0,5,0.001504,0.0,0.0,2,0,0.0,2.0,0
0,5,3e-06,12.0,0.0,2,0,12.0,2.0,0
0,3,75.055496,301.0,6185.0,12,15,0.0486582605884254,0.75,0
0,22,0.002425,0.0,0.0,2,0,0.0,2.0,0
0,0,0.076538,51.0,67.0,1,1,0.75,0.5,0
0,0,14.634981,99.0,422.0,2,2,0.2340425531914893,0.6666666666666666,0
0,22,5.8e-05,201.0,6.0,1,1,28.714285714285715,0.5,0
0,5,5.080473,376.0,2943.0,8,5,0.1277173913043478,1.3333333333333333,0
0,22,4.8e-05,12.0,4.0,2,2,2.4,0.6666666666666666,0
0,0,0.060542,90.0,146.0,2,2,0.6122448979591837,0.6666666666666666,0
0,0,0.000169,76.0,154.0,2,2,0.4903225806451612,0.6666666666666666,0
0,5,3.053955,3283.0,430.0,7,5,7.617169373549884,1.1666666666666667,0
0,22,4e-06,0.0,0.0,2,0,0.0,2.0,0
0,22,3.5e-05,0.0,0.0,1,1,0.0,0.5,0
0,0,0.061655,60.0,264.0,2,2,0.2264150943396226,0.6666666666666666,0
0,3,0.001065,0.0,0.0,2,0,0.0,2.0,0
0,5,1.088617,736.0,975.0,11,4,0.7540983606557377,2.2,0
0,0,0.000163,94.0,126.0,2,2,0.7401574803149606,0.6666666666666666,0
0,0,0.030232,56.0,72.0,1,1,0.7671232876712328,0.5,0
0,0,0.047598,50.0,66.0,1,1,0.746268656716418,0.5,0
0,3,116.27655,1305.0,2238.0,20,16,0.5828494863778473,1.1764705882352942,0
0,22,4.5e-05,6.0,6.0,1,1,0.8571428571428571,0.5,0
0,0,0.030723,49.0,91.0,1,1,0.532608695652174,0.5,0
0,0,0.050551,80.0,174.0,2,2,0.4571428571428571,0.6666666666666666,0
0,5,1.67894,0.0,0.0,3,3,0.0,0.75,0
0,22,7e-05,0.0,0.0,1,1,0.0,0.5,0
0,5,60.245465,5036.0,5742.0,14,11,0.8768936096117012,1.1666666666666667,0
0,22,9.5e-05,0.0,0.0,1,1,0.0,0.5,0
0,0,0.180649,66.0,234.0,2,2,0.2808510638297872,0.6666666666666666,0
0,3,0.059595,435.0,870.0,3,4,0.4994259471871412,0.6,0
0,22,0.245396,37.0,18.0,2,3,1.947368421052632,0.5,0
0,22,3e-06,4.0,0.0,2,0,4.0,2.0,0
0,0,0.00024,84.0,412.0,2,2,0.2033898305084746,0.6666666666666666,0
0,22,5.1e-05,0.0,0.0,1,1,0.0,0.5,0
0,0,0.023877,70.0,102.0,2,2,0.6796116504854369,0.6666666666666666,0
0,0,0.000206,112.0,368.0,2,2,0.3035230352303523,0.6666666666666666,0
0,0,0.000203,86.0,322.0,2,2,0.2662538699690402,0.6666666666666666,0
0,22,0.000117,0.0,0.0,1,1,0.0,0.5,0
0,0,0.024148,60.0,264.0,2,2,0.2264150943396226,0.6666666666666666,0
0,0,0.031498,92.0,230.0,2,2,0.3982683982683982,0.6666666666666666,0
0,0,0.000201,90.0,122.0,2,2,0.7317073170731707,0.6666666666666666,0
0,0,0.000267,66.0,386.0,2,2,0.1705426356589147,0.6666666666666666,0
0,0,0.051597,70.0,102.0,2,2,0.6796116504854369,0.6666666666666666,0
0,0,0.030689,52.0,68.0,1,1,0.7536231884057971,0.5,0
0,22,4e-06,12.0,0.0,2,0,12.0,2.0,0
0,5,60.780706,3070.0,5322.0,16,15,0.5767424384745444,1.0,0
0,0,0.00016,88.0,120.0,2,2,0.7272727272727273,0.6666666666666666,0
0,0,0.099981,54.0,156.0,1,1,0.3439490445859872,0.5,0
0,0,0.251691,49.0,147.0,1,1,0.3310810810810811,0.5,0
0,0,0.000153,90.0,122.0,2,2,0.7317073170731707,0.6666666666666666,0
0,0,0.050373,49.0,65.0,1,1,0.7424242424242424,0.5,0
0,0,0.000159,86.0,118.0,2,2,0.7226890756302521,0.6666666666666666,0
0,22,0.00331,50.0,6.0,3,1,7.142857142857143,1.5,0
0,5,116.089582,1933.0,105940.0,57,69,0.0182460048517571,0.8142857142857143,0
0,22,5.1e-05,0.0,0.0,1,1,0.0,0.5,0
0,5,4e-06,53.0,0.0,2,0,53.0,2.0,0
0,22,8.587358,6.0,30.0,1,5,0.1935483870967742,0.1666666666666666,0
0,0,0.000213,66.0,98.0,2,2,0.6666666666666666,0.6666666666666666,0
0,0,0.000264,46.0,46.0,2,2,0.9787234042553192,0.6666666666666666,0
0,5,26.862569,1443.0,10362.0,19,14,0.1392453922609283,1.2666666666666666,0
0,5,5.120273,391.0,3716.0,8,6,0.1051923594296475,1.1428571428571428,0
0,0,0.054143,66.0,316.0,2,2,0.2082018927444795,0.6666666666666666,0
0,0,0.024162,128.0,292.0,2,2,0.4368600682593856,0.6666666666666666,0
0,0,0.059785,55.0,111.0,1,1,0.4910714285714285,0.5,0
0,22,8.3e-05,4.0,12.0,2,2,0.3076923076923077,0.6666666666666666,0
0,5,6.231826,1973.0,3430.0,10,7,0.5750510055377441,1.25,0
0,0,0.000231,70.0,126.0,2,2,0.5511811023622047,0.6666666666666666,0
0,3,92.944533,7254.0,60432.0,33,48,0.1200337563913755,0.673469387755102,0
0,22,7.1e-05,187.0,6.0,1,1,26.714285714285715,0.5,0
0,5,60.660584,3133.0,3724.0,16,15,0.8410738255033557,1.0,0
0,22,0.000204,328.0,326.0,2,2,1.003058103975535,0.6666666666666666,0
0,22,6e-05,31.0,6.0,2,1,4.428571428571429,1.0,0
0,0,0.024114,68.0,250.0,2,2,0.2709163346613545,0.6666666666666666,0
0,5,0.145091,3182.0,2399.0,12,8,1.3258333333333334,1.3333333333333333,0
0,0,0.000237,102.0,486.0,2,2,0.2094455852156057,0.6666666666666666,0
0,22,2e-06,43.0,0.0,3,0,43.0,3.0,0
0,3,20.519989,2986.0,1180.0,6,6,2.5283657917019475,0.8571428571428571,0
0,3,115.893205,489.0,22240.0,25,26,0.0219864214738545,0.925925925925926,0
0,0,0.03059,51.0,83.0,1,1,0.6071428571428571,0.5,0
0,5,5.27875,2048.0,957.0,6,6,2.137787056367432,0.8571428571428571,0
0,3,10.044632,342.0,20850.0,11,15,0.0164020910268092,0.6875,0
0,3,115.535586,502.0,1773.0,16,14,0.2829763246899662,1.0666666666666669,0
0,21,0.000161,6.0,6.0,1,1,0.8571428571428571,0.5,0
0,5,5.202516,135.0,46.0,5,1,2.872340425531915,2.5,0
0,22,7.848333,6.0,30.0,1,5,0.1935483870967742,0.1666666666666666,0
0,0,0.060841,84.0,310.0,2,2,0.270096463022508,0.6666666666666666,0
0,22,3e-06,0.0,0.0,2,0,0.0,2.0,0
0,3,5.844573,12.0,0.0,3,1,12.0,1.5,0
0,5,5.477319,367.0,3710.0,9,6,0.0988951765022904,1.2857142857142858,0
0,22,5.7e-05,0.0,0.0,1,1,0.0,0.5,0
0,0,0.062614,132.0,178.0,4,2,0.7374301675977654,1.3333333333333333,0
0,0,0.060376,46.0,98.0,1,1,0.4646464646464646,0.5,0
0,0,0.087648,58.0,254.0,2,2,0.2274509803921568,0.6666666666666666,0
0,5,3e-06,12.0,0.0,2,0,12.0,2.0,0
0,0,0.102304,45.0,126.0,1,1,0.3543307086614173,0.5,0
0,3,5.309801,12.0,0.0,3,1,12.0,1.5,0
0,22,0.103683,6.0,0.0,2,0,6.0,2.0,0
0,22,0.00045,354.0,358.0,2,2,0.9860724233983288,0.6666666666666666,0
0,0,0.000451,52.0,106.0,1,1,0.4859813084112149,0.5,0
0,5,0.275459,18.0,0.0,3,0,18.0,3.0,0
0,5,1e-06,12.0,0.0,2,0,12.0,2.0,0
0,5,60.320883,1803.0,3902.0,13,13,0.4619523443504996,0.9285714285714286,0
0,22,1.5e-05,31.0,0.0,3,0,31.0,3.0,0
0,0,0.000181,88.0,188.0,2,2,0.4656084656084656,0.6666666666666666,0
0,22,0.001137,280.0,6.0,2,1,40.0,1.0,0
0,0,0.445626,164.0,206.0,4,2,0.7922705314009661,1.3333333333333333,0
0,22,0.058152,0.0,18.0,2,3,0.0,0.5,0
0,22,4.8e-05,12.0,0.0,2,0,12.0,2.0,0
0,3,0.00791,0.0,0.0,2,0,0.0,2.0,0
0,0,0.061806,62.0,184.0,2,2,0.3351351351351351,0.6666666666666666,0
0,5,0.000164,12.0,0.0,2,0,12.0,2.0,0
0,3,0.810027,489.0,162673.0,24,80,0.003006012024048,0.2962962962962963,0
0,0,0.023955,80.0,124.0,2,2,0.64,0.6666666666666666,0
0,3,0.043222,356.0,3387.0,7,4,0.1050767414403778,1.4,0
0,0,0.030956,50.0,138.0,1,1,0.3597122302158273,0.5,0
0,3,0.090893,433.0,2280.0,3,4,0.1898290223586146,0.6,0
0,0,0.046487,48.0,112.0,1,1,0.4247787610619469,0.5,0
0,0,0.000284,84.0,370.0,2,2,0.2264150943396226,0.6666666666666666,0
0,22,1e-06,37.0,0.0,2,0,37.0,2.0,0
0,5,0.141671,376.0,3508.0,7,5,0.1071530350527215,1.1666666666666667,0
0,0,65.290737,94.0,360.0,2,2,0.260387811634349,0.6666666666666666,0
0,5,0.150065,726.0,1881.0,11,6,0.385759829968119,1.5714285714285714,0
0,5,4.9e-05,0.0,0.0,2,0,0.0,2.0,0
0,22,5.1e-05,0.0,0.0,1,1,0.0,0.5,0
0,22,5.1e-05,4.0,12.0,2,2,0.3076923076923077,0.6666666666666666,0
0,0,0.031155,88.0,472.0,2,2,0.1860465116279069,0.6666666666666666,0
0,3,5.104488,0.0,0.0,3,1,0.0,1.5,0
0,22,0.087075,0.0,24.0,2,4,0.0,0.4,0
0,0,0.059599,57.0,169.0,1,1,0.3352941176470588,0.5,0
0,22,2.5e-05,0.0,0.0,1,1,0.0,0.5,0
0,0,0.030608,55.0,183.0,1,1,0.2989130434782608,0.5,0
0,22,3e-06,31.0,0.0,2,0,31.0,2.0,0
1,22,4.1e-05,6.0,6.0,1,1,0.8571428571428571,0.5,1
0,22,3.7e-05,31.0,6.0,2,1,4.428571428571429,1.0,0
0,0,0.000181,64.0,158.0,2,2,0.4025157232704403,0.6666666666666666,0
0,22,5.7e-05,0.0,0.0,1,1,0.0,0.5,0
1,3,102.673582,2541.0,6.0,14,3,363.0,3.5,6
0,0,0.000215,58.0,190.0,2,2,0.3036649214659686,0.6666666666666666,0
0,22,3e-06,37.0,0.0,2,0,37.0,2.0,0
0,0,0.068256,58.0,74.0,1,1,0.7733333333333333,0.5,0
0,22,0.000214,0.0,0.0,1,2,0.0,0.3333333333333333,0
0,22,2e-06,18.0,0.0,3,0,18.0,3.0,0
0,0,0.000175,104.0,136.0,2,2,0.7591240875912408,0.6666666666666666,0
0,5,0.822439,1179.0,2173.0,5,7,0.5423183072677092,0.625,0
0,22,7.5e-05,6.0,18.0,1,3,0.3157894736842105,0.25,0
0,5,32.025481,74.0,0.0,2,0,74.0,2.0,0
0,0,0.119651,70.0,272.0,2,2,0.2564102564102564,0.6666666666666666,0
0,22,0.000106,6.0,6.0,1,1,0.8571428571428571,0.5,0
0,0,0.00016,58.0,122.0,2,2,0.4715447154471545,0.6666666666666666,0
0,22,6.9e-05,4.0,12.0,2,2,0.3076923076923077,0.6666666666666666,0
0,22,2.1e-05,6.0,6.0,1,1,0.8571428571428571,0.5,0
0,2,4.8e-05,4.0,0.0,2,0,4.0,2.0,0
0,0,0.02399,72.0,178.0,2,2,0.4022346368715084,0.6666666666666666,0
0,0,0.030305,42.0,74.0,1,1,0.56,0.5,0
0,5,0.122395,1126.0,1839.0,10,5,0.6119565217391304,1.6666666666666667,0
0,0,0.000437,49.0,105.0,1,1,0.4622641509433962,0.5,0
0,5,117.989375,2296.0,30586.0,27,32,0.0750645699153235,0.8181818181818182,0
0,0,0.063122,62.0,186.0,2,2,0.3315508021390374,0.6666666666666666,0
0,0,0.023676,60.0,216.0,2,2,0.2764976958525346,0.6666666666666666,0
0,5,0.250848,0.0,0.0,1,1,0.0,0.5,0
0,0,0.133081,42.0,146.0,1,1,0.2857142857142857,0.5,0
0,22,4.8e-05,4.0,0.0,2,0,4.0,2.0,0
0,22,9e-05,0.0,0.0,1,1,0.0,0.5,0
0,22,3.3e-05,6.0,6.0,1,1,0.8571428571428571,0.5,0
0,5,0.926174,0.0,0.0,2,0,0.0,2.0,0
0,0,117.819351,141.0,288.0,2,2,0.4878892733564013,0.6666666666666666,0
0,3,1.541083,6.0,6.0,1,4,0.8571428571428571,0.2,0
1,3,6.13084,30.0,0.0,5,0,30.0,5.0,2
0,22,1e-05,280.0,0.0,2,0,280.0,2.0,0
0,0,0.046245,46.0,233.0,1,1,0.1965811965811965,0.5,0
0,0,0.031319,74.0,178.0,2,2,0.4134078212290503,0.6666666666666666,0
0,0,0.000203,74.0,194.0,2,2,0.3794871794871794,0.6666666666666666,0
0,3,69.013447,480.0,2102.0,10,10,0.2282453637660485,0.9090909090909092,0
0,0,0.046709,56.0,158.0,2,2,0.3522012578616352,0.6666666666666666,0
0,3,71.960959,485.0,1782.0,11,11,0.272013460459899,0.9166666666666666,0
0,5,110.775904,3419.0,16089.0,28,27,0.2124922311995028,1.0,0
0,0,0.000176,92.0,188.0,2,2,0.4867724867724867,0.6666666666666666,0
0,0,0.000193,78.0,206.0,2,2,0.3768115942028985,0.6666666666666666,0
0,22,0.000101,0.0,0.0,1,1,0.0,0.5,0
0,0,0.048709,76.0,128.0,2,2,0.5891472868217055,0.6666666666666666,0
0,22,9e-06,43.0,0.0,3,0,43.0,3.0,0
0,22,5.3e-05,0.0,0.0,1,1,0.0,0.5,0
0,22,0.000173,65.0,6.0,3,1,9.285714285714286,1.5,0
1,3,0.084526,312.0,11595.0,3,6,0.0269058295964125,0.4285714285714285,4
0,0,0.030999,86.0,214.0,2,2,0.4,0.6666666666666666,0
0,0,0.024328,60.0,158.0,2,2,0.3773584905660377,0.6666666666666666,0
0,22,0.000129,0.0,0.0,1,1,0.0,0.5,0
0,22,0.014512,38.0,6.0,3,1,5.428571428571429,1.5,0
0,3,6.044227,0.0,0.0,3,1,0.0,1.5,0
0,5,3.058999,0.0,0.0,1,3,0.0,0.25,0
0,0,0.105683,96.0,204.0,2,2,0.4682926829268293,0.6666666666666666,0
0,0,0.132156,100.0,434.0,2,2,0.2298850574712643,0.6666666666666666,0
0,0,0.134594,70.0,166.0,2,2,0.4191616766467065,0.6666666666666666,0
0,22,8.5e-05,0.0,0.0,1,1,0.0,0.5,0
0,0,0.030811,68.0,158.0,2,2,0.4276729559748428,0.6666666666666666,0
0,0,0.066763,71.0,133.0,1,1,0.5298507462686567,0.5,0
1,3,31.982915,221.0,487.0,9,8,0.4528688524590163,1.0,6
0,3,5.847886,12.0,0.0,3,1,12.0,1.5,0
0,5,4e-06,31.0,0.0,2,0,31.0,2.0,0
0,5,1.573311,2022.0,965.0,6,6,2.093167701863354,0.8571428571428571,0
0,5,6.212282,3789.0,1977.0,13,10,1.9155712841253791,1.181818181818182,0
0,0,0.000258,76.0,484.0,2,2,0.156701030927835,0.6666666666666666,0
0,22,0.000285,31.0,0.0,3,1,31.0,1.5,0
0,5,115.926826,1750.0,5628.0,22,21,0.3108900337537751,1.0,0
0,0,0.051555,92.0,170.0,2,2,0.5380116959064327,0.6666666666666666,0
0,19,0.000196,49.0,0.0,3,0,49.0,3.0,0
0,0,0.000167,88.0,188.0,2,2,0.4656084656084656,0.6666666666666666,0
0,5,4e-06,12.0,0.0,2,0,12.0,2.0,0
0,11,3e-06,124.0,0.0,2,0,124.0,2.0,0
0,5,1.225924,800.0,602.0,6,8,1.326699834162521,0.6666666666666666,0
1,3,5.109639,0.0,0.0,2,0,0.0,2.0,3
0,0,0.023993,86.0,196.0,2,2,0.4365482233502538,0.6666666666666666,0
0,3,0.00583,12.0,0.0,2,0,12.0,2.0,0
0,5,0.001777,12.0,0.0,2,0,12.0,2.0,0
0,0,0.17535,49.0,153.0,1,1,0.3181818181818182,0.5,0
0,0,0.00019,70.0,102.0,2,2,0.6796116504854369,0.6666666666666666,0
0,0,0.000686,51.0,67.0,1,1,0.75,0.5,0
0,0,0.060612,51.0,89.0,1,1,0.5666666666666667,0.5,0
1,22,4.9e-05,0.0,6.0,1,1,0.0,0.5,10
0,0,0.031545,70.0,178.0,2,2,0.3910614525139664,0.6666666666666666,0
0,5,0.625852,1326.0,7042.0,9,10,0.1882720431634247,0.8181818181818182,0
0,22,0.001354,0.0,0.0,1,1,0.0,0.5,0
0,22,0.394781,0.0,0.0,2,0,0.0,2.0,0
0,0,0.061248,156.0,488.0,4,2,0.3190184049079754,1.3333333333333333,0
0,5,0.197534,1094.0,54941.0,18,30,0.0199119071020348,0.5806451612903226,0
0,0,0.000161,54.0,86.0,2,2,0.6206896551724138,0.6666666666666666,0
0,0,0.030741,140.0,304.0,2,2,0.4590163934426229,0.6666666666666666,0
0,5,59.986889,6564.0,4772.0,14,17,1.375235700817096,0.7777777777777778,0
0,0,0.023788,49.0,177.0,1,1,0.2752808988764045,0.5,0
1,3,3.101875,24.0,0.0,4,0,24.0,4.0,2
0,0,0.174188,54.0,96.0,2,2,0.5567010309278351,0.6666666666666666,0
0,0,0.000197,102.0,158.0,2,2,0.6415094339622641,0.6666666666666666,0
0,3,0.059653,431.0,2267.0,4,5,0.1900352733686067,0.6666666666666666,0
0,0,0.024638,98.0,662.0,2,2,0.1478129713423831,0.6666666666666666,0
0,5,0.408526,636.0,23364.0,19,15,0.0272202011555745,1.1875,0
0,0,0.069835,49.0,114.0,1,1,0.4260869565217391,0.5,0
0,0,0.000184,68.0,158.0,2,2,0.4276729559748428,0.6666666666666666,0
0,0,0.047981,76.0,186.0,2,2,0.4064171122994652,0.6666666666666666,0
0,0,0.023919,48.0,64.0,1,1,0.7384615384615385,0.5,0
0,3,10.294783,1141.0,321.0,5,3,3.5434782608695654,1.25,0
0,5,0.136904,837.0,88054.0,39,58,0.0095054227471466,0.6610169491525424,0
0,22,3.4e-05,0.0,0.0,1,4,0.0,0.2,0
0,5,0.000348,0.0,0.0,2,0,0.0,2.0,0
0,0,0.194124,56.0,119.0,1,1,0.4666666666666667,0.5,0
0,22,4.9e-05,4.0,0.0,2,0,4.0,2.0,0
0,0,0.000159,86.0,280.0,2,2,0.3060498220640569,0.6666666666666666,0
0,0,0.000206,46.0,46.0,2,2,0.9787234042553192,0.6666666666666666,0
0,5,117.63679,2702.0,5570.0,24,27,0.4850116675641716,0.8571428571428571,0
0,0,0.06003,64.0,117.0,1,1,0.5423728813559322,0.5,0
1,3,10.930608,345.0,3525.0,5,4,0.0978445830969937,1.0,3
0,3,0.0002,0.0,0.0,2,0,0.0,2.0,0
0,5,4e-05,53.0,0.0,2,0,53.0,2.0,0
0,5,8.730336,586.0,225.0,6,4,2.5929203539823007,1.2,0
0,22,0.000154,0.0,0.0,1,2,0.0,0.3333333333333333,0
0,22,4e-05,0.0,0.0,1,1,0.0,0.5,0
0,5,1.486602,999.0,3950.0,11,11,0.2528473804100228,0.9166666666666666,0
0,3,5.521436,0.0,0.0,3,1,0.0,1.5,0
0,0,0.00025,82.0,338.0,2,2,0.2418879056047197,0.6666666666666666,0
0,0,0.051794,74.0,130.0,2,2,0.5648854961832062,0.6666666666666666,0
0,22,5.3e-05,0.0,0.0,5,1,0.0,2.5,0
0,0,0.061447,120.0,264.0,4,2,0.4528301886792453,1.3333333333333333,0
0,0,0.046877,104.0,220.0,2,2,0.4705882352941176,0.6666666666666666,0
0,22,4.3e-05,0.0,18.0,1,3,0.0,0.25,0
0,0,0.047942,42.0,94.0,1,1,0.4421052631578947,0.5,0
0,3,0.025696,0.0,0.0,1,1,0.0,0.5,0
0,0,0.000162,88.0,188.0,2,2,0.4656084656084656,0.6666666666666666,0
0,0,0.030361,62.0,90.0,1,1,0.6813186813186813,0.5,0
0,22,0.381204,11607.0,26.0,6,2,429.8888888888889,2.0,0
0,3,110.567625,72.0,0.0,12,12,72.0,0.9230769230769232,0
0,22,2.670621,5302.0,9244.0,19,13,0.5734991887506761,1.3571428571428572,0
0,22,4.9e-05,4.0,0.0,2,0,4.0,2.0,0
0,0,0.060862,51.0,275.0,1,1,0.1847826086956521,0.5,0
0,22,0.045018,0.0,0.0,2,0,0.0,2.0,0
0,3,0.000109,12.0,0.0,2,0,12.0,2.0,0
0,0,0.023541,49.0,114.0,1,1,0.4260869565217391,0.5,0
0,0,0.000169,102.0,134.0,2,2,0.7555555555555555,0.6666666666666666,0
0,5,0.023975,0.0,0.0,1,1,0.0,0.5,0
0,22,0.022703,44.0,6.0,2,1,6.285714285714286,1.0,0
0,22,8.5e-05,0.0,0.0,1,1,0.0,0.5,0
0,3,0.018863,12.0,0.0,2,0,12.0,2.0,0
0,0,0.175449,82.0,236.0,2,2,0.3459915611814346,0.6666666666666666,0
0,0,0.000333,80.0,112.0,2,2,0.7079646017699115,0.6666666666666666,0
0,22,5.5e-05,0.0,0.0,1,1,0.0,0.5,0
0,5,90.143703,1806.0,4373.0,18,17,0.4128943758573388,1.0,0
0,22,6.3e-05,0.0,0.0,1,1,0.0,0.5,0
0,0,0.000177,82.0,210.0,2,2,0.3886255924170616,0.6666666666666666,0
0,5,61.128734,853.0,4899.0,14,13,0.1740816326530612,1.0,0
0,22,5.3e-05,0.0,0.0,1,1,0.0,0.5,0
0,22,8.5e-05,0.0,0.0,1,1,0.0,0.5,0
1,1,8.990256,116.0,188.0,9,15,0.6137566137566137,0.5625,7
0,0,0.000235,150.0,374.0,2,2,0.4,0.6666666666666666,0
0,0,0.000149,80.0,112.0,2,2,0.7079646017699115,0.6666666666666666,0
0,22,8.1e-05,6.0,6.0,1,1,0.8571428571428571,0.5,0
0,5,0.205592,887.0,52779.0,20,39,0.0168056081849185,0.5,0
0,3,6.914016,193.0,1655.0,4,4,0.1165458937198067,0.8,0
0,5,5.17504,352.0,5206.0,7,8,0.0676013059343191,0.7777777777777778,0
0,3,0.000101,0.0,0.0,2,0,0.0,2.0,0
0,22,7.4e-05,6.0,18.0,1,3,0.3157894736842105,0.25,0
0,5,10.118966,5051.0,1120.0,8,8,4.505798394290812,0.8888888888888888,0
1,21,12.116949,2008.0,2745.0,21,32,0.7312454479242535,0.6363636363636364,11
0,22,4.2e-05,6.0,6.0,1,1,0.8571428571428571,0.5,0
0,22,0.000286,50.0,6.0,3,1,7.142857142857143,1.5,0
0,0,0.000181,84.0,212.0,2,2,0.3943661971830985,0.6666666666666666,0
0,0,0.00019,84.0,116.0,2,2,0.717948717948718,0.6666666666666666,0
0,0,0.000256,60.0,318.0,2,2,0.1880877742946708,0.6666666666666666,0
0,3,115.627722,2368.0,147686.0,68,88,0.0160339095519578,0.7640449438202247,0
0,5,36.931016,2957.0,4922.0,23,21,0.6006500101564087,1.0454545454545454,0
0,0,0.000169,84.0,116.0,2,2,0.717948717948718,0.6666666666666666,0
0,22,5.496284,6.0,30.0,1,5,0.1935483870967742,0.1666666666666666,0
0,5,4.574472,135.0,46.0,5,1,2.872340425531915,2.5,0
0,0,0.079769,64.0,290.0,2,2,0.2199312714776632,0.6666666666666666,0
0,0,0.000183,70.0,126.0,2,2,0.5511811023622047,0.6666666666666666,0
0,0,0.049045,49.0,161.0,1,1,0.3024691358024691,0.5,0
0,3,0.066743,432.0,2280.0,3,4,0.1893906181499342,0.6,0
0,22,3e-06,12.0,0.0,2,0,12.0,2.0,0
0,0,0.000179,68.0,250.0,2,2,0.2709163346613545,0.6666666666666666,0
0,3,0.135842,433.0,2280.0,3,4,0.1898290223586146,0.6,0
0,22,0.000124,43.0,6.0,3,1,6.142857142857143,1.5,0
0,0,0.082679,73.0,173.0,1,1,0.4195402298850574,0.5,0
0,3,6.4e-05,12.0,0.0,2,0,12.0,2.0,0
0,22,0.019464,12.0,6.0,2,1,1.7142857142857142,1.0,0
0,0,0.023667,41.0,89.0,1,1,0.4555555555555555,0.5,0
0,3,0.000105,0.0,0.0,2,0,0.0,2.0,0
0,22,0.0001,0.0,0.0,1,1,0.0,0.5,0
0,0,0.000337,68.0,422.0,2,2,0.1607565011820331,0.6666666666666666,0
0,5,6.056051,353.0,4551.0,8,7,0.0775483304042179,1.0,0
0,3,116.745045,884.0,73058.0,41,61,0.0120998097428106,0.6612903225806451,0
0,22,9.3e-05,4.0,12.0,2,2,0.3076923076923077,0.6666666666666666,0
0,5,0.109978,1305.0,3637.0,6,7,0.3587135788894997,0.75,0
0,5,115.688845,695.0,8291.0,24,20,0.0838157260009647,1.1428571428571428,0
0,0,0.060985,70.0,262.0,2,2,0.2661596958174905,0.6666666666666666,0
0,22,4e-06,12.0,0.0,2,0,12.0,2.0,0
0,3,117.115867,1311.0,2388.0,19,16,0.5487651737128506,1.1176470588235294,0
0,5,0.816945,376.0,3788.0,7,7,0.099234626550541,0.875,0
0,3,0.401576,431.0,2267.0,3,4,0.1900352733686067,0.6,0
0,0,0.434797,60.0,214.0,2,2,0.2790697674418604,0.6666666666666666,0
0,22,6e-06,253.0,0.0,3,0,253.0,3.0,0
0,3,5.806977,12.0,0.0,3,1,12.0,1.5,0
0,5,32.996606,3473.0,6156.0,11,12,0.5640734123761573,0.8461538461538461,0
0,3,115.665625,393.0,186.0,16,14,2.1016042780748663,1.0666666666666669,0
0,3,0.032602,6.0,6.0,1,1,0.8571428571428571,0.5,0
0,5,0.000522,0.0,0.0,3,0,0.0,3.0,0
0,0,0.060161,152.0,236.0,4,2,0.6413502109704642,1.3333333333333333,0
0,3,7.5e-05,12.0,0.0,2,0,12.0,2.0,0
0,22,4.2e-05,6.0,6.0,1,1,0.8571428571428571,0.5,0
0,22,3e-06,12.0,0.0,2,0,12.0,2.0,0
0,0,0.031026,70.0,126.0,2,2,0.5511811023622047,0.6666666666666666,0
0,5,0.000107,12.0,0.0,2,0,12.0,2.0,0
0,5,59.87896,1686.0,3518.0,12,12,0.4791133844842284,0.9230769230769232,0
0,3,0.196808,6.0,6.0,1,1,0.8571428571428571,0.5,0
0,22,5.1e-05,6.0,6.0,1,1,0.8571428571428571,0.5,0
0,3,5.794499,12.0,0.0,3,1,12.0,1.5,0
0,0,0.049765,51.0,111.0,1,1,0.4553571428571428,0.5,0
0,3,0.119973,6.0,12.0,1,2,0.4615384615384615,0.3333333333333333,0
0,3,3.9e-05,12.0,0.0,2,0,12.0,2.0,0
0,5,3e-06,12.0,0.0,2,0,12.0,2.0,0
0,5,60.364281,889.0,6968.0,13,15,0.127564930406084,0.8125,0
0,0,0.023367,55.0,71.0,1,1,0.7638888888888888,0.5,0
0,22,8.2e-05,0.0,0.0,1,1,0.0,0.5,0
0,0,0.000275,94.0,258.0,2,2,0.3629343629343629,0.6666666666666666,0
0,22,2.3e-05,0.0,0.0,1,1,0.0,0.5,0
0,3,51.103159,6953.0,206619.0,102,131,0.033651147033201,0.7727272727272727,0
0,0,0.00019,78.0,152.0,2,2,0.5098039215686274,0.6666666666666666,0
0,0,0.023401,47.0,79.0,1,1,0.5875,0.5,0
0,0,0.000237,70.0,126.0,2,2,0.5511811023622047,0.6666666666666666,0
0,5,115.485591,871.0,4343.0,21,18,0.2005064456721915,1.105263157894737,0
0,22,5.3e-05,0.0,0.0,1,1,0.0,0.5,0
0,0,0.000178,64.0,96.0,2,2,0.6597938144329897,0.6666666666666666,0
0,22,6.7e-05,4.0,12.0,2,2,0.3076923076923077,0.6666666666666666,0
0,0,0.04738,45.0,109.0,1,1,0.4090909090909091,0.5,0
0,0,0.024388,68.0,484.0,2,2,0.1402061855670103,0.6666666666666666,0
0,5,5.074751,568.0,168.0,5,6,3.36094674556213,0.7142857142857143,0
0,0,0.000161,102.0,224.0,2,2,0.4533333333333333,0.6666666666666666,0
0,5,2e-06,0.0,0.0,1,1,0.0,0.5,0
0,0,0.000157,144.0,208.0,2,2,0.6889952153110048,0.6666666666666666,0
0,22,112.776722,5642.0,1008.0,28,14,5.591674925668979,1.8666666666666667,0
0,5,2.120387,2521.0,1412.0,13,8,1.78414720452937,1.4444444444444444,0
0,22,4e-06,12.0,0.0,2,0,12.0,2.0,0
0,22,7.5e-05,0.0,0.0,1,1,0.0,0.5,0
0,22,0.000221,0.0,0.0,1,2,0.0,0.3333333333333333,0
0,3,5.473582,0.0,0.0,3,1,0.0,1.5,0
0,5,5.286206,635.0,168.0,7,4,3.757396449704142,1.4,0
0,0,0.000176,68.0,100.0,2,2,0.6732673267326733,0.6666666666666666,0
0,3,117.311429,956.0,1498.0,18,15,0.637758505670447,1.125,0
0,22,4.8e-05,4.0,0.0,2,0,4.0,2.0,0
0,22,1e-06,2071.0,0.0,2,0,2071.0,2.0,0
0,22,9.271984,1375.0,24.0,1,5,55.0,0.1666666666666666,0
0,22,5e-05,37.0,0.0,2,0,37.0,2.0,0
0,0,0.121552,92.0,230.0,2,2,0.3982683982683982,0.6666666666666666,0
0,3,115.227128,445.0,746.0,17,14,0.5957161981258366,1.1333333333333333,0
0,0,0.000394,72.0,146.0,2,2,0.4897959183673469,0.6666666666666666,0
1,3,0.170792,214.0,181.0,6,5,1.175824175824176,1.0,10
0,3,117.60374,9912.0,207629.0,112,137,0.0477387660742667,0.8115942028985508,0
0,22,119.972706,5057.0,1062.0,68,69,4.7572906867356535,0.9714285714285714,0
0,0,0.094027,78.0,352.0,2,2,0.2209631728045325,0.6666666666666666,0
0,13,0.026722,48.0,48.0,1,1,0.979591836734694,0.5,0
0,0,0.152622,60.0,408.0,2,2,0.1466992665036675,0.6666666666666666,0
0,3,0.000101,12.0,0.0,2,0,12.0,2.0,0
0,5,2.764293,508.0,4195.0,13,9,0.1210676835081029,1.3,0
0,22,3e-06,0.0,0.0,2,0,0.0,2.0,0
0,0,0.033419,84.0,166.0,2,2,0.5029940119760479,0.6666666666666666,0
0,22,6.4e-05,6.0,6.0,1,1,0.8571428571428571,0.5,0
0,0,0.000198,82.0,254.0,2,2,0.3215686274509804,0.6666666666666666,0
0,5,4.087881,135.0,46.0,5,1,2.872340425531915,2.5,0
0,3,5.750302,0.0,0.0,3,1,0.0,1.5,0
0,5,0.391878,969.0,4314.0,14,10,0.2245654692931633,1.2727272727272727,0
0,5,5.532804,583.0,3460.0,10,5,0.1684484253106038,1.6666666666666667,0
0,22,1e-06,4.0,0.0,2,0,4.0,2.0,0
0,5,57.540075,1714.0,68149.0,36,45,0.0251504035216434,0.782608695652174,0
0,5,0.000644,37.0,0.0,2,0,37.0,2.0,0
0,22,4.8e-05,12.0,4.0,2,2,2.4,0.6666666666666666,0
0,22,3e-06,0.0,0.0,1,1,0.0,0.5,0
0,3,0.015149,6.0,6.0,1,1,0.8571428571428571,0.5,0
0,5,0.082783,713.0,479.0,10,5,1.4854166666666666,1.6666666666666667,0
0,22,9.5e-05,4.0,12.0,2,2,0.3076923076923077,0.6666666666666666,0
0,22,2.3e-05,6.0,6.0,1,1,0.8571428571428571,0.5,0
0,3,115.838455,827.0,1981.0,17,16,0.417255297679112,1.0,0
1,4,0.071165,206.0,134.0,4,3,1.525925925925926,1.0,1
0,3,0.00013,0.0,0.0,2,0,0.0,2.0,0
0,22,5.8e-05,31.0,6.0,2,1,4.428571428571429,1.0,0
0,0,0.024031,92.0,254.0,2,2,0.3607843137254902,0.6666666666666666,0
0,0,0.031063,68.0,250.0,2,2,0.2709163346613545,0.6666666666666666,0
0,5,6.020569,614.0,3272.0,10,6,0.1875954781545982,1.4285714285714286,0
0,22,4e-05,0.0,0.0,1,1,0.0,0.5,0
0,0,0.031659,68.0,250.0,2,2,0.2709163346613545,0.6666666666666666,0
0,0,0.03185,84.0,208.0,2,2,0.4019138755980861,0.6666666666666666,0
0,0,0.28442,136.0,100.0,4,2,1.3465346534653466,1.3333333333333333,0
1,3,3.002987,0.0,0.0,3,0,0.0,3.0,6
0,5,0.924381,1067.0,701.0,5,7,1.51994301994302,0.625,0
0,11,1e-06,124.0,0.0,2,0,124.0,2.0,0
0,5,3e-06,53.0,0.0,2,0,53.0,2.0,0
0,22,5.5e-05,31.0,6.0,2,1,4.428571428571429,1.0,0
0,5,2.6e-05,27.0,0.0,2,0,27.0,2.0,0
0,5,60.796173,842.0,6792.0,17,15,0.1239511261592816,1.0625,0
0,0,0.025185,44.0,92.0,1,1,0.4731182795698925,0.5,0
0,0,0.000188,100.0,132.0,2,2,0.7518796992481203,0.6666666666666666,0
0,5,10.118005,814.0,19991.0,18,22,0.0407162865146058,0.782608695652174,0
0,22,3.3e-05,4.0,12.0,2,2,0.3076923076923077,0.6666666666666666,0
0,5,5.703522,135.0,46.0,5,1,2.872340425531915,2.5,0
0,0,0.023488,66.0,98.0,1,1,0.6666666666666666,0.5,0
0,0,0.098627,148.0,106.0,4,2,1.383177570093458,1.3333333333333333,0
0,0,33.185501,115.0,261.0,2,2,0.4389312977099237,0.6666666666666666,0
0,5,103.060388,3581.0,75582.0,46,53,0.0473783787359591,0.8518518518518519,0
0,0,0.023285,55.0,110.0,1,1,0.4954954954954955,0.5,0
0,0,0.192463,76.0,160.0,2,2,0.4720496894409938,0.6666666666666666,0
0,22,1.001787,12.0,0.0,2,0,12.0,2.0,0
0,22,0.000341,248.0,0.0,3,0,248.0,3.0,0
0,0,0.989369,44.0,113.0,1,1,0.3859649122807017,0.5,0
1,3,55.931858,0.0,0.0,2,0,0.0,2.0,3
0,3,5.914476,18.0,10.0,4,3,1.6363636363636365,1.0,0
0,0,0.030658,42.0,74.0,1,1,0.56,0.5,0
0,5,5.930129,348.0,3851.0,9,6,0.0903426791277258,1.2857142857142858,0
0,3,0.047332,1600.0,208.0,5,4,7.655502392344498,1.0,0
0,3,4e-06,0.0,0.0,2,0,0.0,2.0,0
0,0,0.108456,72.0,196.0,2,2,0.365482233502538,0.6666666666666666,0
0,22,6.4e-05,0.0,0.0,1,1,0.0,0.5,0
0,0,0.135344,46.0,357.0,1,1,0.1284916201117318,0.5,0
0,22,5e-06,37.0,0.0,3,0,37.0,3.0,0
0,13,0.057376,48.0,48.0,1,1,0.979591836734694,0.5,0
0,22,6.8e-05,0.0,0.0,1,1,0.0,0.5,0
0,0,0.319126,53.0,53.0,1,1,0.9814814814814816,0.5,0
0,3,64.35676,472.0,1786.0,10,10,0.2641298265249021,0.9090909090909092,0
0,0,0.031298,74.0,178.0,2,2,0.4134078212290503,0.6666666666666666,0
1,3,102.631121,2541.0,6.0,14,3,363.0,3.5,6
0,3,5.317799,0.0,0.0,3,1,0.0,1.5,0
0,22,3e-06,0.0,0.0,2,0,0.0,2.0,0
0,0,0.060891,184.0,300.0,4,2,0.6112956810631229,1.3333333333333333,0
0,5,115.77216,1116.0,35985.0,31,34,0.031012060245651,0.8857142857142857,0
0,0,0.049094,84.0,208.0,2,2,0.4019138755980861,0.6666666666666666,0
0,0,0.030865,116.0,248.0,2,2,0.465863453815261,0.6666666666666666,0
0,5,61.00482,1081.0,3897.0,14,13,0.2773217034376603,1.0,0
0,0,0.000157,74.0,202.0,2,2,0.3645320197044335,0.6666666666666666,0
0,22,1.2e-05,12.0,4.0,2,2,2.4,0.6666666666666666,0
0,5,0.118044,968.0,975.0,10,5,0.9918032786885246,1.6666666666666667,0
0,5,5.640827,376.0,4180.0,8,7,0.0899306386032049,1.0,0
0,3,6.775972,12.0,0.0,3,1,12.0,1.5,0
0,0,0.139316,82.0,154.0,2,2,0.5290322580645161,0.6666666666666666,0
0,3,0.14836,6.0,6.0,1,1,0.8571428571428571,0.5,0
0,5,119.660267,2294.0,106446.0,52,72,0.0215506308303662,0.7123287671232876,0
0,3,60.413865,881.0,766.0,9,9,1.1486310299869622,0.9,0
0,22,8.6e-05,0.0,0.0,1,1,0.0,0.5,0
0,22,0.0001,0.0,0.0,1,1,0.0,0.5,0
0,0,0.000205,64.0,204.0,2,2,0.3121951219512195,0.6666666666666666,0
0,5,24.21603,714.0,20803.0,19,19,0.0343203230148048,0.95,0
0,22,0.000167,37.0,6.0,2,1,5.285714285714286,1.0,0
0,3,0.000323,12.0,0.0,2,0,12.0,2.0,0
0,0,0.121147,180.0,652.0,4,2,0.2756508422664624,1.3333333333333333,0
1,3,5e-06,0.0,0.0,2,0,0.0,2.0,4
0,5,118.126599,6703.0,63451.0,42,59,0.1056389081510433,0.7,0
0,0,0.179351,54.0,104.0,1,1,0.5142857142857142,0.5,0
0,0,0.031054,152.0,172.0,4,2,0.8786127167630058,1.3333333333333333,0
0,22,0.025459,6.0,0.0,2,0,6.0,2.0,0
0,0,0.00015,98.0,130.0,2,2,0.7480916030534351,0.6666666666666666,0
0,22,3e-06,0.0,0.0,2,0,0.0,2.0,0
0,5,0.082081,713.0,479.0,10,5,1.4854166666666666,1.6666666666666667,0
0,22,3e-06,37.0,0.0,2,0,37.0,2.0,0
0,21,1.327248,2622.0,7038.0,35,42,0.3724960931950561,0.813953488372093,0
0,0,0.023394,46.0,78.0,1,1,0.5822784810126582,0.5,0
0,0,0.03149,56.0,72.0,1,1,0.7671232876712328,0.5,0
0,0,0.030802,50.0,113.0,1,1,0.4385964912280701,0.5,0
0,22,7e-05,0.0,0.0,1,1,0.0,0.5,0
1,1,0.000246,14.0,0.0,2,1,14.0,1.0,7
0,0,0.000159,106.0,202.0,2,2,0.5221674876847291,0.6666666666666666,0
0,22,0.196612,96.0,12.0,4,2,7.384615384615385,1.3333333333333333,0
0,0,0.163881,96.0,300.0,2,2,0.3189368770764119,0.6666666666666666,0
0,5,0.901906,6.0,31.0,1,1,0.1875,0.5,0
0,3,0.000854,0.0,0.0,2,0,0.0,2.0,0
0,0,0.053632,50.0,156.0,1,1,0.3184713375796178,0.5,0
0,0,0.000453,66.0,386.0,2,2,0.1705426356589147,0.6666666666666666,0
0,0,0.079085,152.0,132.0,4,2,1.1428571428571428,1.3333333333333333,0
0,5,65.227853,799.0,6314.0,15,15,0.1265241488519398,0.9375,0
0,5,115.904465,1259.0,3785.0,21,20,0.332540940306392,1.0,0
0,5,5.870776,370.0,6856.0,9,8,0.0539594574886976,1.0,0
0,3,46.039034,499.0,2167.0,8,9,0.2301660516605166,0.8,0
0,22,0.000163,0.0,0.0,1,1,0.0,0.5,0
0,22,0.004735,57598.0,0.0,27,1,57598.0,13.5,0
0,22,4.8e-05,0.0,0.0,2,0,0.0,2.0,0
0,0,0.000146,64.0,96.0,2,2,0.6597938144329897,0.6666666666666666,0
0,0,0.000176,84.0,162.0,2,2,0.5153374233128835,0.6666666666666666,0
0,3,115.609415,450.0,894.0,16,14,0.5027932960893855,1.0666666666666669,0
0,0,0.0619,56.0,125.0,1,1,0.4444444444444444,0.5,0
0,0,0.024166,46.0,62.0,1,1,0.7301587301587301,0.5,0
0,0,0.02397,89.0,171.0,1,1,0.5174418604651163,0.5,0
0,0,0.071337,62.0,210.0,2,2,0.2938388625592417,0.6666666666666666,0
0,0,0.037537,62.0,126.0,2,2,0.4881889763779528,0.6666666666666666,0
0,3,0.108434,6.0,6.0,1,1,0.8571428571428571,0.5,0
0,22,9.4e-05,0.0,0.0,1,1,0.0,0.5,0
0,0,0.065815,68.0,182.0,2,2,0.3715846994535519,0.6666666666666666,0
0,0,0.000218,48.0,160.0,2,2,0.2981366459627329,0.6666666666666666,0
0,3,30.640808,1467.0,8361.0,12,15,0.175436498445348,0.75,0
0,22,9.5e-05,4.0,12.0,2,2,0.3076923076923077,0.6666666666666666,0
0,5,116.903567,639.0,5546.0,11,9,0.1151974040021633,1.1,0
0,5,80.783715,2182.0,5217.0,17,20,0.4181678804139517,0.8095238095238095,0
0,5,0.289632,841.0,5082.0,13,9,0.1654534723588432,1.3,0
0,0,0.030973,86.0,208.0,2,2,0.4114832535885167,0.6666666666666666,0
0,0,0.09341,212.0,476.0,4,4,0.4444444444444444,0.8,0
0,3,0.047997,2150.0,220.0,4,6,9.728506787330316,0.5714285714285714,0
0,22,5.5e-05,0.0,0.0,1,1,0.0,0.5,0
0,22,2e-06,0.0,0.0,2,0,0.0,2.0,0
0,3,0.000125,0.0,0.0,2,0,0.0,2.0,0
0,0,0.024829,86.0,196.0,2,2,0.4365482233502538,0.6666666666666666,0
0,0,0.085606,47.0,122.0,1,1,0.3821138211382114,0.5,0
0,5,118.660134,1081.0,4795.0,16,14,0.2253961634695579,1.0666666666666669,0
0,22,90.897081,11607.0,68.0,7,10,168.2173913043478,0.6363636363636364,0
0,22,6.1e-05,0.0,0.0,1,1,0.0,0.5,0
0,22,9.6e-05,0.0,0.0,1,1,0.0,0.5,0
0,0,0.023287,56.0,120.0,1,1,0.4628099173553719,0.5,0
0,0,17.45002,82.0,222.0,2,2,0.3677130044843049,0.6666666666666666,0
0,0,0.000121,80.0,112.0,2,2,0.7079646017699115,0.6666666666666666,0
0,22,9.7e-05,4.0,12.0,2,2,0.3076923076923077,0.6666666666666666,0
0,5,116.0723,1278.0,697.0,20,16,1.830945558739255,1.1764705882352942,0
0,0,0.02359,101.0,165.0,1,1,0.608433734939759,0.5,0
0,5,0.334561,976.0,7408.0,15,11,0.1317316776892968,1.25,0
0,0,0.030827,44.0,120.0,1,1,0.3636363636363636,0.5,0
0,5,7e-06,6.0,6.0,1,1,0.8571428571428571,0.5,0
0,0,31.592752,113.0,240.0,2,2,0.4688796680497925,0.6666666666666666,0
0,0,0.050061,64.0,244.0,2,2,0.2612244897959184,0.6666666666666666,0
0,0,0.030858,55.0,109.0,1,1,0.5,0.5,0
0,5,69.360694,2137.0,9288.0,23,23,0.2300570567337711,0.9583333333333334,0
0,3,44.178456,2336.0,1410.0,13,11,1.6555634301913535,1.0833333333333333,0
0,0,0.000202,62.0,94.0,2,2,0.6526315789473685,0.6666666666666666,0
0,0,0.000352,70.0,692.0,2,2,0.101010101010101,0.6666666666666666,0
0,22,0.692888,11601.0,26.0,6,2,429.6666666666667,2.0,0
0,22,6.053547,6.0,30.0,1,5,0.1935483870967742,0.1666666666666666,0
0,0,0.000267,74.0,522.0,2,2,0.141491395793499,0.6666666666666666,0
0,5,0.032496,6.0,6.0,1,1,0.8571428571428571,0.5,0
0,5,118.43775,853.0,5007.0,20,17,0.1703274760383386,1.1111111111111112,0
0,5,1.668599,1073.0,105697.0,51,56,0.0101515638895721,0.8947368421052632,0
0,3,6.9e-05,12.0,0.0,2,0,12.0,2.0,0
0,5,60.362353,978.0,5567.0,14,14,0.1756465517241379,0.9333333333333332,0
0,22,5e-06,43.0,0.0,3,0,43.0,3.0,0
0,22,4.8e-05,4.0,0.0,2,0,4.0,2.0,0
0,5,58.869736,58.0,0.0,3,0,58.0,3.0,0
0,0,0.000179,64.0,96.0,2,2,0.6597938144329897,0.6666666666666666,0
0,5,0.089156,713.0,479.0,10,5,1.4854166666666666,1.6666666666666667,0
0,0,0.136812,136.0,264.0,4,2,0.5132075471698113,1.3333333333333333,0
0,0,0.000153,82.0,114.0,2,2,0.7130434782608696,0.6666666666666666,0
0,0,0.033781,84.0,206.0,2,2,0.4057971014492754,0.6666666666666666,0
0,0,0.201179,148.0,270.0,4,2,0.5461254612546126,1.3333333333333333,0
0,5,6.635734,5408.0,3990.0,11,8,1.3550488599348534,1.2222222222222223,0
0,3,116.186337,305.0,19579.0,20,19,0.0155771195097037,1.0,0
0,5,66.237465,705.0,23216.0,23,25,0.0303656803204548,0.8846153846153846,0
0,0,0.000152,58.0,90.0,2,2,0.6373626373626373,0.6666666666666666,0
0,5,113.961047,5573.0,6308.0,23,19,0.8833412585195752,1.15,0
0,5,116.0858,6910.0,6549.0,22,22,1.0549618320610687,0.9565217391304348,0
0,0,0.001341,66.0,164.0,2,2,0.4,0.6666666666666666,0
0,22,5e-06,4.0,12.0,2,2,0.3076923076923077,0.6666666666666666,0
0,22,0.000449,352.0,358.0,2,2,0.98050139275766,0.6666666666666666,0
0,5,0.867154,950.0,5905.0,9,13,0.1608533694547917,0.6428571428571429,0
0,0,0.089127,80.0,190.0,2,2,0.418848167539267,0.6666666666666666,0
0,0,0.000271,68.0,380.0,2,2,0.1784776902887139,0.6666666666666666,0
0,0,0.000164,72.0,200.0,2,2,0.3582089552238806,0.6666666666666666,0
0,22,3e-06,37.0,0.0,2,0,37.0,2.0,0
0,0,0.030511,56.0,72.0,1,1,0.7671232876712328,0.5,0
0,0,0.04967,42.0,58.0,1,1,0.711864406779661,0.5,0
0,0,0.000193,62.0,218.0,2,2,0.2831050228310502,0.6666666666666666,0
0,1,6.8e-05,6.0,12.0,1,2,0.4615384615384615,0.3333333333333333,0
0,0,0.060906,98.0,230.0,2,2,0.4242424242424242,0.6666666666666666,0
0,22,0.013568,50.0,6.0,3,1,7.142857142857143,1.5,0
0,22,4.9e-05,4.0,0.0,2,0,4.0,2.0,0
0,0,0.070775,56.0,131.0,1,1,0.4242424242424242,0.5,0
0,22,0.000268,83.0,6.0,3,1,11.857142857142858,1.5,0
0,5,0.36148,1044.0,921.0,6,7,1.1323210412147506,0.75,0
0,0,63.735433,85.0,243.0,2,2,0.3483606557377049,0.6666666666666666,0
0,0,0.18075,100.0,316.0,2,2,0.3154574132492113,0.6666666666666666,0
0,5,0.100632,0.0,0.0,3,1,0.0,1.5,0
0,22,7e-05,31.0,6.0,2,1,4.428571428571429,1.0,0
0,22,70.892039,11613.0,62.0,6,9,184.3333333333333,0.6,0
0,0,0.000863,98.0,252.0,2,2,0.3873517786561264,0.6666666666666666,0
0,5,5.623905,344.0,3003.0,9,5,0.114513981358189,1.5,0
0,5,117.786419,2657.0,11366.0,18,20,0.2337468109439605,0.8571428571428571,0
0,3,6.3e-05,12.0,0.0,2,0,12.0,2.0,0
0,5,2.789666,37.0,0.0,4,0,37.0,4.0,0
0,0,0.077715,68.0,150.0,2,2,0.4503311258278146,0.6666666666666666,0
0,3,6.02907,0.0,0.0,4,2,0.0,1.3333333333333333,0
0,22,0.000521,0.0,0.0,1,1,0.0,0.5,0
0,0,0.000162,98.0,220.0,2,2,0.4434389140271493,0.6666666666666666,0
0,22,3.3e-05,0.0,0.0,1,1,0.0,0.5,0
0,0,0.000183,64.0,188.0,2,2,0.3386243386243386,0.6666666666666666,0
0,5,0.301106,376.0,3508.0,7,5,0.1071530350527215,1.1666666666666667,0
0,0,0.030591,68.0,484.0,2,2,0.1402061855670103,0.6666666666666666,0
0,22,8.4e-05,0.0,0.0,1,1,0.0,0.5,0
0,5,3e-06,0.0,0.0,2,0,0.0,2.0,0
0,5,5.304335,123.0,46.0,5,1,2.617021276595745,2.5,0
0,0,0.030279,42.0,58.0,1,1,0.711864406779661,0.5,0
0,5,64.210133,1494.0,5705.0,17,15,0.2618296529968454,1.0625,0
0,3,5.288152,0.0,0.0,3,1,0.0,1.5,0
0,5,0.547429,12.0,0.0,2,0,12.0,2.0,0
0,0,0.083376,46.0,132.0,1,1,0.3458646616541353,0.5,0
0,0,0.071026,90.0,226.0,2,2,0.3964757709251101,0.6666666666666666,0
0,1,4.8e-05,0.0,0.0,2,0,0.0,2.0,0
0,22,1.4e-05,0.0,0.0,1,1,0.0,0.5,0
0,22,3.3e-05,6.0,12.0,1,2,0.4615384615384615,0.3333333333333333,0
0,0,0.030313,54.0,114.0,1,1,0.4695652173913043,0.5,0
0,0,0.048853,49.0,65.0,1,1,0.7424242424242424,0.5,0
0,0,0.000344,84.0,116.0,2,2,0.717948717948718,0.6666666666666666,0
0,3,0.000194,0.0,0.0,2,0,0.0,2.0,0
0,5,9e-06,6.0,6.0,1,1,0.8571428571428571,0.5,0
0,0,0.000348,90.0,322.0,2,2,0.2786377708978328,0.6666666666666666,0
0,0,0.027653,51.0,83.0,1,1,0.6071428571428571,0.5,0
0,22,4.6e-05,31.0,6.0,2,1,4.428571428571429,1.0,0
0,0,0.000213,46.0,46.0,2,2,0.9787234042553192,0.6666666666666666,0
0,22,95.924509,11607.0,62.0,7,9,184.23809523809524,0.7,0
0,22,3e-06,12.0,0.0,2,0,12.0,2.0,0
0,5,30.630151,3001.0,45987.0,36,47,0.0652561537792467,0.75,0
0,22,6.8e-05,6.0,6.0,1,1,0.8571428571428571,0.5,0
0,0,0.07554,76.0,128.0,2,2,0.5891472868217055,0.6666666666666666,0
0,22,5.6e-05,6.0,6.0,1,1,0.8571428571428571,0.5,0
0,22,1.8e-05,0.0,0.0,1,1,0.0,0.5,0
0,0,0.030411,50.0,66.0,1,1,0.746268656716418,0.5,0
0,5,4e-06,31.0,0.0,2,0,31.0,2.0,0
0,0,0.030551,70.0,186.0,2,2,0.374331550802139,0.6666666666666666,0
0,22,9.1e-05,31.0,6.0,2,1,4.428571428571429,1.0,0
0,5,0.215766,1198.0,571.0,6,6,2.0944055944055946,0.8571428571428571,0
0,3,0.041744,0.0,0.0,1,1,0.0,0.5,0
0,0,0.000188,88.0,202.0,2,2,0.4334975369458128,0.6666666666666666,0
0,22,2.1e-05,0.0,0.0,1,1,0.0,0.5,0
0,0,0.023882,76.0,172.0,2,2,0.4393063583815029,0.6666666666666666,0
0,5,5.868925,674.0,3007.0,9,5,0.2240691489361702,1.5,0
1,15,3.2e-05,2.0,6.0,1,1,0.2857142857142857,0.5,10
0,0,0.022471,64.0,176.0,2,2,0.3615819209039548,0.6666666666666666,0
0,0,0.000238,70.0,126.0,2,2,0.5511811023622047,0.6666666666666666,0
0,3,4.8e-05,12.0,0.0,2,0,12.0,2.0,0
0,22,1.6e-05,6.0,6.0,1,1,0.8571428571428571,0.5,0
0,22,1.175914,11601.0,26.0,8,2,429.6666666666667,2.6666666666666665,0
0,22,1e-06,4.0,0.0,2,0,4.0,2.0,0
0,3,0.000367,0.0,0.0,2,0,0.0,2.0,0
0,22,4.4e-05,6.0,6.0,1,1,0.8571428571428571,0.5,0
0,3,31.975713,321.0,2048.0,5,3,0.1566617862371888,1.25,0
0,0,0.079699,80.0,188.0,2,2,0.4232804232804232,0.6666666666666666,0
0,0,0.000261,84.0,228.0,2,2,0.3668122270742358,0.6666666666666666,0
0,0,0.00015,64.0,96.0,2,2,0.6597938144329897,0.6666666666666666,0
0,0,0.031527,68.0,330.0,2,2,0.2054380664652568,0.6666666666666666,0
0,11,1.500078,1950.0,0.0,39,0,1950.0,39.0,0
0,0,0.081634,76.0,108.0,2,2,0.6972477064220184,0.6666666666666666,0
0,5,0.000354,12.0,0.0,2,0,12.0,2.0,0
0,0,0.000161,134.0,166.0,2,2,0.8023952095808383,0.6666666666666666,0
0,0,0.000188,100.0,132.0,2,2,0.7518796992481203,0.6666666666666666,0
0,0,0.098028,45.0,189.0,1,1,0.2368421052631578,0.5,0
0,13,0.023761,48.0,48.0,1,1,0.979591836734694,0.5,0
1,21,7.5e-05,0.0,0.0,1,1,0.0,0.5,11
0,3,2.861128,392.0,510.0,4,4,0.7671232876712328,0.8,0
0,5,116.909052,3133.0,118186.0,103,96,0.0265088376894243,1.0618556701030928,0
0,5,3e-06,0.0,0.0,2,0,0.0,2.0,0
0,0,0.0002,112.0,368.0,2,2,0.3035230352303523,0.6666666666666666,0
0,5,2.8e-05,0.0,0.0,3,1,0.0,1.5,0
0,5,63.166186,169.0,92.0,7,2,1.8172043010752688,2.333333333333333,0
0,22,5e-06,77.0,0.0,3,0,77.0,3.0,0
0,22,4.8e-05,4.0,0.0,2,0,4.0,2.0,0
0,5,115.276843,1242.0,10265.0,23,21,0.1209818819403857,1.0454545454545454,0
0,0,0.061522,61.0,156.0,1,1,0.3885350318471338,0.5,0
0,22,4.9e-05,0.0,0.0,1,1,0.0,0.5,0
0,22,3.8e-05,0.0,0.0,1,1,0.0,0.5,0
0,5,119.110752,27822.0,143082.0,129,208,0.1944465799570878,0.6172248803827751,0
0,0,0.031031,47.0,106.0,1,1,0.4392523364485981,0.5,0
0,0,0.121626,48.0,235.0,1,1,0.2033898305084746,0.5,0
0,0,0.000258,82.0,176.0,2,2,0.4632768361581921,0.6666666666666666,0
0,3,0.000313,12.0,0.0,2,0,12.0,2.0,0
0,5,115.138241,1046.0,24776.0,29,34,0.0422165718206401,0.8285714285714286,0
0,3,0.210897,6.0,6.0,1,1,0.8571428571428571,0.5,0
0,22,7.109874,2994.0,6356.0,22,13,0.4709768758848513,1.5714285714285714,0
0,5,5.658553,393.0,5205.0,9,7,0.0754898194391087,1.125,0
0,22,3e-06,37.0,0.0,2,0,37.0,2.0,0
0,0,0.030862,88.0,200.0,2,2,0.4378109452736318,0.6666666666666666,0
0,22,0.000732,0.0,0.0,1,1,0.0,0.5,0
0,22,4.9e-05,4.0,0.0,2,0,4.0,2.0,0
0,0,0.070867,98.0,232.0,2,2,0.4206008583690987,0.6666666666666666,0
0,22,4.6e-05,0.0,0.0,1,1,0.0,0.5,0
0,5,9.486365,1226.0,6585.0,9,10,0.1861524445794108,0.8181818181818182,0
0,5,5e-06,6.0,37.0,1,2,0.1578947368421052,0.3333333333333333,0
0,22,4.9e-05,0.0,0.0,2,0,0.0,2.0,0
0,11,3e-06,124.0,0.0,2,0,124.0,2.0,0
0,0,0.030641,70.0,128.0,1,1,0.5426356589147286,0.5,0
0,5,15.850171,744.0,4233.0,10,9,0.1757203589985829,1.0,0
0,22,7e-06,6.0,6.0,1,1,0.8571428571428571,0.5,0
0,5,26.461105,8409.0,1331353.0,531,638,0.0063161262894767,0.8309859154929577,0
1,22,0.396198,100.0,0.0,5,0,100.0,5.0,11
0,22,2.2e-05,6.0,6.0,1,1,0.8571428571428571,0.5,0
0,5,0.047167,6.0,0.0,1,1,6.0,0.5,0
1,21,2.6e-05,0.0,0.0,1,1,0.0,0.5,11
0,3,3.194379,0.0,0.0,3,3,0.0,0.75,0
0,0,0.031424,88.0,194.0,2,2,0.4512820512820513,0.6666666666666666,0
0,0,0.000221,96.0,180.0,2,2,0.5303867403314917,0.6666666666666666,0
0,3,9e-06,6.0,6.0,1,1,0.8571428571428571,0.5,0
0,22,1.9e-05,0.0,0.0,1,1,0.0,0.5,0
0,5,0.415776,0.0,0.0,2,0,0.0,2.0,0
0,0,0.048718,72.0,194.0,2,2,0.3692307692307692,0.6666666666666666,0
0,5,90.961219,1737.0,31816.0,26,31,0.0545934563283779,0.8125,0
0,5,118.039063,123.0,123.0,6,3,0.9919354838709676,1.5,0
0,22,7.010396,920.0,644.0,7,4,1.426356589147287,1.4,0
0,0,0.023444,51.0,141.0,1,1,0.3591549295774648,0.5,0
0,22,3e-06,4.0,0.0,2,0,4.0,2.0,0
0,0,0.030757,42.0,109.0,1,1,0.3818181818181818,0.5,0
0,0,0.030641,82.0,194.0,2,2,0.4205128205128205,0.6666666666666666,0
0,3,0.085303,0.0,0.0,1,1,0.0,0.5,0
0,5,0.161668,871.0,64624.0,31,45,0.0134777562862669,0.6739130434782609,0
0,22,5.2e-05,0.0,0.0,1,1,0.0,0.5,0
0,0,0.054971,76.0,150.0,2,2,0.5033112582781457,0.6666666666666666,0
0,0,0.059853,51.0,67.0,1,1,0.75,0.5,0
0,22,9.6e-05,0.0,0.0,1,1,0.0,0.5,0
0,0,0.000173,142.0,242.0,2,2,0.5843621399176955,0.6666666666666666,0
0,22,0.000247,0.0,0.0,2,0,0.0,2.0,0
0,0,0.031201,64.0,186.0,2,2,0.3422459893048128,0.6666666666666666,0
0,3,116.124179,984.0,1830.0,18,15,0.537411250682687,1.125,0
0,0,0.061151,74.0,154.0,2,2,0.4774193548387097,0.6666666666666666,0
0,0,5.939525,103.0,455.0,2,2,0.2258771929824561,0.6666666666666666,0
0,5,5.478878,599.0,156.0,6,4,3.8152866242038215,1.2,0
0,0,0.023263,52.0,68.0,1,1,0.7536231884057971,0.5,0
0,5,5.37341,362.0,5199.0,9,6,0.0696153846153846,1.2857142857142858,0
0,5,102.066102,1214.0,53220.0,38,41,0.022810544709795,0.9047619047619048,0
0,22,0.000101,0.0,0.0,1,1,0.0,0.5,0
0,0,0.125985,40.0,162.0,1,1,0.2453987730061349,0.5,0
0,0,0.030976,46.0,110.0,1,1,0.4144144144144144,0.5,0
0,3,119.804403,940.0,557.0,18,15,1.6845878136200716,1.125,0
0,0,0.024139,150.0,314.0,2,2,0.4761904761904761,0.6666666666666666,0
0,5,117.175114,1380.0,1248.0,16,13,1.1048839071257006,1.1428571428571428,0
0,22,4.4e-05,6.0,6.0,1,1,0.8571428571428571,0.5,0
0,22,0.000303,0.0,0.0,2,0,0.0,2.0,0
0,0,0.037547,88.0,214.0,2,2,0.4093023255813953,0.6666666666666666,0
0,5,0.275336,0.0,0.0,1,1,0.0,0.5,0
0,22,3e-06,37.0,0.0,2,0,37.0,2.0,0
0,3,0.038754,0.0,0.0,1,1,0.0,0.5,0
0,22,0.012756,197.0,6.0,3,1,28.142857142857142,1.5,0
0,0,0.032227,52.0,68.0,1,1,0.7536231884057971,0.5,0
0,5,4.356909,748.0,5635.0,12,8,0.1327182398864443,1.3333333333333333,0
0,5,1.493012,990.0,3141.0,7,7,0.3150859325270528,0.875,0
0,22,3e-06,12.0,0.0,2,0,12.0,2.0,0
0,5,116.020344,949.0,9552.0,21,19,0.0993405213022087,1.05,0
0,0,0.000203,60.0,188.0,2,2,0.3174603174603174,0.6666666666666666,0
0,5,1.306728,542.0,4207.0,10,7,0.1288022813688213,1.25,0
0,13,0.06119,48.0,48.0,1,1,0.979591836734694,0.5,0
0,22,4.2e-05,0.0,0.0,1,1,0.0,0.5,0
0,5,0.036776,0.0,0.0,2,1,0.0,1.0,0
0,5,5.262216,362.0,5028.0,11,7,0.0719825014913501,1.375,0
0,0,0.06113,60.0,266.0,2,2,0.2247191011235955,0.6666666666666666,0
0,0,0.031159,80.0,158.0,2,2,0.5031446540880503,0.6666666666666666,0
0,0,0.000163,60.0,116.0,2,2,0.5128205128205128,0.6666666666666666,0
0,0,0.03098,88.0,108.0,4,2,0.8073394495412844,1.3333333333333333,0
0,5,0.000315,12.0,0.0,2,0,12.0,2.0,0
0,0,0.030794,156.0,200.0,4,2,0.7761194029850746,1.3333333333333333,0
0,22,7.2e-05,4.0,12.0,2,2,0.3076923076923077,0.6666666666666666,0
1,3,83.688308,335.0,11595.0,6,8,0.0288892721628147,0.6666666666666666,4
0,22,0.000217,37.0,6.0,2,1,5.285714285714286,1.0,0
0,3,0.003302,12.0,0.0,2,0,12.0,2.0,0
0,0,0.048468,54.0,108.0,1,1,0.4954128440366973,0.5,0
0,22,0.075316,17016.0,78.0,14,13,215.3924050632912,1.0,0
0,22,3e-06,37.0,0.0,2,0,37.0,2.0,0
0,3,32.73974,434.0,1774.0,7,7,0.2445070422535211,0.875,0
0,0,0.061169,60.0,264.0,2,2,0.2264150943396226,0.6666666666666666,0
0,5,4.00978,6.0,31.0,1,1,0.1875,0.5,0
0,0,0.000252,74.0,280.0,2,2,0.2633451957295373,0.6666666666666666,0
0,22,5.2e-05,0.0,24.0,1,4,0.0,0.2,0
0,0,0.218933,160.0,330.0,4,2,0.4833836858006042,1.3333333333333333,0
0,22,10.137233,6.0,36.0,1,6,0.1621621621621621,0.1428571428571428,0
0,0,0.030647,47.0,79.0,1,1,0.5875,0.5,0
0,0,0.000169,58.0,218.0,2,2,0.2648401826484018,0.6666666666666666,0
0,22,5.2e-05,4.0,12.0,2,2,0.3076923076923077,0.6666666666666666,0
0,0,0.000185,92.0,284.0,2,2,0.3228070175438596,0.6666666666666666,0
0,0,0.000179,96.0,180.0,2,2,0.5303867403314917,0.6666666666666666,0
0,5,55.312858,43.0,0.0,8,6,43.0,1.1428571428571428,0
0,0,0.060913,76.0,160.0,2,2,0.4720496894409938,0.6666666666666666,0
0,5,117.204824,889.0,5399.0,15,15,0.1646296296296296,0.9375,0
0,0,0.023779,55.0,119.0,1,1,0.4583333333333333,0.5,0
0,22,82.101381,11613.0,68.0,6,10,168.30434782608697,0.5454545454545454,0
0,0,0.04842,46.0,123.0,1,1,0.3709677419354839,0.5,0
0,0,0.000219,80.0,202.0,2,2,0.3940886699507389,0.6666666666666666,0
0,0,0.000177,44.0,108.0,2,2,0.4036697247706422,0.6666666666666666,0
0,22,3e-06,12.0,0.0,2,0,12.0,2.0,0
0,0,0.060984,140.0,134.0,4,2,1.037037037037037,1.3333333333333333,0
0,22,3e-06,4.0,0.0,2,0,4.0,2.0,0
0,0,0.030382,42.0,70.0,1,1,0.5915492957746479,0.5,0
0,5,5.082894,752.0,3728.0,10,8,0.2016626441405202,1.1111111111111112,0
0,5,49.435233,7117.0,550737.0,196,281,0.0129226601396671,0.6950354609929078,0
0,22,5.5e-05,4.0,12.0,2,2,0.3076923076923077,0.6666666666666666,0
0,22,5.7e-05,0.0,0.0,1,1,0.0,0.5,0
0,22,5.3e-05,0.0,0.0,1,1,0.0,0.5,0
0,5,0.186942,871.0,39643.0,22,31,0.021970537786298,0.6875,0
0,0,0.03705,55.0,125.0,1,1,0.4365079365079365,0.5,0
0,5,0.000347,0.0,0.0,2,0,0.0,2.0,0
0,5,30.240225,1126.0,3803.0,11,10,0.2960042060988433,1.0,0
0,0,0.000647,51.0,67.0,1,1,0.75,0.5,0
0,0,0.000205,88.0,210.0,2,2,0.4170616113744075,0.6666666666666666,0
0,3,116.943378,674.0,774.0,18,15,0.8696774193548387,1.125,0
0,3,5.196492,12.0,0.0,3,1,12.0,1.5,0
0,5,8.111947,54.0,0.0,9,0,54.0,9.0,0
0,22,5.9e-05,0.0,0.0,1,1,0.0,0.5,0
0,22,2.2e-05,0.0,0.0,1,1,0.0,0.5,0
1,3,63.108362,0.0,0.0,7,0,0.0,7.0,5
0,0,0.000155,68.0,178.0,2,2,0.3798882681564245,0.6666666666666666,0
0,3,0.305,309.0,537.0,3,2,0.5743494423791822,1.0,0
0,22,3.5e-05,6.0,6.0,1,1,0.8571428571428571,0.5,0
0,5,118.198061,2466.0,52642.0,42,51,0.0468438348878293,0.8076923076923077,0
0,0,0.0307,64.0,64.0,2,2,0.9846153846153848,0.6666666666666666,0
0,0,0.033653,54.0,111.0,1,1,0.4821428571428571,0.5,0
0,3,5.909835,0.0,0.0,3,1,0.0,1.5,0
0,22,4e-06,12.0,0.0,2,0,12.0,2.0,0
0,5,115.668522,1617.0,21869.0,28,30,0.0739368998628257,0.9032258064516128,0
0,0,0.068397,132.0,364.0,4,4,0.3616438356164383,0.8,0
0,5,0.00054,24.0,0.0,4,1,24.0,2.0,0
0,22,5.5e-05,0.0,0.0,1,1,0.0,0.5,0
0,22,4.8e-05,0.0,0.0,1,1,0.0,0.5,0
0,22,1.3e-05,31.0,0.0,3,0,31.0,3.0,0
0,5,0.231452,92.0,21.0,3,4,4.181818181818182,0.6,0
0,22,3.5e-05,4.0,12.0,2,2,0.3076923076923077,0.6666666666666666,0
0,0,0.050371,66.0,370.0,2,2,0.1778975741239892,0.6666666666666666,0
0,22,0.000246,12.0,0.0,2,0,12.0,2.0,0
0,0,0.137904,68.0,690.0,2,2,0.0984081041968162,0.6666666666666666,0
0,0,0.024757,70.0,184.0,2,2,0.3783783783783784,0.6666666666666666,0
0,13,0.034632,48.0,48.0,1,1,0.979591836734694,0.5,0
0,5,2.816328,3531.0,3850.0,8,7,0.9169047000779018,1.0,0
0,22,0.026348,43.0,6.0,3,1,6.142857142857143,1.5,0
0,5,118.914604,1914.0,96571.0,63,70,0.0198194093526073,0.8873239436619719,0
0,0,0.03282,128.0,512.0,4,4,0.2495126705653021,0.8,0
0,0,0.0002,70.0,166.0,2,2,0.4191616766467065,0.6666666666666666,0
0,0,0.000504,49.0,112.0,1,1,0.4336283185840708,0.5,0
1,3,68.533709,379.0,11595.0,7,6,0.0326836840289755,1.0,4
0,0,0.00051,53.0,119.0,1,1,0.4416666666666666,0.5,0
0,0,0.095195,51.0,86.0,1,1,0.5862068965517241,0.5,0
0,21,1.351672,2728.0,6634.0,41,42,0.4111529766390354,0.9534883720930232,0
0,22,9.3e-05,0.0,0.0,1,1,0.0,0.5,0
0,5,11.987727,634.0,0.0,5,0,634.0,5.0,0
0,0,0.031932,94.0,350.0,2,2,0.2678062678062678,0.6666666666666666,0
0,22,7.8e-05,0.0,0.0,1,1,0.0,0.5,0
0,5,4.107104,135.0,46.0,5,1,2.872340425531915,2.5,0
0,0,0.000193,66.0,386.0,2,2,0.1705426356589147,0.6666666666666666,0
0,5,0.000132,12.0,0.0,2,0,12.0,2.0,0
0,22,7.8e-05,0.0,0.0,1,1,0.0,0.5,0
0,0,0.156223,152.0,492.0,4,4,0.3083164300202839,0.8,0
0,5,0.138417,1155.0,735.0,10,5,1.5692934782608696,1.6666666666666667,0
1,3,103.271602,2142.0,11595.0,10,8,0.1847188685753708,1.1111111111111112,4
0,0,0.000179,162.0,258.0,2,2,0.6254826254826255,0.6666666666666666,0
0,0,0.000205,84.0,204.0,2,2,0.4097560975609756,0.6666666666666666,0
0,22,6.6e-05,4.0,12.0,2,2,0.3076923076923077,0.6666666666666666,0
0,0,0.000202,54.0,178.0,2,2,0.3016759776536313,0.6666666666666666,0
0,22,0.000101,114.0,12.0,2,2,8.76923076923077,0.6666666666666666,0
0,22,3.1e-05,0.0,0.0,1,1,0.0,0.5,0
0,22,3e-06,31.0,0.0,2,0,31.0,2.0,0
0,5,5.510602,123.0,46.0,5,1,2.617021276595745,2.5,0
0,22,0.00056,12.0,0.0,2,0,12.0,2.0,0
0,22,0.000323,0.0,0.0,2,1,0.0,1.0,0
0,0,0.02407,60.0,264.0,2,2,0.2264150943396226,0.6666666666666666,0
0,0,0.000188,88.0,472.0,2,2,0.1860465116279069,0.6666666666666666,0
0,0,0.000274,76.0,268.0,2,2,0.2825278810408922,0.6666666666666666,0
0,22,0.000347,0.0,0.0,3,0,0.0,3.0,0
0,0,0.090309,41.0,143.0,1,1,0.2847222222222222,0.5,0
0,3,115.675881,434.0,1770.0,16,14,0.2450592885375494,1.0666666666666669,0
0,22,0.001953,31.0,0.0,3,1,31.0,1.5,0
0,0,0.073352,40.0,170.0,1,1,0.2339181286549707,0.5,0
0,0,0.049604,88.0,168.0,2,2,0.5207100591715976,0.6666666666666666,0
0,5,0.011746,12.0,0.0,2,0,12.0,2.0,0
0,0,0.000229,92.0,348.0,2,2,0.2636103151862464,0.6666666666666666,0
0,0,0.061376,128.0,328.0,4,2,0.3890577507598784,1.3333333333333333,0
0,0,0.060668,46.0,105.0,1,1,0.4339622641509434,0.5,0
0,5,116.25749,706.0,32802.0,41,37,0.0215224217297198,1.0789473684210529,0
0,0,0.031058,64.0,96.0,2,2,0.6597938144329897,0.6666666666666666,0
0,5,52.362349,5218.0,305611.0,124,160,0.017073936887295,0.7701863354037267,0
0,5,8.490426,3125.0,7849.0,12,10,0.3980891719745223,1.0909090909090908,0
0,0,0.000182,78.0,142.0,2,2,0.5454545454545454,0.6666666666666666,0
0,0,0.051078,172.0,142.0,4,2,1.2027972027972027,1.3333333333333333,0
0,5,3e-06,0.0,0.0,2,0,0.0,2.0,0
0,0,0.000342,84.0,228.0,2,2,0.3668122270742358,0.6666666666666666,0
0,22,1e-05,6.0,6.0,1,1,0.8571428571428571,0.5,0
0,5,96.745363,1766.0,5695.0,17,16,0.3100421348314606,1.0,0
0,3,3.2e-05,12.0,0.0,2,0,12.0,2.0,0
0,0,0.072014,58.0,192.0,2,2,0.3005181347150259,0.6666666666666666,0
0,0,0.000211,86.0,204.0,2,2,0.4195121951219512,0.6666666666666666,0
0,5,118.689837,2581.0,18941.0,23,30,0.1362580508921972,0.7419354838709677,0
0,5,0.369325,376.0,3788.0,7,7,0.099234626550541,0.875,0
0,0,0.00018,84.0,212.0,2,2,0.3943661971830985,0.6666666666666666,0
0,0,0.031128,72.0,128.0,2,2,0.5581395348837209,0.6666666666666666,0
0,5,5.740441,380.0,3003.0,8,5,0.1264980026631158,1.3333333333333333,0
0,3,16.933631,503.0,1017.0,6,4,0.4941060903732809,1.2,0
0,5,41.068255,1827.0,6884.0,18,11,0.265359477124183,1.5,0
0,11,1.4e-05,650.0,0.0,13,0,650.0,13.0,0
0,3,9.3e-05,12.0,0.0,2,0,12.0,2.0,0
0,0,0.031075,64.0,117.0,1,1,0.5423728813559322,0.5,0
0,0,0.030694,82.0,226.0,2,2,0.3612334801762114,0.6666666666666666,0
0,0,0.143279,80.0,360.0,2,2,0.2216066481994459,0.6666666666666666,0
0,22,4.8e-05,4.0,0.0,2,0,4.0,2.0,0
0,5,5.016444,1704.0,152.0,7,4,11.137254901960784,1.4,0
0,0,0.03171,74.0,176.0,2,2,0.4180790960451977,0.6666666666666666,0
0,0,0.04636,64.0,117.0,1,1,0.5423728813559322,0.5,0
0,0,0.000139,76.0,108.0,2,2,0.6972477064220184,0.6666666666666666,0
0,0,0.000176,78.0,142.0,2,2,0.5454545454545454,0.6666666666666666,0
0,22,3e-06,0.0,0.0,2,0,0.0,2.0,0
0,5,5.073747,366.0,3710.0,8,6,0.0986257073565076,1.1428571428571428,0
0,3,117.74877,2770.0,7691.0,23,23,0.360114404576183,0.9583333333333334,0
0,5,5.76836,354.0,4718.0,9,7,0.0750158931977113,1.125,0
0,3,115.688563,870.0,1492.0,18,15,0.5827193569993302,1.125,0
0,0,0.00107,74.0,526.0,2,2,0.1404174573055028,0.6666666666666666,0
0,0,0.000253,46.0,46.0,2,2,0.9787234042553192,0.6666666666666666,0
0,22,9.1e-05,4.0,12.0,2,2,0.3076923076923077,0.6666666666666666,0
0,5,8.010371,74.0,0.0,2,0,74.0,2.0,0
0,0,0.000462,40.0,256.0,1,1,0.1556420233463035,0.5,0
0,22,3e-06,12.0,0.0,2,0,12.0,2.0,0
0,0,0.000129,72.0,104.0,2,2,0.6857142857142857,0.6666666666666666,0
0,5,0.21316,1972.0,479.0,11,7,4.108333333333333,1.375,0
0,0,0.000164,64.0,152.0,2,2,0.4183006535947712,0.6666666666666666,0
0,3,0.015461,6.0,6.0,1,1,0.8571428571428571,0.5,0
0,0,0.031705,64.0,96.0,2,2,0.6597938144329897,0.6666666666666666,0
0,0,0.09042,56.0,93.0,1,1,0.5957446808510638,0.5,0
0,0,0.000236,148.0,404.0,2,2,0.3654320987654321,0.6666666666666666,0
0,3,109.570305,503.0,1824.0,14,15,0.2756164383561644,0.875,0
0,5,0.09524,0.0,0.0,1,1,0.0,0.5,0
0,0,0.000208,82.0,242.0,2,2,0.3374485596707819,0.6666666666666666,0
1,1,8.625336,103.0,188.0,9,15,0.544973544973545,0.5625,7
0,5,9.9e-05,0.0,0.0,2,0,0.0,2.0,0
0,5,5.888838,611.0,143.0,6,3,4.243055555555555,1.5,0
0,22,6.6e-05,0.0,0.0,1,1,0.0,0.5,0
0,0,0.00028,72.0,454.0,2,2,0.1582417582417582,0.6666666666666666,0
0,0,0.001058,86.0,198.0,2,2,0.4321608040201005,0.6666666666666666,0
0,3,0.023096,0.0,0.0,1,1,0.0,0.5,0
1,22,0.0,0.0,0.0,0,0,0.0,0.0,7
0,3,119.167846,1748.0,2984.0,22,17,0.5855946398659967,1.2222222222222223,0
0,5,0.33096,561.0,5314.0,10,9,0.1055503292568203,1.0,0
0,0,0.030744,94.0,350.0,2,2,0.2678062678062678,0.6666666666666666,0
0,0,0.000179,80.0,112.0,2,2,0.7079646017699115,0.6666666666666666,0
0,0,0.000162,68.0,252.0,2,2,0.2687747035573122,0.6666666666666666,0
0,22,0.000114,4.0,12.0,2,2,0.3076923076923077,0.6666666666666666,0
0,5,0.018169,6.0,38.0,1,1,0.1538461538461538,0.5,0
0,0,0.050333,82.0,182.0,2,2,0.448087431693989,0.6666666666666666,0
0,22,1e-06,4.0,0.0,2,0,4.0,2.0,0
0,5,5.257348,710.0,4305.0,9,6,0.1648862052949373,1.2857142857142858,0
0,5,111.134251,7612.0,5768.0,22,22,1.3194661119778124,0.9565217391304348,0
0,5,118.055993,898.0,16189.0,22,23,0.0554663372452131,0.9166666666666666,0
0,0,0.000138,80.0,112.0,2,2,0.7079646017699115,0.6666666666666666,0
0,0,0.000143,102.0,134.0,2,2,0.7555555555555555,0.6666666666666666,0
0,22,3.4e-05,0.0,0.0,1,1,0.0,0.5,0
0,0,24.557497,140.0,484.0,4,4,0.2886597938144329,0.8,0
0,5,115.304967,855.0,60144.0,39,56,0.0142156455233186,0.6842105263157895,0
0,5,117.678932,1377.0,5155.0,19,18,0.2670674941815361,1.0,0
0,3,5.301718,0.0,0.0,4,2,0.0,1.3333333333333333,0
0,22,0.000104,6.0,6.0,1,1,0.8571428571428571,0.5,0
0,22,10.5984,6.0,36.0,1,6,0.1621621621621621,0.1428571428571428,0
0,5,70.093309,4620.0,6241.0,35,43,0.7401473886574815,0.7954545454545454,0
0,22,6.9e-05,6.0,6.0,1,1,0.8571428571428571,0.5,0
0,3,0.235485,410.0,988.0,6,4,0.4145601617795753,1.2,0
0,0,0.065549,160.0,244.0,4,2,0.6530612244897959,1.3333333333333333,0
0,22,4e-06,0.0,0.0,2,0,0.0,2.0,0
0,0,0.0003,84.0,246.0,2,2,0.340080971659919,0.6666666666666666,0
0,5,11.04554,12492.0,5225.0,12,12,2.3903559127439724,0.9230769230769232,0
0,0,0.060559,56.0,97.0,1,1,0.5714285714285714,0.5,0
0,22,6.1e-05,0.0,0.0,1,1,0.0,0.5,0
0,0,0.061904,70.0,448.0,2,2,0.155902004454343,0.6666666666666666,0
0,0,0.000197,80.0,264.0,2,2,0.3018867924528302,0.6666666666666666,0
0,0,0.111546,44.0,97.0,1,1,0.4489795918367347,0.5,0
0,22,6.9e-05,43.0,6.0,3,1,6.142857142857143,1.5,0
0,0,0.048514,82.0,114.0,2,2,0.7130434782608696,0.6666666666666666,0
0,0,0.085874,55.0,71.0,1,1,0.7638888888888888,0.5,0
0,0,0.031217,70.0,452.0,2,2,0.1545253863134658,0.6666666666666666,0
0,0,0.000198,96.0,212.0,2,2,0.4507042253521127,0.6666666666666666,0
1,3,109.972494,533.0,0.0,4,3,533.0,1.0,5
0,0,0.000156,72.0,104.0,2,2,0.6857142857142857,0.6666666666666666,0
0,5,118.319017,1176.0,5273.0,18,14,0.2229806598407281,1.2,0
0,5,3.175757,135.0,46.0,5,1,2.872340425531915,2.5,0
0,0,0.035806,55.0,110.0,1,1,0.4954954954954955,0.5,0
1,22,5.5e-05,2.0,6.0,1,1,0.2857142857142857,0.5,10
0,0,0.030935,95.0,207.0,1,1,0.4567307692307692,0.5,0
0,0,0.000227,88.0,144.0,2,2,0.6068965517241379,0.6666666666666666,0
0,5,0.121259,2477.0,3375.0,6,7,0.7337085308056872,0.75,0
0,0,0.000494,64.0,168.0,2,2,0.378698224852071,0.6666666666666666,0
0,3,5.906403,12.0,0.0,3,1,12.0,1.5,0
0,5,5.578713,367.0,3710.0,8,6,0.0988951765022904,1.1428571428571428,0
0,0,0.060677,78.0,134.0,2,2,0.5777777777777777,0.6666666666666666,0
0,22,4.8e-05,4.0,0.0,2,0,4.0,2.0,0
0,0,0.030773,72.0,104.0,2,2,0.6857142857142857,0.6666666666666666,0
0,0,0.06087,70.0,244.0,2,2,0.2857142857142857,0.6666666666666666,0
0,0,0.000232,90.0,222.0,2,2,0.4035874439461883,0.6666666666666666,0
0,3,5.911618,0.0,0.0,3,1,0.0,1.5,0
0,0,0.275723,45.0,91.0,1,1,0.4891304347826087,0.5,0
1,1,9.792742,99.0,188.0,9,15,0.5238095238095238,0.5625,7
0,0,0.194513,49.0,65.0,1,1,0.7424242424242424,0.5,0
0,22,1.2e-05,12.0,0.0,2,0,12.0,2.0,0
0,0,0.099914,60.0,188.0,2,2,0.3174603174603174,0.6666666666666666,0
0,0,0.031363,55.0,151.0,1,1,0.3618421052631579,0.5,0
0,3,117.610382,3054.0,448.0,18,17,6.801781737193764,1.0,0
0,0,0.000191,62.0,94.0,2,2,0.6526315789473685,0.6666666666666666,0
0,0,0.059141,51.0,111.0,1,1,0.4553571428571428,0.5,0
0,22,0.000132,6.0,6.0,1,1,0.8571428571428571,0.5,0
0,0,0.031141,70.0,126.0,2,2,0.5511811023622047,0.6666666666666666,0
1,3,32.02996,222.0,487.0,9,8,0.4549180327868852,1.0,6
0,1,0.152192,200.0,466.0,18,24,0.4282655246252677,0.72,0
0,22,9.6e-05,6.0,6.0,1,1,0.8571428571428571,0.5,0
0,5,5.449348,636.0,4881.0,18,19,0.1302744776730848,0.9,0
0,22,4.2e-05,253.0,0.0,3,0,253.0,3.0,0
0,0,0.061122,172.0,322.0,4,2,0.5325077399380805,1.3333333333333333,0
0,5,4.361741,123.0,46.0,5,1,2.617021276595745,2.5,0
0,5,117.572145,200.0,166.0,6,3,1.1976047904191616,1.5,0
0,0,0.000213,46.0,46.0,2,2,0.9787234042553192,0.6666666666666666,0
0,22,0.00017,31.0,0.0,3,1,31.0,1.5,0
0,0,0.150613,90.0,374.0,2,2,0.24,0.6666666666666666,0
0,3,0.023134,0.0,0.0,1,1,0.0,0.5,0
0,0,1.138493,60.0,264.0,2,2,0.2264150943396226,0.6666666666666666,0
0,22,2.7e-05,0.0,0.0,1,1,0.0,0.5,0
0,22,4.9e-05,4.0,0.0,2,0,4.0,2.0,0
0,0,0.000242,72.0,350.0,2,2,0.2051282051282051,0.6666666666666666,0
0,0,0.000147,58.0,90.0,2,2,0.6373626373626373,0.6666666666666666,0
0,5,0.10076,18.0,0.0,3,2,18.0,1.0,0
0,5,66.52333,1949.0,11558.0,21,22,0.1686132018340687,0.9130434782608696,0
0,5,5.853791,499.0,4504.0,8,6,0.1107658157602663,1.1428571428571428,0
0,0,0.266623,74.0,278.0,2,2,0.2652329749103942,0.6666666666666666,0
0,22,0.010931,280.0,6.0,2,1,40.0,1.0,0
0,22,4.9e-05,4.0,0.0,2,0,4.0,2.0,0
0,0,0.000523,49.0,131.0,1,1,0.3712121212121212,0.5,0
0,22,0.046847,410.0,24.0,5,4,16.4,1.0,0
0,22,4e-06,37.0,0.0,2,0,37.0,2.0,0
0,0,0.030831,64.0,96.0,2,2,0.6597938144329897,0.6666666666666666,0
0,22,0.000126,187.0,6.0,1,1,26.714285714285715,0.5,0
0,5,0.002564,12.0,0.0,2,0,12.0,2.0,0
0,5,5.095128,348.0,3378.0,8,3,0.1029890500147972,2.0,0
0,22,5e-05,4.0,12.0,2,2,0.3076923076923077,0.6666666666666666,0
0,0,0.143796,64.0,231.0,1,1,0.2758620689655172,0.5,0
1,3,0.165439,162.0,456.0,5,5,0.3544857768052516,0.8333333333333334,10
0,22,5e-05,89.0,0.0,4,0,89.0,4.0,0
0,0,0.023625,92.0,216.0,2,2,0.423963133640553,0.6666666666666666,0
0,0,0.000231,76.0,154.0,2,2,0.4903225806451612,0.6666666666666666,0
0,3,5.087167,0.0,0.0,3,1,0.0,1.5,0
0,5,117.564226,1059.0,5117.0,15,14,0.2069167643610785,1.0,0
0,3,0.02354,0.0,0.0,1,1,0.0,0.5,0
0,0,96.734221,132.0,321.0,2,2,0.4099378881987577,0.6666666666666666,0
0,5,5.487676,1615.0,5206.0,8,10,0.3101594008066065,0.7272727272727273,0
0,0,0.000229,84.0,246.0,2,2,0.340080971659919,0.6666666666666666,0
0,0,0.060972,58.0,186.0,1,1,0.3101604278074866,0.5,0
0,0,0.000226,88.0,200.0,2,2,0.4378109452736318,0.6666666666666666,0
0,0,0.030493,50.0,78.0,1,1,0.6329113924050633,0.5,0
0,5,0.014604,6.0,6.0,1,1,0.8571428571428571,0.5,0
0,5,115.796955,40692.0,10950.0,59,53,3.715825038809241,1.0925925925925926,0
0,0,0.048874,140.0,192.0,4,2,0.7253886010362695,1.3333333333333333,0
0,0,0.00014,78.0,110.0,2,2,0.7027027027027027,0.6666666666666666,0
0,0,0.030862,188.0,412.0,4,4,0.4552058111380145,0.8,0
0,22,1e-06,0.0,0.0,2,0,0.0,2.0,0
0,0,0.000398,76.0,420.0,2,2,0.180522565320665,0.6666666666666666,0
0,0,0.030921,68.0,250.0,2,2,0.2709163346613545,0.6666666666666666,0
0,22,0.440459,6.0,36.0,1,6,0.1621621621621621,0.1428571428571428,0
0,0,0.398034,44.0,175.0,1,1,0.25,0.5,0
0,0,0.000323,56.0,174.0,2,2,0.32,0.6666666666666666,0
0,0,0.0003,72.0,246.0,2,2,0.291497975708502,0.6666666666666666,0
0,0,0.024316,82.0,238.0,2,2,0.3430962343096234,0.6666666666666666,0
0,5,117.620935,1285.0,4360.0,14,15,0.2946571887181839,0.875,0
0,5,0.000116,12.0,0.0,2,0,12.0,2.0,0
0,5,5.296072,839.0,4107.0,7,7,0.2042356377799415,0.875,0
0,0,0.139403,78.0,420.0,2,2,0.1852731591448931,0.6666666666666666,0
0,0,0.000177,88.0,188.0,2,2,0.4656084656084656,0.6666666666666666,0
0,0,0.031034,84.0,284.0,2,2,0.2947368421052631,0.6666666666666666,0
0,5,114.587878,25941.0,11653.0,49,44,2.2259310108117383,1.0888888888888888,0
0,0,0.110843,72.0,136.0,2,2,0.5255474452554745,0.6666666666666666,0
0,0,0.077034,152.0,192.0,4,2,0.7875647668393783,1.3333333333333333,0
0,3,13.47064,209.0,1708.0,4,4,0.1222937390286717,0.8,0
0,0,0.031379,53.0,116.0,1,1,0.452991452991453,0.5,0
0,22,3e-06,12.0,0.0,2,0,12.0,2.0,0
0,22,9.7e-05,6.0,12.0,1,2,0.4615384615384615,0.3333333333333333,0
0,22,8.9e-05,6.0,12.0,1,2,0.4615384615384615,0.3333333333333333,0
0,0,1.602474,89.0,172.0,2,2,0.5144508670520231,0.6666666666666666,0
0,0,0.085242,60.0,264.0,2,2,0.2264150943396226,0.6666666666666666,0
0,5,33.360702,3651.0,49114.0,31,42,0.0743357426448132,0.7209302325581395,0
0,0,0.000154,86.0,198.0,2,2,0.4321608040201005,0.6666666666666666,0
0,22,4.560425,1375.0,30.0,1,6,44.354838709677416,0.1428571428571428,0
0,0,0.054475,74.0,202.0,2,2,0.3645320197044335,0.6666666666666666,0
0,22,5.3e-05,0.0,0.0,1,1,0.0,0.5,0
0,3,116.667122,31652.0,49265.0,52,71,0.6424714813461616,0.7222222222222222,0
0,0,0.048137,78.0,266.0,2,2,0.2921348314606741,0.6666666666666666,0
0,3,0.425026,12.0,0.0,2,0,12.0,2.0,0
0,5,118.6743,1103.0,60813.0,35,42,0.0181372710231196,0.813953488372093,0
0,3,64.063831,0.0,0.0,2,0,0.0,2.0,0
0,0,0.032178,90.0,304.0,2,2,0.2950819672131147,0.6666666666666666,0
0,0,0.067187,57.0,185.0,1,1,0.3064516129032258,0.5,0
0,22,4e-06,4.0,0.0,2,0,4.0,2.0,0
0,5,0.066378,86.0,7.0,3,3,10.75,0.75,0
0,0,0.024455,82.0,206.0,2,2,0.3961352657004831,0.6666666666666666,0
0,22,3.7e-05,6.0,6.0,1,1,0.8571428571428571,0.5,0
0,3,115.614504,456.0,979.0,16,14,0.4653061224489795,1.0666666666666669,0
0,0,0.000218,88.0,188.0,2,2,0.4656084656084656,0.6666666666666666,0
0,5,115.79522,973.0,84072.0,45,55,0.0115732756057235,0.8035714285714286,0
0,0,91.388049,152.0,712.0,4,4,0.2131837307152875,0.8,0
0,5,0.762556,955.0,4904.0,13,16,0.1946992864424057,0.7647058823529411,0
0,22,4e-05,6.0,6.0,1,1,0.8571428571428571,0.5,0
0,0,0.070971,84.0,414.0,2,2,0.2024096385542168,0.6666666666666666,0
0,22,0.000201,0.0,0.0,1,1,0.0,0.5,0
0,22,5.5e-05,6.0,6.0,1,1,0.8571428571428571,0.5,0
0,22,3e-06,12.0,0.0,2,0,12.0,2.0,0
1,3,5.727932,30.0,0.0,5,0,30.0,5.0,2
0,22,2.1e-05,6.0,6.0,1,1,0.8571428571428571,0.5,0
0,3,0.001519,12.0,0.0,2,0,12.0,2.0,0
0,22,4.9e-05,4.0,0.0,2,0,4.0,2.0,0
0,5,0.896122,535.0,4007.0,12,8,0.1334830339321357,1.3333333333333333,0
0,0,0.049769,42.0,58.0,1,1,0.711864406779661,0.5,0
0,0,0.201753,128.0,160.0,4,2,0.7950310559006211,1.3333333333333333,0
0,5,0.000471,64.0,0.0,4,0,64.0,4.0,0
0,0,0.001391,92.0,138.0,2,2,0.6618705035971223,0.6666666666666666,0
0,22,99.35671,11595.0,351.0,8,6,32.94034090909091,1.1428571428571428,0
0,5,115.263822,1907.0,80760.0,46,68,0.0236128824556407,0.6666666666666666,0
0,11,4e-06,62.0,62.0,1,1,0.984126984126984,0.5,0
0,0,88.790029,106.0,223.0,2,2,0.4732142857142857,0.6666666666666666,0
0,22,0.000149,6.0,6.0,1,1,0.8571428571428571,0.5,0
0,5,0.449623,1136.0,1167.0,10,6,0.9726027397260274,1.4285714285714286,0
0,5,0.076382,550.0,3494.0,8,5,0.1573676680972818,1.3333333333333333,0
0,0,0.000185,88.0,188.0,2,2,0.4656084656084656,0.6666666666666666,0
0,0,0.047423,90.0,202.0,2,2,0.4433497536945813,0.6666666666666666,0
0,3,0.088672,442.0,872.0,3,4,0.5063001145475372,0.6,0
0,13,0.022948,48.0,48.0,1,1,0.979591836734694,0.5,0
0,5,0.410056,376.0,3508.0,7,5,0.1071530350527215,1.1666666666666667,0
0,13,0.043103,48.0,48.0,1,1,0.979591836734694,0.5,0
0,0,0.03083,44.0,60.0,1,1,0.7213114754098361,0.5,0
0,21,0.000152,6.0,6.0,1,1,0.8571428571428571,0.5,0
0,0,0.02336,46.0,107.0,1,1,0.4259259259259259,0.5,0
0,0,0.023814,51.0,132.0,1,1,0.3834586466165413,0.5,0
0,0,0.000334,66.0,500.0,2,2,0.1317365269461078,0.6666666666666666,0
0,3,5.46099,435.0,1868.0,5,4,0.232744783306581,1.0,0
0,0,0.112281,52.0,177.0,1,1,0.2921348314606741,0.5,0
0,5,3e-06,12.0,0.0,2,0,12.0,2.0,0
0,22,3.6e-05,6.0,6.0,1,1,0.8571428571428571,0.5,0
0,22,94.185062,11613.0,68.0,7,10,168.30434782608697,0.6363636363636364,0
0,5,0.24846,1201.0,3751.0,7,7,0.3200959488272921,0.875,0
0,0,0.023963,52.0,114.0,1,1,0.4521739130434782,0.5,0
0,0,0.000126,80.0,144.0,2,2,0.5517241379310345,0.6666666666666666,0
0,5,4.8e-05,31.0,0.0,2,0,31.0,2.0,0
0,5,0.013249,6.0,6.0,1,1,0.8571428571428571,0.5,0
0,0,0.000151,62.0,94.0,2,2,0.6526315789473685,0.6666666666666666,0
1,3,84.499521,357.0,11595.0,9,6,0.0307864780958951,1.2857142857142858,4
0,0,0.00049,52.0,129.0,1,1,0.4,0.5,0
0,0,0.000167,162.0,326.0,2,2,0.4954128440366973,0.6666666666666666,0
0,5,0.122525,2838.0,362.0,6,6,7.818181818181818,0.8571428571428571,0
0,5,13.02144,31.0,0.0,4,2,31.0,1.3333333333333333,0
0,5,86.153003,3096.0,3243.0,7,7,0.9543773119605424,0.875,0
0,22,2.4e-05,6.0,6.0,1,1,0.8571428571428571,0.5,0
0,5,117.291504,1903.0,6938.0,20,21,0.27424700965557,0.9090909090909092,0
0,22,5.2e-05,6.0,6.0,1,1,0.8571428571428571,0.5,0
0,3,5.50665,0.0,0.0,3,1,0.0,1.5,0
0,5,60.565744,642.0,5631.0,16,13,0.1139914772727272,1.1428571428571428,0
0,22,1e-06,12.0,0.0,2,0,12.0,2.0,0
0,22,2e-06,12.0,0.0,2,0,12.0,2.0,0
0,5,0.286037,720.0,1295.0,10,5,0.5555555555555556,1.6666666666666667,0
0,5,0.607237,981.0,37362.0,18,24,0.0262559216337017,0.72,0
0,0,0.00025,84.0,310.0,2,2,0.270096463022508,0.6666666666666666,0
0,5,0.012658,29.0,0.0,5,0,29.0,5.0,0
0,22,5e-06,38.0,0.0,3,0,38.0,3.0,0
0,5,115.858358,1094.0,41100.0,34,42,0.0266173572419162,0.7906976744186046,0
0,0,0.000174,64.0,96.0,2,2,0.6597938144329897,0.6666666666666666,0
0,0,0.000205,92.0,348.0,2,2,0.2636103151862464,0.6666666666666666,0
0,5,0.175081,896.0,1471.0,10,5,0.6086956521739131,1.6666666666666667,0
0,5,65.613977,1432.0,9076.0,18,17,0.1577613749036025,1.0,0
0,0,0.000156,90.0,122.0,2,2,0.7317073170731707,0.6666666666666666,0
0,5,64.075054,187.0,92.0,7,2,2.010752688172043,2.333333333333333,0
0,22,0.005986,464.0,6.0,6,1,66.28571428571429,3.0,0
0,5,115.825222,743.0,24384.0,27,27,0.0304695509534549,0.9642857142857144,0
0,22,0.000466,12.0,0.0,2,0,12.0,2.0,0
0,22,0.000204,12.0,0.0,2,0,12.0,2.0,0
0,0,0.031752,46.0,153.0,1,1,0.2987012987012987,0.5,0
0,5,30.570125,690.0,4298.0,10,10,0.1605024424284717,0.9090909090909092,0
0,0,110.267091,189.0,301.0,3,3,0.6258278145695364,0.75,0
0,3,5.894708,12.0,0.0,3,1,12.0,1.5,0
0,0,0.048518,46.0,62.0,1,1,0.7301587301587301,0.5,0
0,0,0.087709,90.0,172.0,2,2,0.5202312138728323,0.6666666666666666,0
0,0,0.00017,68.0,100.0,2,2,0.6732673267326733,0.6666666666666666,0
0,0,0.049252,66.0,170.0,2,2,0.3859649122807017,0.6666666666666666,0
0,0,0.030468,53.0,81.0,1,1,0.6463414634146342,0.5,0
0,0,0.085641,68.0,182.0,2,2,0.3715846994535519,0.6666666666666666,0
0,0,0.067443,56.0,234.0,2,2,0.2382978723404255,0.6666666666666666,0
0,0,0.000487,50.0,111.0,1,1,0.4464285714285714,0.5,0
0,22,5.7e-05,6.0,6.0,1,1,0.8571428571428571,0.5,0
0,3,0.046556,1738.0,208.0,5,4,8.31578947368421,1.0,0
0,0,0.077889,44.0,177.0,1,1,0.247191011235955,0.5,0
0,5,0.032129,92.0,19.0,3,4,4.6,0.6,0
0,3,3.317308,6.0,6.0,3,3,0.8571428571428571,0.75,0
0,5,0.014605,12.0,0.0,2,0,12.0,2.0,0
0,0,0.000423,56.0,143.0,1,1,0.3888888888888889,0.5,0
0,22,0.000211,0.0,0.0,2,0,0.0,2.0,0
0,22,0.719341,6.0,18.0,1,3,0.3157894736842105,0.25,0
0,0,0.177295,68.0,210.0,2,2,0.3222748815165877,0.6666666666666666,0
0,22,0.000141,330.0,330.0,2,2,0.9969788519637462,0.6666666666666666,0
1,22,1.2e-05,2.0,6.0,1,1,0.2857142857142857,0.5,10
0,5,0.050262,431.0,3503.0,9,5,0.1230022831050228,1.5,0
0,3,60.620093,1416.0,1619.0,10,10,0.8740740740740741,0.9090909090909092,0
0,0,0.060585,64.0,117.0,1,1,0.5423728813559322,0.5,0
0,5,0.111119,1130.0,2111.0,10,5,0.5350378787878788,1.6666666666666667,0
0,0,0.061407,140.0,484.0,4,2,0.2886597938144329,1.3333333333333333,0
0,5,6.023773,379.0,5050.0,9,7,0.0750346466046327,1.125,0
0,0,0.000208,54.0,86.0,2,2,0.6206896551724138,0.6666666666666666,0
0,0,0.000755,80.0,200.0,2,2,0.3980099502487562,0.6666666666666666,0
0,0,0.023819,78.0,200.0,2,2,0.3880597014925373,0.6666666666666666,0
0,22,4e-06,37.0,0.0,3,0,37.0,3.0,0
0,0,0.000203,92.0,284.0,2,2,0.3228070175438596,0.6666666666666666,0
0,22,0.00048,0.0,0.0,1,1,0.0,0.5,0
0,0,0.000185,74.0,154.0,2,2,0.4774193548387097,0.6666666666666666,0
0,22,4.6e-05,12.0,0.0,2,0,12.0,2.0,0
0,0,0.031437,55.0,123.0,1,1,0.4435483870967742,0.5,0
0,5,108.966043,4031.0,15561.0,27,38,0.2590284025189564,0.6923076923076923,0
0,5,0.320079,676.0,711.0,10,4,0.949438202247191,2.0,0
0,0,0.000146,64.0,96.0,2,2,0.6597938144329897,0.6666666666666666,0
0,0,0.000166,76.0,132.0,2,2,0.5714285714285714,0.6666666666666666,0
0,0,0.000227,132.0,244.0,2,2,0.5387755102040817,0.6666666666666666,0
0,22,3e-06,12.0,0.0,2,0,12.0,2.0,0
0,0,0.000249,70.0,240.0,2,2,0.2904564315352697,0.6666666666666666,0
0,3,40.012521,904.0,3906.0,10,9,0.2313795751215766,1.0,0
0,0,0.047526,90.0,190.0,2,2,0.4712041884816754,0.6666666666666666,0
0,22,9.5e-05,4.0,12.0,2,2,0.3076923076923077,0.6666666666666666,0
0,0,0.000179,74.0,154.0,2,2,0.4774193548387097,0.6666666666666666,0
0,5,55.040414,53.0,0.0,8,6,53.0,1.1428571428571428,0
0,5,30.413382,4370.0,11431.0,25,17,0.3822603219034289,1.3888888888888888,0
0,3,115.958454,528.0,985.0,16,14,0.5354969574036511,1.0666666666666669,0
0,22,4.4e-05,0.0,0.0,1,1,0.0,0.5,0
0,22,0.000192,6.0,6.0,1,1,0.8571428571428571,0.5,0
0,22,4.8e-05,4.0,0.0,2,0,4.0,2.0,0
0,22,1.4e-05,12.0,6.0,2,1,1.7142857142857142,1.0,0
0,22,6.4e-05,4.0,12.0,2,2,0.3076923076923077,0.6666666666666666,0
0,22,3e-06,12.0,0.0,2,0,12.0,2.0,0
0,14,6.6e-05,4.0,12.0,2,2,0.3076923076923077,0.6666666666666666,0
0,3,60.476662,381.0,3154.0,10,11,0.1207606973058637,0.8333333333333334,0
0,3,113.61845,26364.0,45619.0,83,93,0.5779044278825076,0.8829787234042553,0
0,21,1.286956,2728.0,6634.0,41,42,0.4111529766390354,0.9534883720930232,0
0,0,0.032219,56.0,172.0,2,2,0.3236994219653179,0.6666666666666666,0
0,5,0.077824,121.0,3110.0,5,4,0.0388942462230793,1.0,0
0,5,60.977938,1594.0,5219.0,17,14,0.3053639846743295,1.1333333333333333,0
0,5,0.000456,18.0,0.0,3,0,18.0,3.0,0
0,5,3.415769,123.0,46.0,5,1,2.617021276595745,2.5,0
0,0,0.030868,86.0,216.0,2,2,0.3963133640552995,0.6666666666666666,0
0,0,0.267391,101.0,165.0,1,1,0.608433734939759,0.5,0
0,5,0.009729,0.0,0.0,2,0,0.0,2.0,0
0,5,16.911232,2407.0,13138.0,11,15,0.1831950681178172,0.6875,0
0,13,0.067682,48.0,48.0,1,1,0.979591836734694,0.5,0
0,22,1.4e-05,4.0,12.0,2,2,0.3076923076923077,0.6666666666666666,0
0,0,0.024195,76.0,418.0,2,2,0.1813842482100238,0.6666666666666666,0
0,13,0.016321,48.0,48.0,1,1,0.979591836734694,0.5,0
0,5,0.592681,871.0,60240.0,20,44,0.0144585913248452,0.4444444444444444,0
0,22,0.000643,0.0,0.0,1,1,0.0,0.5,0
0,22,5.2e-05,0.0,18.0,1,3,0.0,0.25,0
0,0,0.178021,90.0,122.0,2,2,0.7317073170731707,0.6666666666666666,0
0,22,1e-06,12.0,0.0,2,0,12.0,2.0,0
1,3,119.016325,16.0,0.0,2,2,16.0,0.6666666666666666,6
0,5,82.12046,406.0,75565.0,54,56,0.0053727867030145,0.9473684210526316,0
0,22,3e-06,12.0,0.0,2,0,12.0,2.0,0
0,5,8e-05,12.0,0.0,2,0,12.0,2.0,0
0,0,0.398259,64.0,364.0,2,2,0.1753424657534246,0.6666666666666666,0
0,22,4e-06,4.0,0.0,2,0,4.0,2.0,0
0,5,0.236965,376.0,3508.0,7,5,0.1071530350527215,1.1666666666666667,0
0,22,0.000199,0.0,0.0,1,1,0.0,0.5,0
0,5,5.062487,123.0,46.0,5,1,2.617021276595745,2.5,0
0,0,0.000151,98.0,130.0,2,2,0.7480916030534351,0.6666666666666666,0
0,3,60.643052,505.0,213.0,9,9,2.3598130841121496,0.9,0
0,5,4e-06,53.0,0.0,2,0,53.0,2.0,0
0,18,14.166947,7458.0,2396.0,25,18,3.111389236545682,1.3157894736842106,0
0,13,0.081103,48.0,48.0,1,1,0.979591836734694,0.5,0
0,22,5.8e-05,0.0,0.0,1,1,0.0,0.5,0
0,22,0.000104,4.0,12.0,2,2,0.3076923076923077,0.6666666666666666,0
0,0,0.023386,56.0,84.0,1,1,0.6588235294117647,0.5,0
0,0,0.023835,82.0,146.0,2,2,0.5578231292517006,0.6666666666666666,0
0,21,0.000155,0.0,0.0,1,1,0.0,0.5,0
0,0,0.079704,45.0,216.0,1,1,0.2073732718894009,0.5,0
0,22,4e-06,83.0,0.0,3,0,83.0,3.0,0
0,0,0.047133,74.0,202.0,2,2,0.3645320197044335,0.6666666666666666,0
0,22,3e-06,4.0,0.0,2,0,4.0,2.0,0
0,0,56.482842,104.0,190.0,2,2,0.5445026178010471,0.6666666666666666,0
0,5,0.095127,0.0,0.0,1,1,0.0,0.5,0
0,0,0.049394,62.0,236.0,2,2,0.2616033755274262,0.6666666666666666,0
0,3,0.001742,0.0,0.0,2,0,0.0,2.0,0
0,0,0.03102,84.0,204.0,2,2,0.4097560975609756,0.6666666666666666,0
0,0,0.061271,58.0,145.0,1,1,0.3972602739726027,0.5,0
0,22,9.562171,1375.0,24.0,1,5,55.0,0.1666666666666666,0
0,0,0.357698,86.0,236.0,2,2,0.3628691983122363,0.6666666666666666,0
0,0,0.031066,80.0,200.0,2,2,0.3980099502487562,0.6666666666666666,0
0,3,23.108047,2779.0,952.0,9,6,2.9160545645330536,1.2857142857142858,0
0,0,0.051075,94.0,206.0,2,2,0.4541062801932367,0.6666666666666666,0
0,0,0.000431,53.0,113.0,1,1,0.4649122807017544,0.5,0
0,0,0.049869,124.0,118.0,4,2,1.0420168067226891,1.3333333333333333,0
0,0,0.000151,66.0,166.0,2,2,0.3952095808383233,0.6666666666666666,0
0,21,0.000174,6.0,6.0,1,1,0.8571428571428571,0.5,0
0,5,0.481781,6.0,37.0,1,1,0.1578947368421052,0.5,0
0,5,116.777332,10839.0,9687.0,29,26,1.1188067712634189,1.0740740740740742,0
0,5,0.000114,12.0,0.0,2,0,12.0,2.0,0
0,3,5.158458,12.0,0.0,3,1,12.0,1.5,0
0,19,0.000138,37.0,0.0,3,0,37.0,3.0,0
0,0,0.000252,66.0,258.0,2,2,0.2548262548262548,0.6666666666666666,0
0,3,5.361124,457.0,1238.0,4,4,0.3688458434221146,0.8,0
0,0,0.024321,68.0,132.0,2,2,0.5112781954887218,0.6666666666666666,0
0,13,0.071716,48.0,48.0,1,1,0.979591836734694,0.5,0
0,22,8.2e-05,6.0,6.0,1,1,0.8571428571428571,0.5,0
0,22,4.1e-05,6.0,6.0,1,1,0.8571428571428571,0.5,0
0,22,2.9e-05,6.0,6.0,1,1,0.8571428571428571,0.5,0
0,0,0.077389,256.0,584.0,4,4,0.4376068376068376,0.8,0
0,0,0.000205,60.0,264.0,2,2,0.2264150943396226,0.6666666666666666,0
0,3,71.338888,1740.0,390099.0,141,264,0.0044603947705716,0.5320754716981132,0
0,5,0.167749,1134.0,4512.0,13,12,0.2512740970529581,1.0,0
0,5,5.7e-05,12.0,0.0,2,0,12.0,2.0,0
0,5,63.383475,123.0,46.0,6,1,2.617021276595745,3.0,0
0,5,116.054485,711.0,456599.0,184,234,0.0015571616294349,0.7829787234042553,0
0,5,0.055326,527.0,4225.0,8,5,0.1247042120208234,1.3333333333333333,0
0,22,4.7e-05,0.0,0.0,1,1,0.0,0.5,0
0,5,1.264035,538.0,4207.0,10,8,0.1278517110266159,1.1111111111111112,0
0,5,8.590587,1464.0,1922.0,11,9,0.7613104524180967,1.1,0
0,22,4.4e-05,6.0,6.0,1,1,0.8571428571428571,0.5,0
0,22,8.8e-05,0.0,0.0,1,1,0.0,0.5,0
0,22,4.7e-05,4.0,0.0,2,0,4.0,2.0,0
0,0,0.000166,90.0,172.0,2,2,0.5202312138728323,0.6666666666666666,0
0,0,0.00021,104.0,220.0,2,2,0.4705882352941176,0.6666666666666666,0
0,22,0.393732,65.0,6.0,3,2,9.285714285714286,1.0,0
0,0,24.871668,97.0,150.0,2,2,0.6423841059602649,0.6666666666666666,0
0,0,0.124103,48.0,106.0,1,1,0.4485981308411215,0.5,0
0,0,116.031819,119.0,232.0,2,2,0.5107296137339056,0.6666666666666666,0
0,3,115.380726,810.0,293.0,16,14,2.7551020408163267,1.0666666666666669,0
0,5,5.074071,366.0,3710.0,8,4,0.0986257073565076,1.6,0
0,0,0.050152,82.0,138.0,2,2,0.5899280575539568,0.6666666666666666,0
0,22,5.9e-05,4.0,12.0,2,2,0.3076923076923077,0.6666666666666666,0
0,0,77.42684,94.0,126.0,2,2,0.7401574803149606,0.6666666666666666,0
1,3,108.584852,363.0,0.0,4,3,363.0,1.0,5
0,22,81.358671,6.0,30.0,1,5,0.1935483870967742,0.1666666666666666,0
0,5,0.000919,12.0,0.0,2,0,12.0,2.0,0
0,0,0.000238,56.0,568.0,2,2,0.0984182776801406,0.6666666666666666,0
0,0,0.048267,68.0,172.0,2,2,0.3930635838150289,0.6666666666666666,0
0,0,0.031446,80.0,240.0,2,2,0.3319502074688796,0.6666666666666666,0
0,0,0.030692,56.0,72.0,1,1,0.7671232876712328,0.5,0
0,0,0.000209,80.0,270.0,2,2,0.2952029520295203,0.6666666666666666,0
0,3,61.24552,733.0,1299.0,10,10,0.5638461538461539,0.9090909090909092,0
0,3,3.249436,0.0,0.0,3,3,0.0,0.75,0
0,0,0.030407,55.0,71.0,1,1,0.7638888888888888,0.5,0
0,5,9.5e-05,0.0,0.0,2,0,0.0,2.0,0
0,5,0.243629,539.0,5664.0,13,10,0.0951456310679611,1.181818181818182,0
0,3,5.719697,0.0,0.0,3,1,0.0,1.5,0
0,0,0.031885,216.0,164.0,4,2,1.309090909090909,1.3333333333333333,0
0,0,0.100725,128.0,202.0,4,2,0.6305418719211823,1.3333333333333333,0
0,22,8.6e-05,0.0,0.0,1,1,0.0,0.5,0
0,0,0.047199,49.0,129.0,1,1,0.3769230769230769,0.5,0
0,0,6.140291,150.0,502.0,4,4,0.2982107355864811,0.8,0
0,0,0.000159,90.0,196.0,2,2,0.4568527918781725,0.6666666666666666,0
0,5,5.060741,377.0,6007.0,9,7,0.0627496671105193,1.125,0
0,22,9.9e-05,6.0,6.0,1,1,0.8571428571428571,0.5,0
0,22,3e-06,12.0,0.0,2,0,12.0,2.0,0
0,22,6e-05,0.0,0.0,1,1,0.0,0.5,0
0,18,119.985476,54.0,6.0,11,9,7.714285714285714,1.1,0
0,0,0.048219,46.0,62.0,1,1,0.7301587301587301,0.5,0
0,5,0.134976,1681.0,783.0,11,6,2.1441326530612246,1.5714285714285714,0
0,0,0.031182,52.0,68.0,1,1,0.7536231884057971,0.5,0
0,3,5.189158,12.0,0.0,3,1,12.0,1.5,0
0,22,6.1e-05,0.0,0.0,1,1,0.0,0.5,0
0,3,5.155186,0.0,0.0,4,2,0.0,1.3333333333333333,0
1,3,17.537091,294.0,3525.0,5,4,0.0833806012478729,1.0,3
0,0,0.000207,56.0,228.0,2,2,0.2445414847161572,0.6666666666666666,0
0,22,3e-06,12.0,0.0,2,0,12.0,2.0,0
0,22,9.9e-05,0.0,0.0,1,1,0.0,0.5,0
0,5,0.028419,0.0,0.0,3,1,0.0,1.5,0
0,0,0.139214,62.0,230.0,1,1,0.2683982683982684,0.5,0
0,0,0.000174,90.0,122.0,2,2,0.7317073170731707,0.6666666666666666,0
0,22,0.000101,37.0,0.0,2,1,37.0,1.0,0
0,22,5.2e-05,6.0,6.0,1,1,0.8571428571428571,0.5,0
0,0,0.032192,74.0,298.0,2,2,0.2474916387959866,0.6666666666666666,0
0,0,0.12776,72.0,184.0,2,2,0.3891891891891892,0.6666666666666666,0
0,3,119.476199,9651.0,434524.0,179,237,0.0222104596973706,0.7521008403361344,0
0,0,0.023862,68.0,158.0,2,2,0.4276729559748428,0.6666666666666666,0
0,3,0.000272,0.0,0.0,2,0,0.0,2.0,0
0,0,0.047186,45.0,152.0,1,1,0.2941176470588235,0.5,0
0,0,0.000262,58.0,446.0,2,2,0.1297539149888143,0.6666666666666666,0
0,0,0.063088,42.0,134.0,1,1,0.3111111111111111,0.5,0
0,22,3e-06,12.0,0.0,2,0,12.0,2.0,0
0,5,5.41552,376.0,4875.0,9,5,0.0771123872026251,1.5,0
0,22,0.000215,0.0,0.0,2,0,0.0,2.0,0
0,22,9.7e-05,0.0,0.0,1,1,0.0,0.5,0
0,0,0.031188,44.0,182.0,2,2,0.2404371584699453,0.6666666666666666,0
0,13,0.068117,48.0,48.0,1,1,0.979591836734694,0.5,0
0,22,4.8e-05,4.0,12.0,2,2,0.3076923076923077,0.6666666666666666,0
0,0,0.000108,58.0,232.0,2,2,0.2489270386266094,0.6666666666666666,0
1,3,97.722725,56.0,11607.0,8,5,0.0048242591316333,1.3333333333333333,2
0,5,5.336978,635.0,168.0,7,4,3.757396449704142,1.4,0
0,0,58.392662,116.0,199.0,2,2,0.58,0.6666666666666666,0
0,22,0.000106,4.0,12.0,2,2,0.3076923076923077,0.6666666666666666,0
0,0,0.023851,90.0,202.0,2,2,0.4433497536945813,0.6666666666666666,0
0,3,0.022218,6.0,6.0,1,1,0.8571428571428571,0.5,0
0,3,5.656494,0.0,0.0,3,1,0.0,1.5,0
0,0,0.000194,64.0,158.0,2,2,0.4025157232704403,0.6666666666666666,0
0,0,0.065409,56.0,106.0,1,1,0.5233644859813084,0.5,0
0,0,0.031115,94.0,206.0,2,2,0.4541062801932367,0.6666666666666666,0
0,5,44.908943,6.0,89.0,1,4,0.0666666666666666,0.2,0
0,0,0.055621,43.0,71.0,1,1,0.5972222222222222,0.5,0
0,16,3e-06,4.0,0.0,2,0,4.0,2.0,0
0,0,0.061133,102.0,226.0,2,2,0.4493392070484581,0.6666666666666666,0
0,0,4.635828,109.0,185.0,2,2,0.5860215053763441,0.6666666666666666,0
0,22,0.010393,38.0,6.0,3,1,5.428571428571429,1.5,0
0,5,12.481072,1562.0,9236.0,21,25,0.1691025224640034,0.8076923076923077,0
0,5,0.191363,376.0,3508.0,7,5,0.1071530350527215,1.1666666666666667,0
0,0,0.000179,80.0,112.0,2,2,0.7079646017699115,0.6666666666666666,0
0,13,0.000142,96.0,96.0,2,2,0.9896907216494846,0.6666666666666666,0
0,5,5.271379,347.0,6972.0,10,6,0.0497633730101821,1.4285714285714286,0
0,0,0.030708,196.0,154.0,4,2,1.264516129032258,1.3333333333333333,0
1,3,105.67467,2541.0,6.0,16,3,363.0,4.0,6
0,0,0.000173,84.0,204.0,2,2,0.4097560975609756,0.6666666666666666,0
0,5,0.053247,0.0,0.0,2,1,0.0,1.0,0
0,5,0.127805,356.0,3782.0,6,6,0.0941052075072693,0.8571428571428571,0
0,0,0.023931,60.0,158.0,2,2,0.3773584905660377,0.6666666666666666,0
0,3,116.012568,511.0,1498.0,16,15,0.3408939292861908,1.0,0
0,0,0.000258,94.0,220.0,2,2,0.4253393665158371,0.6666666666666666,0
0,0,0.000211,90.0,122.0,2,2,0.7317073170731707,0.6666666666666666,0
0,0,1.081693,89.0,330.0,2,2,0.2688821752265861,0.6666666666666666,0
0,22,3.4e-05,4.0,12.0,2,2,0.3076923076923077,0.6666666666666666,0
0,0,0.061855,72.0,286.0,2,2,0.2508710801393728,0.6666666666666666,0
0,5,0.000351,12.0,0.0,2,0,12.0,2.0,0
0,0,0.060302,72.0,328.0,2,2,0.2188449848024316,0.6666666666666666,0
0,3,0.051476,442.0,871.0,3,4,0.5068807339449541,0.6,0
0,5,0.675674,376.0,3788.0,7,7,0.099234626550541,0.875,0
0,22,6.8e-05,6.0,6.0,1,1,0.8571428571428571,0.5,0
0,0,0.033258,84.0,196.0,2,2,0.4263959390862944,0.6666666666666666,0
0,0,0.000157,108.0,140.0,2,2,0.7659574468085106,0.6666666666666666,0
0,22,0.000213,0.0,0.0,1,2,0.0,0.3333333333333333,0
0,22,0.003641,26286.0,6.0,19,12,3755.142857142857,1.4615384615384617,0
0,22,7.5e-05,0.0,0.0,1,1,0.0,0.5,0
0,22,7.8e-05,4.0,12.0,2,2,0.3076923076923077,0.6666666666666666,0
0,5,115.857319,1832.0,438.0,15,13,4.173120728929385,1.0714285714285714,0
0,22,5.1e-05,0.0,0.0,1,1,0.0,0.5,0
0,5,5.314336,446.0,5471.0,9,6,0.0815058479532163,1.2857142857142858,0
0,5,1e-06,0.0,0.0,2,0,0.0,2.0,0
0,22,1.3e-05,0.0,0.0,1,1,0.0,0.5,0
0,0,0.0311,66.0,500.0,2,2,0.1317365269461078,0.6666666666666666,0
0,22,6e-05,6.0,6.0,1,1,0.8571428571428571,0.5,0
0,22,0.027027,97.0,6.0,3,1,13.857142857142858,1.5,0
0,0,0.000188,64.0,96.0,2,2,0.6597938144329897,0.6666666666666666,0
0,5,0.502267,889.0,21908.0,27,23,0.040576931854489,1.125,0
0,0,0.060896,45.0,136.0,1,1,0.3284671532846715,0.5,0
0,3,0.00024,12.0,0.0,2,0,12.0,2.0,0
0,0,0.26018,46.0,94.0,1,1,0.4842105263157895,0.5,0
0,22,6.6e-05,0.0,0.0,1,1,0.0,0.5,0
0,22,9.3e-05,0.0,0.0,1,1,0.0,0.5,0
0,22,0.087462,0.0,18.0,2,3,0.0,0.5,0
0,5,0.183828,0.0,0.0,1,1,0.0,0.5,0
0,0,0.000192,168.0,424.0,2,2,0.3952941176470588,0.6666666666666666,0
0,5,6.10986,123.0,46.0,5,1,2.617021276595745,2.5,0
0,0,0.000195,96.0,180.0,2,2,0.5303867403314917,0.6666666666666666,0
0,0,0.224687,148.0,262.0,4,2,0.5627376425855514,1.3333333333333333,0
0,22,0.017663,0.0,6.0,2,1,0.0,1.0,0
0,0,0.259525,136.0,184.0,4,2,0.7351351351351352,1.3333333333333333,0
0,5,0.198285,6.0,6.0,1,1,0.8571428571428571,0.5,0
0,22,4.9e-05,4.0,0.0,2,0,4.0,2.0,0
0,5,18.493851,1430.0,13906.0,13,14,0.1028259150068311,0.8666666666666667,0
0,22,0.411189,2340.0,0.0,26,0,2340.0,26.0,0
0,22,0.000243,37.0,0.0,2,1,37.0,1.0,0
0,0,0.059577,66.0,178.0,2,2,0.3687150837988827,0.6666666666666666,0
0,22,4e-06,31.0,0.0,2,0,31.0,2.0,0
0,22,7.7e-05,6.0,6.0,1,1,0.8571428571428571,0.5,0
0,5,0.179006,12.0,0.0,2,0,12.0,2.0,0
0,5,63.017317,187.0,92.0,7,2,2.010752688172043,2.333333333333333,0
0,3,5.149914,0.0,0.0,3,1,0.0,1.5,0
0,5,9.003553,380.0,3429.0,8,6,0.1107871720116618,1.1428571428571428,0
0,3,112.11491,2622.0,4776.0,24,18,0.5488800502407368,1.263157894736842,0
0,22,1.6e-05,572.0,0.0,13,0,572.0,13.0,0
0,0,0.023928,43.0,176.0,1,1,0.2429378531073446,0.5,0
0,22,3e-06,37.0,0.0,2,0,37.0,2.0,0
0,0,0.000267,74.0,154.0,2,2,0.4774193548387097,0.6666666666666666,0
0,22,7.9e-05,0.0,0.0,1,1,0.0,0.5,0
0,0,0.000177,90.0,122.0,2,2,0.7317073170731707,0.6666666666666666,0
0,0,0.031744,62.0,168.0,2,2,0.3668639053254438,0.6666666666666666,0
0,0,0.124069,70.0,196.0,2,2,0.3553299492385787,0.6666666666666666,0
0,22,8.5e-05,4.0,12.0,2,2,0.3076923076923077,0.6666666666666666,0
0,11,3e-06,124.0,0.0,2,0,124.0,2.0,0
0,0,0.00022,102.0,158.0,2,2,0.6415094339622641,0.6666666666666666,0
0,5,0.07276,1366.0,592.0,11,6,2.3035413153457,1.5714285714285714,0
0,5,3e-06,12.0,0.0,2,0,12.0,2.0,0
1,3,0.041545,213.0,181.0,5,5,1.1703296703296704,0.8333333333333334,10
0,0,0.00035,76.0,172.0,2,2,0.4393063583815029,0.6666666666666666,0
0,0,0.030575,46.0,91.0,1,1,0.5,0.5,0
0,5,116.690817,1045.0,4399.0,14,13,0.2375,1.0,0
0,0,0.030809,56.0,337.0,1,1,0.165680473372781,0.5,0
0,5,0.433864,1375.0,4094.0,13,8,0.3357753357753357,1.4444444444444444,0
0,0,0.000173,80.0,112.0,2,2,0.7079646017699115,0.6666666666666666,0
0,22,3e-06,12.0,0.0,2,0,12.0,2.0,0
0,0,0.047953,79.0,127.0,1,1,0.6171875,0.5,0
0,0,0.061781,56.0,126.0,2,2,0.4409448818897638,0.6666666666666666,0
0,0,0.051747,58.0,126.0,1,1,0.4566929133858268,0.5,0
0,0,0.000302,58.0,230.0,2,2,0.2510822510822511,0.6666666666666666,0
0,22,1e-06,37.0,0.0,2,0,37.0,2.0,0
0,22,4.8e-05,4.0,0.0,2,0,4.0,2.0,0
0,5,0.001075,18.0,6.0,3,1,2.571428571428572,1.5,0
0,5,115.459602,657.0,16148.0,29,25,0.040683633661527,1.1153846153846154,0
0,3,22.530723,454.0,1782.0,6,6,0.2546270330902973,0.8571428571428571,0
0,3,115.984258,881.0,3184.0,19,17,0.2766091051805338,1.0555555555555556,0
0,5,0.133948,113.0,0.0,4,1,113.0,2.0,0
0,22,0.036321,38.0,6.0,2,1,5.428571428571429,1.0,0
0,3,6.7e-05,12.0,0.0,2,0,12.0,2.0,0
0,3,5.265364,0.0,0.0,3,1,0.0,1.5,0
0,5,36.735717,948.0,3701.0,13,7,0.2560777957860616,1.625,0
0,5,0.000348,0.0,0.0,2,0,0.0,2.0,0
1,3,6.390637,476.0,11632.0,10,4,0.0409180778818877,2.0,3
0,0,0.031098,90.0,228.0,2,2,0.3930131004366812,0.6666666666666666,0
0,0,0.000197,90.0,164.0,2,2,0.5454545454545454,0.6666666666666666,0
0,0,0.000207,76.0,332.0,2,2,0.2282282282282282,0.6666666666666666,0
0,3,0.058272,436.0,112.0,3,2,3.8584070796460175,1.0,0
0,3,6.8e-05,12.0,0.0,2,0,12.0,2.0,0
0,0,0.160846,56.0,174.0,1,1,0.32,0.5,0
0,0,0.000181,94.0,226.0,2,2,0.4140969162995594,0.6666666666666666,0
0,0,0.02391,64.0,112.0,1,1,0.5663716814159292,0.5,0
0,20,6.2e-05,4.0,12.0,2,2,0.3076923076923077,0.6666666666666666,0
0,22,5e-05,0.0,0.0,1,1,0.0,0.5,0
0,3,1.052656,576.0,2492.0,4,5,0.2310469314079422,0.6666666666666666,0
0,0,0.031683,164.0,240.0,4,2,0.6804979253112033,1.3333333333333333,0
0,0,0.02484,44.0,182.0,2,2,0.2404371584699453,0.6666666666666666,0
0,3,0.50765,441.0,871.0,3,4,0.5057339449541285,0.6,0
0,0,0.000189,76.0,132.0,2,2,0.5714285714285714,0.6666666666666666,0
0,0,0.000178,86.0,198.0,2,2,0.4321608040201005,0.6666666666666666,0
0,0,0.000191,66.0,190.0,2,2,0.3455497382198952,0.6666666666666666,0
0,0,0.000173,80.0,202.0,2,2,0.3940886699507389,0.6666666666666666,0
0,0,0.179323,54.0,132.0,1,1,0.4060150375939849,0.5,0
0,13,0.083969,48.0,48.0,1,1,0.979591836734694,0.5,0
0,22,0.000384,0.0,0.0,2,0,0.0,2.0,0
0,0,0.065416,91.0,158.0,1,1,0.5723270440251572,0.5,0
0,0,0.000173,46.0,46.0,2,2,0.9787234042553192,0.6666666666666666,0
1,3,32.028843,220.0,487.0,9,8,0.4508196721311475,1.0,6
0,22,4e-06,37.0,0.0,2,0,37.0,2.0,0
0,22,8.3e-05,0.0,0.0,1,1,0.0,0.5,0
0,3,0.035638,6.0,6.0,1,1,0.8571428571428571,0.5,0
0,22,0.014985,6.0,6.0,2,1,0.8571428571428571,1.0,0
0,5,117.356974,1340.0,79595.0,44,55,0.0168350168350168,0.7857142857142857,0
0,22,3e-06,0.0,0.0,2,0,0.0,2.0,0
0,22,5.5108,6.0,30.0,1,5,0.1935483870967742,0.1666666666666666,0
0,0,0.00017,76.0,172.0,2,2,0.4393063583815029,0.6666666666666666,0
0,5,0.000624,0.0,458.0,3,1,0.0,1.5,0
0,5,5.02664,955.0,4534.0,11,10,0.2105843439911797,1.0,0
0,22,0.000206,31.0,6.0,2,1,4.428571428571429,1.0,0
0,0,0.070523,48.0,157.0,1,1,0.3037974683544304,0.5,0
0,22,4.5e-05,6.0,6.0,1,1,0.8571428571428571,0.5,0
0,0,0.091544,80.0,268.0,2,2,0.2973977695167286,0.6666666666666666,0
0,0,0.000203,66.0,258.0,2,2,0.2548262548262548,0.6666666666666666,0
0,0,0.082748,70.0,254.0,2,2,0.2745098039215686,0.6666666666666666,0
0,3,0.051143,442.0,872.0,3,4,0.5063001145475372,0.6,0
0,22,0.000149,50.0,0.0,3,0,50.0,3.0,0
0,5,20.996445,998.0,6066.0,12,11,0.1644964562386682,1.0,0
0,5,15.746114,1121.0,4544.0,11,9,0.2466446644664466,1.1,0
0,22,6.5e-05,0.0,0.0,3,0,0.0,3.0,0
0,0,0.000211,86.0,142.0,2,2,0.6013986013986014,0.6666666666666666,0
0,5,0.16934,1197.0,5413.0,8,11,0.2210934613963797,0.6666666666666666,0
0,22,5.3e-05,0.0,0.0,1,1,0.0,0.5,0
0,0,0.031172,80.0,202.0,2,2,0.3940886699507389,0.6666666666666666,0
0,0,1.412386,88.0,194.0,2,2,0.4512820512820513,0.6666666666666666,0
0,22,4.1e-05,6.0,6.0,1,1,0.8571428571428571,0.5,0
0,11,2.9e-05,650.0,0.0,13,0,650.0,13.0,0
0,3,119.296742,950.0,3546.0,18,15,0.2678319706794474,1.125,0
0,22,0.000221,6.0,6.0,1,1,0.8571428571428571,0.5,0
0,0,0.000227,64.0,96.0,2,2,0.6597938144329897,0.6666666666666666,0
0,22,9.7e-05,0.0,0.0,1,1,0.0,0.5,0
0,5,4.7424,135.0,46.0,5,1,2.872340425531915,2.5,0
0,0,0.033219,74.0,332.0,2,2,0.2222222222222222,0.6666666666666666,0
0,22,7.2e-05,4.0,12.0,2,2,0.3076923076923077,0.6666666666666666,0
0,0,0.000294,74.0,590.0,2,2,0.1252115059221658,0.6666666666666666,0
0,0,0.030695,55.0,71.0,1,1,0.7638888888888888,0.5,0
0,22,0.000197,83.0,6.0,3,1,11.857142857142858,1.5,0
0,21,0.000151,0.0,0.0,1,1,0.0,0.5,0
0,0,0.000553,72.0,270.0,2,2,0.2656826568265683,0.6666666666666666,0
0,0,0.030647,40.0,56.0,1,1,0.7017543859649122,0.5,0
0,22,4.4e-05,4.0,12.0,2,2,0.3076923076923077,0.6666666666666666,0
0,22,1.7e-05,77.0,0.0,3,0,77.0,3.0,0
0,5,0.279466,704.0,1327.0,10,5,0.5301204819277109,1.6666666666666667,0
0,0,0.000167,60.0,264.0,2,2,0.2264150943396226,0.6666666666666666,0
0,3,5.308191,1232.0,479.0,4,4,2.566666666666667,0.8,0
0,3,4.359454,1775.0,121175.0,81,83,0.0146481151383112,0.9642857142857144,0
0,0,0.331707,62.0,242.0,2,2,0.2551440329218107,0.6666666666666666,0
0,0,0.02358,52.0,68.0,1,1,0.7536231884057971,0.5,0
0,0,1.811117,139.0,270.0,2,2,0.5129151291512916,0.6666666666666666,0
0,22,5.7e-05,6.0,6.0,1,1,0.8571428571428571,0.5,0
0,3,116.009093,962.0,1598.0,18,15,0.6016260162601627,1.125,0
0,0,0.024803,56.0,195.0,1,1,0.2857142857142857,0.5,0
0,22,6.9e-05,4.0,12.0,2,2,0.3076923076923077,0.6666666666666666,0
1,21,8.4e-05,0.0,0.0,1,1,0.0,0.5,11
0,5,75.325754,1412.0,3730.0,16,16,0.3784508174752077,0.9411764705882352,0
0,0,0.12038,70.0,264.0,2,2,0.2641509433962264,0.6666666666666666,0
0,0,0.00018,64.0,142.0,2,2,0.4475524475524475,0.6666666666666666,0
0,0,12.739682,99.0,331.0,2,2,0.2981927710843373,0.6666666666666666,0
0,3,65.139314,1467.0,957.0,14,12,1.5313152400835073,1.0769230769230769,0
0,0,0.037379,72.0,104.0,2,2,0.6857142857142857,0.6666666666666666,0
0,5,115.655245,4518.0,3349.0,21,19,1.3486567164179104,1.05,0
1,21,13.013916,2008.0,2745.0,24,32,0.7312454479242535,0.7272727272727273,11
0,5,66.074062,1024.0,4660.0,14,16,0.2196953443467067,0.8235294117647058,0
0,0,0.03065,55.0,71.0,1,1,0.7638888888888888,0.5,0
0,3,5.647127,12.0,0.0,3,1,12.0,1.5,0
0,3,115.500286,518.0,752.0,16,14,0.6879150066401063,1.0666666666666669,0
0,22,1e-06,37.0,0.0,2,0,37.0,2.0,0
0,5,115.236482,2937.0,10665.0,23,22,0.2753609600600037,1.0,0
0,22,5e-05,0.0,0.0,1,2,0.0,0.3333333333333333,0
0,0,0.000211,102.0,224.0,2,2,0.4533333333333333,0.6666666666666666,0
0,0,0.000157,74.0,106.0,2,2,0.6915887850467289,0.6666666666666666,0
0,22,7.8e-05,0.0,0.0,1,1,0.0,0.5,0
0,0,0.000248,104.0,332.0,2,2,0.3123123123123123,0.6666666666666666,0
0,0,0.031047,44.0,76.0,1,1,0.5714285714285714,0.5,0
0,0,0.000153,68.0,158.0,2,2,0.4276729559748428,0.6666666666666666,0
0,22,4.7e-05,43.0,0.0,3,0,43.0,3.0,0
0,22,4.7e-05,0.0,0.0,1,1,0.0,0.5,0
0,5,1.256692,833.0,4780.0,10,8,0.1742313323572474,1.1111111111111112,0
0,22,6.9e-05,0.0,0.0,1,1,0.0,0.5,0
0,22,4.8e-05,12.0,4.0,2,2,2.4,0.6666666666666666,0
0,5,0.094991,12.0,0.0,2,0,12.0,2.0,0
0,5,118.260714,1060.0,3532.0,19,19,0.3000283045570336,0.95,0
0,0,0.000206,84.0,212.0,2,2,0.3943661971830985,0.6666666666666666,0
0,3,2.506805,1031.0,1078.0,5,3,0.9555143651529192,1.25,0
0,3,5.70621,0.0,0.0,3,1,0.0,1.5,0
0,22,3e-06,12.0,0.0,2,0,12.0,2.0,0
0,5,30.428739,712.0,4048.0,13,10,0.175845887873549,1.181818181818182,0
0,22,0.052756,0.0,0.0,2,1,0.0,1.0,0
1,1,0.000262,14.0,0.0,2,1,14.0,1.0,7
0,22,3e-06,37.0,0.0,2,0,37.0,2.0,0
0,0,0.000201,72.0,328.0,2,2,0.2188449848024316,0.6666666666666666,0
0,0,0.04922,204.0,158.0,4,2,1.2830188679245282,1.3333333333333333,0
0,0,0.030952,70.0,232.0,2,2,0.3004291845493562,0.6666666666666666,0
0,0,0.061607,184.0,492.0,4,4,0.3732251521298174,0.8,0
0,0,0.033886,70.0,174.0,2,2,0.4,0.6666666666666666,0
0,0,0.000384,56.0,230.0,2,2,0.2424242424242424,0.6666666666666666,0
0,0,0.077596,84.0,372.0,2,2,0.225201072386059,0.6666666666666666,0
0,5,4e-06,37.0,0.0,2,0,37.0,2.0,0
0,0,0.00018,80.0,156.0,2,2,0.5095541401273885,0.6666666666666666,0
0,5,0.288153,376.0,3508.0,7,5,0.1071530350527215,1.1666666666666667,0
0,13,0.026353,48.0,48.0,1,1,0.979591836734694,0.5,0
0,0,0.000166,74.0,106.0,2,2,0.6915887850467289,0.6666666666666666,0
0,0,0.05106,55.0,71.0,1,1,0.7638888888888888,0.5,0
0,3,10.110103,3019.0,908.0,5,6,3.3212321232123214,0.7142857142857143,0
0,22,4e-06,37.0,0.0,2,0,37.0,2.0,0
0,3,46.31691,2027.0,1734.0,13,10,1.168299711815562,1.181818181818182,0
0,22,5.080008,12.0,0.0,2,0,12.0,2.0,0
0,5,0.279921,1035.0,5131.0,13,8,0.2016757599376461,1.4444444444444444,0
0,0,0.000214,96.0,180.0,2,2,0.5303867403314917,0.6666666666666666,0
0,5,2.961776,3005.0,571644.0,208,314,0.0052567590025277,0.6603174603174603,0
0,0,0.000171,66.0,194.0,2,2,0.3384615384615385,0.6666666666666666,0
0,0,0.024089,80.0,206.0,2,2,0.3864734299516908,0.6666666666666666,0
0,0,0.031939,42.0,115.0,1,1,0.3620689655172414,0.5,0
0,0,0.03084,68.0,158.0,2,2,0.4276729559748428,0.6666666666666666,0
0,3,29.050782,2540.0,1322.0,9,7,1.9198790627362057,1.125,0
0,5,116.074681,1131.0,3669.0,20,19,0.3081743869209809,1.0,0
0,3,0.023829,6.0,6.0,1,1,0.8571428571428571,0.5,0
0,0,0.226837,132.0,254.0,4,2,0.5176470588235295,1.3333333333333333,0
0,3,12.244919,1193.0,534.0,5,5,2.229906542056075,0.8333333333333334,0
0,0,0.000164,80.0,112.0,2,2,0.7079646017699115,0.6666666666666666,0
0,5,117.037182,2953.0,267836.0,109,157,0.0110253624405888,0.689873417721519,0
0,5,5.338374,31.0,0.0,3,1,31.0,1.5,0
1,4,0.064334,207.0,134.0,4,3,1.5333333333333334,1.0,1
0,3,0.290147,934.0,10223.0,10,11,0.0913536776212832,0.8333333333333334,0
0,0,0.03051,43.0,59.0,1,1,0.7166666666666667,0.5,0
0,0,0.0613,68.0,690.0,2,2,0.0984081041968162,0.6666666666666666,0
0,22,3e-06,37.0,0.0,2,0,37.0,2.0,0
0,0,0.00019,66.0,166.0,2,2,0.3952095808383233,0.6666666666666666,0
0,0,0.036947,62.0,318.0,2,2,0.1943573667711598,0.6666666666666666,0
0,22,5e-06,49.0,0.0,4,0,49.0,4.0,0
0,0,7.4e-05,70.0,102.0,2,2,0.6796116504854369,0.6666666666666666,0
0,0,24.158241,119.0,295.0,2,2,0.402027027027027,0.6666666666666666,0
0,5,0.997865,803.0,11371.0,15,15,0.0706120295462539,0.9375,0
0,22,6.3e-05,6.0,6.0,1,1,0.8571428571428571,0.5,0
0,22,3.6e-05,6.0,6.0,1,1,0.8571428571428571,0.5,0
0,3,11.051961,1122.0,1374.0,5,5,0.816,0.8333333333333334,0
0,22,3e-06,37.0,0.0,2,0,37.0,2.0,0
0,5,0.071852,1228.0,18929.0,20,19,0.0648705758055995,1.0,0
0,0,0.060244,55.0,110.0,1,1,0.4954954954954955,0.5,0
0,0,79.02348,131.0,269.0,2,2,0.4851851851851851,0.6666666666666666,0
0,0,0.000155,78.0,110.0,2,2,0.7027027027027027,0.6666666666666666,0
0,0,0.000195,60.0,188.0,2,2,0.3174603174603174,0.6666666666666666,0
0,0,0.101092,94.0,230.0,2,2,0.4069264069264069,0.6666666666666666,0
0,3,5.232,6.0,6.0,2,2,0.8571428571428571,0.6666666666666666,0
0,22,4e-06,4.0,0.0,2,0,4.0,2.0,0
0,3,119.634525,2258.0,8876.0,24,18,0.2543652134730201,1.263157894736842,0
0,0,0.031955,60.0,414.0,2,2,0.144578313253012,0.6666666666666666,0
0,0,0.023942,68.0,160.0,2,2,0.422360248447205,0.6666666666666666,0
0,0,0.000155,102.0,134.0,2,2,0.7555555555555555,0.6666666666666666,0
0,0,24.148075,105.0,283.0,2,2,0.3697183098591549,0.6666666666666666,0
0,12,0.063696,2488.0,3188.0,49,30,0.7801818751959863,1.5806451612903225,0
0,0,0.048347,62.0,510.0,2,2,0.12133072407045,0.6666666666666666,0
0,22,0.000107,6.0,6.0,1,1,0.8571428571428571,0.5,0
0,3,5.212881,12.0,0.0,3,1,12.0,1.5,0
0,0,0.031238,98.0,154.0,2,2,0.632258064516129,0.6666666666666666,0
0,22,5.1e-05,4.0,12.0,2,2,0.3076923076923077,0.6666666666666666,0
0,0,0.000315,66.0,438.0,2,2,0.1503416856492027,0.6666666666666666,0
0,5,2.452904,1453.0,109513.0,50,83,0.0132677100644666,0.5952380952380952,0
0,5,2.6e-05,6.0,12.0,1,2,0.4615384615384615,0.3333333333333333,0
0,5,0.721248,548.0,3230.0,9,4,0.1696069328381306,1.8,0
0,0,0.053675,50.0,188.0,1,1,0.2645502645502645,0.5,0
0,0,0.000245,46.0,46.0,2,2,0.9787234042553192,0.6666666666666666,0
0,3,0.047452,438.0,860.0,3,4,0.5087108013937283,0.6,0
0,0,0.031765,72.0,328.0,2,2,0.2188449848024316,0.6666666666666666,0
0,22,5.6e-05,4.0,0.0,2,0,4.0,2.0,0
0,0,0.116631,47.0,98.0,1,1,0.4747474747474747,0.5,0
0,0,0.081913,49.0,126.0,1,1,0.3858267716535433,0.5,0
0,5,4.8e-05,12.0,0.0,2,0,12.0,2.0,0
0,0,0.080682,148.0,154.0,4,2,0.9548387096774194,1.3333333333333333,0
0,22,0.000291,43.0,0.0,3,0,43.0,3.0,0
0,5,115.779915,895.0,17394.0,24,25,0.0514515665421098,0.9230769230769232,0
0,0,0.000197,68.0,100.0,2,2,0.6732673267326733,0.6666666666666666,0
1,0,0.797767,1191.0,0.0,6,0,1191.0,6.0,10
0,0,0.000239,74.0,494.0,2,2,0.1494949494949495,0.6666666666666666,0
0,0,0.000257,76.0,484.0,2,2,0.156701030927835,0.6666666666666666,0
0,22,2e-06,483.0,0.0,2,0,483.0,2.0,0
0,5,0.103452,0.0,0.0,1,1,0.0,0.5,0
0,0,0.062662,64.0,96.0,2,2,0.6597938144329897,0.6666666666666666,0
0,0,0.000218,76.0,170.0,2,2,0.4444444444444444,0.6666666666666666,0
0,0,0.000178,62.0,94.0,2,2,0.6526315789473685,0.6666666666666666,0
0,3,0.785476,1149.0,1351.0,5,5,0.8498520710059172,0.8333333333333334,0
0,0,0.051698,64.0,324.0,2,2,0.1969230769230769,0.6666666666666666,0
0,0,0.023424,54.0,105.0,1,1,0.5094339622641509,0.5,0
0,0,0.03151,72.0,184.0,2,2,0.3891891891891892,0.6666666666666666,0
0,22,1e-06,31.0,0.0,2,0,31.0,2.0,0
0,5,0.42861,1443.0,25297.0,22,22,0.0570400822199383,0.9565217391304348,0
0,0,0.030659,78.0,160.0,1,1,0.484472049689441,0.5,0
0,0,0.000132,56.0,88.0,2,2,0.6292134831460674,0.6666666666666666,0
0,0,0.000163,96.0,180.0,2,2,0.5303867403314917,0.6666666666666666,0
0,0,0.000196,88.0,204.0,2,2,0.4292682926829268,0.6666666666666666,0
0,5,115.775211,848.0,49303.0,38,47,0.017199415868895,0.7916666666666666,0
0,0,0.023653,95.0,177.0,1,1,0.5337078651685393,0.5,0
0,3,5.157673,0.0,0.0,3,1,0.0,1.5,0
0,0,0.001212,70.0,178.0,2,2,0.3910614525139664,0.6666666666666666,0
0,3,0.000154,12.0,0.0,2,0,12.0,2.0,0
0,22,2.2e-05,0.0,0.0,1,1,0.0,0.5,0
0,5,119.471756,2934.0,824684.0,219,422,0.0035577220393241,0.5177304964539007,0
0,0,0.260836,43.0,87.0,1,1,0.4886363636363636,0.5,0
0,5,116.460949,2263.0,373508.0,146,191,0.0060587562816424,0.7604166666666666,0
0,22,0.000112,6.0,6.0,1,1,0.8571428571428571,0.5,0
0,5,3e-06,12.0,0.0,2,0,12.0,2.0,0
0,3,0.000262,0.0,0.0,3,0,0.0,3.0,0
0,3,0.05031,6.0,6.0,1,1,0.8571428571428571,0.5,0
0,22,0.000273,12.0,0.0,2,0,12.0,2.0,0
0,0,0.047194,56.0,121.0,1,1,0.4590163934426229,0.5,0
0,0,0.156835,60.0,186.0,1,1,0.320855614973262,0.5,0
0,0,0.030993,66.0,386.0,2,2,0.1705426356589147,0.6666666666666666,0
0,22,0.000562,355.0,0.0,5,1,355.0,2.5,0
0,22,0.001217,3186.0,3184.0,9,6,1.000313971742543,1.2857142857142858,0
0,0,0.000228,66.0,164.0,2,2,0.4,0.6666666666666666,0
0,5,98.38737,947.0,17566.0,21,22,0.0539078954858541,0.9130434782608696,0
0,5,0.306702,370.0,3788.0,6,7,0.0976510952757983,0.75,0
0,22,0.000469,12.0,6.0,2,1,1.7142857142857142,1.0,0
0,5,17.106724,1707.0,6675.0,7,11,0.255692031156381,0.5833333333333334,0
0,0,0.000171,66.0,122.0,2,2,0.5365853658536586,0.6666666666666666,0
0,0,0.087324,69.0,135.0,1,1,0.5073529411764706,0.5,0
0,22,8.9e-05,0.0,0.0,1,1,0.0,0.5,0
0,5,0.144683,1579.0,3363.0,6,6,0.4693816884661118,0.8571428571428571,0
0,0,0.048287,40.0,112.0,1,1,0.3539823008849557,0.5,0
0,0,0.04902,72.0,168.0,2,2,0.4260355029585799,0.6666666666666666,0
0,22,6.165672,6.0,36.0,1,6,0.1621621621621621,0.1428571428571428,0
0,0,0.213743,44.0,60.0,1,1,0.7213114754098361,0.5,0
0,0,0.000214,134.0,390.0,2,2,0.3427109974424552,0.6666666666666666,0
0,0,0.000139,94.0,126.0,2,2,0.7401574803149606,0.6666666666666666,0
0,22,6e-05,0.0,0.0,1,1,0.0,0.5,0
1,21,13.526663,3288.0,5673.0,27,37,0.5794853718716955,0.7105263157894737,11
1,22,4.8e-05,6.0,6.0,1,1,0.8571428571428571,0.5,1
0,13,0.023085,48.0,48.0,1,1,0.979591836734694,0.5,0
0,0,0.000215,74.0,298.0,2,2,0.2474916387959866,0.6666666666666666,0
0,0,0.035728,60.0,76.0,1,1,0.7792207792207793,0.5,0
0,5,40.469106,915.0,18328.0,14,22,0.0499208903922745,0.6086956521739131,0
0,0,0.00017,64.0,96.0,2,2,0.6597938144329897,0.6666666666666666,0
0,22,4.9e-05,4.0,0.0,2,0,4.0,2.0,0
0,0,0.000156,82.0,114.0,2,2,0.7130434782608696,0.6666666666666666,0
0,22,0.000146,6.0,6.0,1,1,0.8571428571428571,0.5,0
0,22,0.000156,6.0,6.0,1,1,0.8571428571428571,0.5,0
0,22,3.6e-05,6.0,6.0,1,1,0.8571428571428571,0.5,0
0,21,0.000134,0.0,0.0,1,1,0.0,0.5,0
0,5,115.843595,1392.0,56534.0,41,44,0.0246219156274873,0.9111111111111112,0
0,0,0.061217,47.0,132.0,1,1,0.3533834586466165,0.5,0
0,5,1e-06,6.0,6.0,1,1,0.8571428571428571,0.5,0
0,3,5.116339,528.0,79.0,5,3,6.6,1.25,0
0,0,0.024083,68.0,196.0,2,2,0.3451776649746192,0.6666666666666666,0
0,5,55.520666,95.0,36.0,8,6,2.5675675675675675,1.1428571428571428,0
0,5,116.618684,1298.0,6906.0,25,20,0.187925293180831,1.1904761904761905,0
0,5,5.41415,351.0,3671.0,9,6,0.0955882352941176,1.2857142857142858,0
0,0,0.031816,52.0,68.0,1,1,0.7536231884057971,0.5,0
0,3,0.005354,12.0,0.0,2,0,12.0,2.0,0
0,0,0.17959,62.0,172.0,2,2,0.3583815028901734,0.6666666666666666,0
0,5,112.847954,1141.0,6510.0,18,20,0.17524189832591,0.8571428571428571,0
0,3,0.0006,0.0,0.0,2,0,0.0,2.0,0
0,3,0.144189,0.0,0.0,3,0,0.0,3.0,0
0,0,0.199197,102.0,192.0,1,1,0.5284974093264249,0.5,0
0,5,5.112144,1879.0,6033.0,8,9,0.3114020550215445,0.8,0
0,0,0.023352,49.0,104.0,1,1,0.4666666666666667,0.5,0
0,5,119.137035,2145.0,8055.0,21,25,0.2662611717974181,0.8076923076923077,0
0,0,0.150812,80.0,314.0,2,2,0.2539682539682539,0.6666666666666666,0
0,22,0.000291,31.0,0.0,3,0,31.0,3.0,0
0,5,116.089026,1162.0,19831.0,33,29,0.058592174263816,1.1,0
0,0,0.103143,68.0,210.0,2,2,0.3222748815165877,0.6666666666666666,0
0,3,0.016251,6.0,6.0,1,1,0.8571428571428571,0.5,0
0,5,82.068233,2163.0,15041.0,23,29,0.1437973673713602,0.7666666666666667,0
0,5,116.217034,771.0,6979.0,20,17,0.110458452722063,1.1111111111111112,0
0,0,0.083685,76.0,230.0,2,2,0.329004329004329,0.6666666666666666,0
0,5,0.191923,376.0,3508.0,7,5,0.1071530350527215,1.1666666666666667,0
0,0,0.000147,80.0,112.0,2,2,0.7079646017699115,0.6666666666666666,0
0,5,0.215553,771.0,479.0,10,4,1.60625,2.0,0
0,0,0.124769,66.0,274.0,2,2,0.24,0.6666666666666666,0
0,0,0.023993,86.0,130.0,2,2,0.6564885496183206,0.6666666666666666,0
0,5,115.837389,1088.0,2689.0,20,17,0.4044609665427509,1.1111111111111112,0
0,5,0.296605,0.0,0.0,4,0,0.0,4.0,0
0,3,8.228538,1035.0,59492.0,30,44,0.0173970046896273,0.6666666666666666,0
0,0,0.024228,78.0,334.0,2,2,0.2328358208955223,0.6666666666666666,0
0,0,0.062447,62.0,108.0,2,2,0.5688073394495413,0.6666666666666666,0
0,22,6.2e-05,0.0,0.0,1,1,0.0,0.5,0
0,5,0.217322,707.0,3081.0,12,8,0.2293964957819597,1.3333333333333333,0
0,5,115.367595,7250.0,24545.0,31,38,0.2953638067302208,0.7948717948717948,0
0,0,0.031372,60.0,234.0,2,2,0.2553191489361702,0.6666666666666666,0
0,0,0.000406,58.0,145.0,1,1,0.3972602739726027,0.5,0
0,3,31.972586,838.0,3532.0,9,8,0.2371921879422587,1.0,0
0,0,50.779842,175.0,272.0,3,3,0.6410256410256411,0.75,0
0,5,2.6e-05,0.0,0.0,1,2,0.0,0.3333333333333333,0
0,0,0.047994,48.0,126.0,1,1,0.3779527559055118,0.5,0
0,0,0.048364,57.0,136.0,1,1,0.4160583941605839,0.5,0
0,3,115.662302,2820.0,1729.0,17,16,1.630057803468208,1.0,0
0,0,0.000275,76.0,394.0,2,2,0.1924050632911392,0.6666666666666666,0
0,3,10.249597,369.0,177.0,5,3,2.0730337078651684,1.25,0
0,0,0.023218,40.0,102.0,1,1,0.3883495145631068,0.5,0
0,22,4e-06,12.0,0.0,3,0,12.0,3.0,0
0,21,0.000133,6.0,6.0,1,1,0.8571428571428571,0.5,0
0,22,5.831237,6.0,36.0,1,6,0.1621621621621621,0.1428571428571428,0
0,22,8.4e-05,0.0,0.0,2,1,0.0,1.0,0
0,0,0.030686,51.0,112.0,1,1,0.4513274336283185,0.5,0
0,3,119.035164,12.0,0.0,12,13,12.0,0.8571428571428571,0
0,22,0.019561,0.0,0.0,2,1,0.0,1.0,0
0,0,0.032133,78.0,134.0,2,2,0.5777777777777777,0.6666666666666666,0
0,3,0.072648,12.0,0.0,2,0,12.0,2.0,0
0,5,8.649374,1295.0,3754.0,8,7,0.3448735019973369,1.0,0
0,22,3e-06,4.0,0.0,2,0,4.0,2.0,0
0,0,0.04945,148.0,154.0,4,2,0.9548387096774194,1.3333333333333333,0
0,5,4.09288,129.0,41.0,5,1,3.071428571428572,2.5,0
0,0,0.000386,80.0,312.0,2,2,0.255591054313099,0.6666666666666666,0
0,0,0.000292,56.0,568.0,2,2,0.0984182776801406,0.6666666666666666,0
0,5,5.407437,599.0,160.0,7,3,3.720496894409938,1.75,0
0,5,4.943584,135.0,46.0,5,1,2.872340425531915,2.5,0
0,0,0.000168,86.0,198.0,2,2,0.4321608040201005,0.6666666666666666,0
0,0,0.000354,76.0,418.0,2,2,0.1813842482100238,0.6666666666666666,0
0,0,0.000225,84.0,204.0,2,2,0.4097560975609756,0.6666666666666666,0
0,21,0.000121,0.0,0.0,1,1,0.0,0.5,0
0,0,0.047977,90.0,206.0,2,2,0.4347826086956521,0.6666666666666666,0
0,0,0.000151,86.0,204.0,2,2,0.4195121951219512,0.6666666666666666,0
0,0,0.000185,88.0,256.0,2,2,0.3424124513618677,0.6666666666666666,0
0,0,0.097737,98.0,222.0,2,2,0.4394618834080717,0.6666666666666666,0
0,22,0.000712,0.0,0.0,1,1,0.0,0.5,0
0,5,0.001641,37.0,0.0,5,0,37.0,5.0,0
0,0,0.136704,84.0,202.0,2,2,0.4137931034482758,0.6666666666666666,0
0,5,0.373622,560.0,4054.0,11,7,0.1381011097410604,1.375,0
0,5,57.617599,684.0,15648.0,15,14,0.043708863186146,1.0,0
1,3,108.725132,364.0,0.0,4,3,364.0,1.0,5
0,22,3e-06,37.0,0.0,2,0,37.0,2.0,0
0,22,0.000133,6.0,6.0,1,1,0.8571428571428571,0.5,0
0,0,0.038135,56.0,120.0,1,1,0.4628099173553719,0.5,0
1,3,11.901364,329.0,11632.0,7,4,0.0282816126536577,1.4,3
0,0,0.000324,90.0,392.0,2,2,0.2290076335877862,0.6666666666666666,0
0,0,0.063062,64.0,210.0,2,2,0.3033175355450237,0.6666666666666666,0
0,22,3e-06,37.0,0.0,2,0,37.0,2.0,0
1,22,4.8e-05,6.0,6.0,1,1,0.8571428571428571,0.5,1
0,13,0.022324,48.0,48.0,1,1,0.979591836734694,0.5,0
0,5,0.010925,12.0,0.0,2,0,12.0,2.0,0
0,0,0.050196,132.0,122.0,4,2,1.0731707317073171,1.3333333333333333,0
0,22,4e-06,37.0,0.0,2,0,37.0,2.0,0
0,3,-1e-06,6.0,6.0,1,1,0.8571428571428571,0.5,0
0,0,0.051599,68.0,114.0,2,2,0.591304347826087,0.6666666666666666,0
0,5,6.01095,344.0,3664.0,10,6,0.0938608458390177,1.4285714285714286,0
0,3,0.005294,0.0,0.0,2,0,0.0,2.0,0
0,22,113.749445,0.0,0.0,165,0,0.0,165.0,0
0,0,0.12096,62.0,162.0,2,2,0.3803680981595092,0.6666666666666666,0
0,0,0.000153,80.0,144.0,2,2,0.5517241379310345,0.6666666666666666,0
0,0,4.04292,120.0,210.0,2,2,0.5687203791469194,0.6666666666666666,0
0,0,0.030993,62.0,90.0,1,1,0.6813186813186813,0.5,0
0,0,0.000208,94.0,196.0,2,2,0.4771573604060913,0.6666666666666666,0
0,5,7.170369,377.0,6146.0,9,8,0.0613307304376118,1.0,0
0,5,6.077792,365.0,3628.0,8,6,0.100578671810416,1.1428571428571428,0
0,22,0.002117,276.0,6.0,4,1,39.42857142857143,2.0,0
0,22,0.000257,76.0,12.0,3,2,5.846153846153846,1.0,0
0,22,0.013555,0.0,0.0,2,0,0.0,2.0,0
0,22,7.7e-05,6.0,6.0,1,1,0.8571428571428571,0.5,0
0,0,0.000228,118.0,182.0,2,2,0.644808743169399,0.6666666666666666,0
0,22,101.194084,3022.0,2952.0,8,10,1.023366068405012,0.7272727272727273,0
0,5,1.4e-05,0.0,0.0,1,2,0.0,0.3333333333333333,0
0,22,5.4e-05,0.0,0.0,1,1,0.0,0.5,0
1,3,63.130772,0.0,0.0,7,0,0.0,7.0,5
1,22,7.6e-05,2.0,6.0,1,1,0.2857142857142857,0.5,10
0,0,0.046619,104.0,220.0,2,2,0.4705882352941176,0.6666666666666666,0
0,0,0.000156,78.0,110.0,2,2,0.7027027027027027,0.6666666666666666,0
0,0,0.000574,59.0,120.0,1,1,0.4876033057851239,0.5,0
0,0,0.0309,53.0,81.0,1,1,0.6463414634146342,0.5,0
0,5,5.061219,645.0,161.0,7,4,3.9814814814814814,1.4,0
0,0,0.000189,46.0,46.0,2,2,0.9787234042553192,0.6666666666666666,0
0,0,0.095702,94.0,204.0,2,2,0.4585365853658537,0.6666666666666666,0
0,0,0.061303,60.0,266.0,2,2,0.2247191011235955,0.6666666666666666,0
0,22,0.004889,280.0,6.0,2,1,40.0,1.0,0
0,0,0.062195,55.0,112.0,1,1,0.4867256637168141,0.5,0
0,22,0.076747,11607.0,26.0,5,2,429.8888888888889,1.6666666666666667,0
0,22,5.3e-05,0.0,0.0,1,1,0.0,0.5,0
0,22,3.4e-05,0.0,0.0,1,1,0.0,0.5,0
0,0,0.047455,57.0,138.0,1,1,0.4100719424460431,0.5,0
1,3,6.08819,18.0,10946.0,8,2,0.0016442861057824,2.6666666666666665,10
0,5,3.120498,636.0,4343.0,12,11,0.1464088397790055,1.0,0
0,22,3.4e-05,6.0,6.0,1,1,0.8571428571428571,0.5,0
0,0,0.060719,64.0,117.0,1,1,0.5423728813559322,0.5,0
0,0,0.000167,68.0,132.0,2,2,0.5112781954887218,0.6666666666666666,0
0,22,4e-06,0.0,0.0,2,0,0.0,2.0,0
0,22,4e-05,4.0,12.0,2,2,0.3076923076923077,0.6666666666666666,0
0,0,0.047021,152.0,376.0,4,2,0.403183023872679,1.3333333333333333,0
0,5,116.583226,823.0,4874.0,21,19,0.1688205128205128,1.05,0
0,22,8e-05,0.0,0.0,1,1,0.0,0.5,0
0,3,0.008465,0.0,0.0,2,0,0.0,2.0,0
0,0,0.000198,104.0,212.0,2,2,0.488262910798122,0.6666666666666666,0
0,5,115.308534,594.0,0.0,15,11,594.0,1.25,0
0,0,0.044549,65.0,127.0,1,1,0.5078125,0.5,0
0,0,0.103815,58.0,490.0,2,2,0.1181262729124236,0.6666666666666666,0
0,5,14.317211,4202.0,2553.0,12,12,1.6452623335943617,0.9230769230769232,0
0,0,0.032125,58.0,152.0,1,1,0.3790849673202614,0.5,0
0,22,5.9e-05,0.0,0.0,1,1,0.0,0.5,0
0,0,0.000215,84.0,204.0,2,2,0.4097560975609756,0.6666666666666666,0
0,18,10.72221,7978.0,3368.0,25,20,2.368061739388543,1.1904761904761905,0
0,3,0.015025,6.0,6.0,1,1,0.8571428571428571,0.5,0
0,0,0.031165,80.0,274.0,2,2,0.2909090909090909,0.6666666666666666,0
0,5,33.059793,4102.0,65683.0,58,51,0.0624505206747457,1.1153846153846154,0
0,22,4e-05,6.0,6.0,1,1,0.8571428571428571,0.5,0
0,22,4.9e-05,0.0,0.0,1,1,0.0,0.5,0
0,0,0.023879,52.0,124.0,1,1,0.416,0.5,0
0,22,4.8e-05,4.0,0.0,2,0,4.0,2.0,0
0,0,0.060851,58.0,338.0,2,2,0.1710914454277286,0.6666666666666666,0
0,5,10.034262,1279.0,5010.0,8,9,0.2552384753542207,0.8,0
0,22,0.068884,31.0,0.0,4,1,31.0,2.0,0
0,0,0.031308,160.0,404.0,4,4,0.3950617283950617,0.8,0
0,0,0.00018,58.0,190.0,2,2,0.3036649214659686,0.6666666666666666,0
0,0,0.088766,124.0,456.0,4,4,0.2713347921225383,0.8,0
0,22,6.7e-05,6.0,6.0,1,1,0.8571428571428571,0.5,0
0,22,5.1e-05,0.0,0.0,1,1,0.0,0.5,0
0,0,0.000179,64.0,158.0,2,2,0.4025157232704403,0.6666666666666666,0
0,5,0.00721,12.0,0.0,2,0,12.0,2.0,0
0,0,0.059681,172.0,198.0,4,2,0.864321608040201,1.3333333333333333,0
0,5,32.033442,74.0,0.0,2,0,74.0,2.0,0
0,0,0.062797,82.0,216.0,2,2,0.3778801843317972,0.6666666666666666,0
0,0,0.000199,96.0,180.0,2,2,0.5303867403314917,0.6666666666666666,0
0,0,0.048491,88.0,162.0,2,2,0.5398773006134969,0.6666666666666666,0
0,3,3.074279,392.0,510.0,4,4,0.7671232876712328,0.8,0
0,0,0.024581,49.0,177.0,1,1,0.2752808988764045,0.5,0
0,5,0.350026,504.0,3912.0,11,10,0.1288014311270125,1.0,0
0,22,4e-06,4.0,0.0,2,0,4.0,2.0,0
0,5,1.446857,919.0,17044.0,19,20,0.0539161044294514,0.9047619047619048,0
0,22,1e-06,617.0,0.0,2,0,617.0,2.0,0
0,0,0.153424,56.0,212.0,2,2,0.2629107981220657,0.6666666666666666,0
0,0,0.000201,104.0,220.0,2,2,0.4705882352941176,0.6666666666666666,0
0,22,3.5e-05,6.0,6.0,1,1,0.8571428571428571,0.5,0
0,5,0.148883,6.0,6.0,1,1,0.8571428571428571,0.5,0
0,3,6.010267,0.0,0.0,3,1,0.0,1.5,0
0,0,0.000155,78.0,110.0,2,2,0.7027027027027027,0.6666666666666666,0
0,5,116.207771,877.0,23919.0,33,31,0.0366638795986622,1.03125,0
0,0,0.000143,82.0,114.0,2,2,0.7130434782608696,0.6666666666666666,0
0,22,3e-06,12.0,0.0,2,0,12.0,2.0,0
0,5,0.000134,53.0,0.0,2,0,53.0,2.0,0
1,3,32.012714,220.0,487.0,9,8,0.4508196721311475,1.0,6
0,0,0.054371,50.0,127.0,1,1,0.390625,0.5,0
0,22,3e-06,12.0,0.0,2,0,12.0,2.0,0
0,0,0.023605,64.0,96.0,2,2,0.6597938144329897,0.6666666666666666,0
0,0,0.030508,56.0,72.0,1,1,0.7671232876712328,0.5,0
0,3,0.428214,651.0,421.0,3,4,1.542654028436019,0.6,0
0,0,0.000224,104.0,212.0,2,2,0.488262910798122,0.6666666666666666,0
0,5,116.722481,3117.0,42938.0,63,61,0.0725913505205058,1.0161290322580645,0
0,5,0.225096,382.0,3788.0,8,7,0.1008181578252837,1.0,0
0,5,5.808333,611.0,2950.0,8,5,0.2070484581497797,1.3333333333333333,0
0,5,3e-06,0.0,0.0,2,0,0.0,2.0,0
0,5,0.116675,0.0,0.0,3,0,0.0,3.0,0
0,0,0.0306,50.0,178.0,1,1,0.2793296089385474,0.5,0
0,5,115.320197,1369.0,4549.0,22,18,0.3008791208791209,1.1578947368421053,0
0,0,0.047945,72.0,100.0,2,2,0.7128712871287128,0.6666666666666666,0
0,0,0.000152,88.0,144.0,2,2,0.6068965517241379,0.6666666666666666,0
0,22,7.134725,6.0,30.0,1,5,0.1935483870967742,0.1666666666666666,0
0,5,5.158984,416.0,6966.0,9,8,0.0597100617195349,1.0,0
0,3,0.41732,667.0,421.0,3,4,1.580568720379147,0.6,0
0,3,9.6e-05,12.0,0.0,2,0,12.0,2.0,0
1,3,0.536096,231.0,0.0,4,2,231.0,1.3333333333333333,6
0,22,6.7e-05,31.0,6.0,3,1,4.428571428571429,1.5,0
0,0,0.000197,66.0,170.0,2,2,0.3859649122807017,0.6666666666666666,0
0,22,9.799851,3525.0,345.0,5,4,10.1878612716763,1.0,0
0,22,0.000109,4.0,12.0,2,2,0.3076923076923077,0.6666666666666666,0
0,5,10.457158,2802.0,7225.0,10,11,0.3877663991143094,0.8333333333333334,0
0,0,0.000116,82.0,210.0,2,2,0.3886255924170616,0.6666666666666666,0
0,5,115.765685,780.0,4293.0,21,19,0.1816488122962272,1.05,0
0,0,0.059037,44.0,105.0,1,1,0.4150943396226415,0.5,0
0,5,5.067104,342.0,3675.0,8,4,0.0930359085963003,1.6,0
0,5,85.896117,5655.0,36219.0,28,37,0.1561292103810049,0.7368421052631579,0
0,0,0.000216,66.0,364.0,2,2,0.1808219178082191,0.6666666666666666,0
0,5,0.200014,554.0,6182.0,11,8,0.0896005175481158,1.2222222222222223,0
0,22,0.000114,0.0,0.0,1,1,0.0,0.5,0
0,3,0.471983,463.0,985.0,5,3,0.4695740365111562,1.25,0
0,22,9.2e-05,0.0,0.0,1,1,0.0,0.5,0
0,22,0.025468,43.0,6.0,3,1,6.142857142857143,1.5,0
0,0,0.024991,42.0,131.0,1,1,0.3181818181818182,0.5,0
0,5,117.53878,1637.0,5309.0,16,16,0.3082862523540489,0.9411764705882352,0
0,5,115.169566,1094.0,15762.0,24,21,0.0694030324176869,1.0909090909090908,0
0,0,0.061418,94.0,542.0,2,2,0.1731123388581952,0.6666666666666666,0
0,5,5.808962,626.0,2725.0,9,5,0.2296404988994864,1.5,0
0,22,3.9e-05,0.0,0.0,2,1,0.0,1.0,0
0,3,23.206932,500.0,730.0,7,5,0.6839945280437757,1.1666666666666667,0
0,0,0.000166,46.0,46.0,2,2,0.9787234042553192,0.6666666666666666,0
0,22,4.8e-05,4.0,0.0,2,0,4.0,2.0,0
0,5,4e-06,12.0,0.0,2,0,12.0,2.0,0
0,0,0.000242,84.0,308.0,2,2,0.2718446601941747,0.6666666666666666,0
0,0,1.214161,128.0,96.0,4,2,1.3195876288659794,1.3333333333333333,0
0,3,5.236443,0.0,0.0,3,1,0.0,1.5,0
0,0,0.030881,66.0,180.0,2,2,0.3646408839779005,0.6666666666666666,0
0,0,0.084738,50.0,82.0,2,2,0.6024096385542169,0.6666666666666666,0
0,0,0.030365,55.0,139.0,1,1,0.3928571428571428,0.5,0
0,0,0.000161,80.0,112.0,2,2,0.7079646017699115,0.6666666666666666,0
0,0,0.000224,74.0,444.0,2,2,0.1662921348314607,0.6666666666666666,0
0,0,0.076479,57.0,185.0,1,1,0.3064516129032258,0.5,0
0,22,4.8e-05,12.0,0.0,2,0,12.0,2.0,0
0,0,0.030669,144.0,200.0,4,2,0.7164179104477612,1.3333333333333333,0
0,0,0.000193,64.0,96.0,2,2,0.6597938144329897,0.6666666666666666,0
0,0,0.001337,80.0,250.0,2,2,0.3187250996015936,0.6666666666666666,0
0,0,0.000426,64.0,120.0,2,2,0.5289256198347108,0.6666666666666666,0
0,5,0.087395,795.0,13180.0,18,15,0.060314088460663,1.125,0
0,5,60.533716,3938.0,3757.0,15,13,1.0478978179882916,1.0714285714285714,0
0,5,5.164657,135.0,46.0,5,1,2.872340425531915,2.5,0
0,0,0.072649,62.0,218.0,2,2,0.2831050228310502,0.6666666666666666,0
0,3,5.504608,0.0,0.0,3,1,0.0,1.5,0
0,0,0.069712,50.0,148.0,1,1,0.3355704697986577,0.5,0
0,5,0.311964,827.0,5951.0,14,9,0.1389448924731182,1.4,0
0,0,0.000156,86.0,142.0,2,2,0.6013986013986014,0.6666666666666666,0
0,0,0.000163,94.0,126.0,2,2,0.7401574803149606,0.6666666666666666,0
0,0,0.122102,41.0,176.0,1,1,0.231638418079096,0.5,0
0,0,0.016597,64.0,276.0,2,2,0.2310469314079422,0.6666666666666666,0
0,22,2.5e-05,0.0,0.0,1,1,0.0,0.5,0
0,3,90.253586,434.0,1768.0,12,12,0.2453363482193329,0.9230769230769232,0
0,5,4e-06,12.0,0.0,2,0,12.0,2.0,0
0,0,0.060864,58.0,186.0,1,1,0.3101604278074866,0.5,0
0,0,0.000147,60.0,92.0,2,2,0.6451612903225806,0.6666666666666666,0
0,22,0.000158,0.0,0.0,1,1,0.0,0.5,0
0,22,0.260709,12.0,0.0,2,0,12.0,2.0,0
0,3,50.817534,432.0,2117.0,10,10,0.2039660056657223,0.9090909090909092,0
0,22,4e-06,43.0,0.0,3,0,43.0,3.0,0
0,5,3.227962,123.0,46.0,5,1,2.617021276595745,2.5,0
0,22,3e-06,0.0,0.0,2,0,0.0,2.0,0
0,11,0.000167,100.0,350.0,2,2,0.2849002849002849,0.6666666666666666,0
0,0,0.060887,62.0,230.0,1,1,0.2683982683982684,0.5,0
0,22,80.747627,11607.0,62.0,5,9,184.23809523809524,0.5,0
0,0,0.000252,76.0,242.0,2,2,0.3127572016460905,0.6666666666666666,0
0,0,0.030943,70.0,102.0,2,2,0.6796116504854369,0.6666666666666666,0
0,22,2.9e-05,0.0,0.0,1,1,0.0,0.5,0
0,3,5.036678,0.0,0.0,3,1,0.0,1.5,0
0,3,5.682204,12.0,0.0,3,1,12.0,1.5,0
0,5,11.046182,1706.0,3845.0,8,8,0.4435777431097243,0.8888888888888888,0
0,0,0.060795,58.0,232.0,2,2,0.2489270386266094,0.6666666666666666,0
0,5,117.843133,1000.0,5603.0,15,15,0.1784439685938615,0.9375,0
0,5,3.249806,529.0,3151.0,8,7,0.1678299492385787,1.0,0
0,22,97.837159,11607.0,62.0,6,9,184.23809523809524,0.6,0
0,22,5.6e-05,0.0,0.0,1,1,0.0,0.5,0
0,0,0.000157,76.0,108.0,2,2,0.6972477064220184,0.6666666666666666,0
0,0,0.187454,40.0,56.0,1,1,0.7017543859649122,0.5,0
0,5,60.25282,853.0,5559.0,13,15,0.1534172661870503,0.8125,0
0,0,0.051323,90.0,196.0,2,2,0.4568527918781725,0.6666666666666666,0
0,1,6.3e-05,6.0,12.0,1,2,0.4615384615384615,0.3333333333333333,0
0,22,5.8e-05,4.0,12.0,2,2,0.3076923076923077,0.6666666666666666,0
0,0,0.071675,72.0,136.0,2,2,0.5255474452554745,0.6666666666666666,0
0,22,1e-06,12.0,0.0,2,0,12.0,2.0,0
0,0,0.071148,45.0,176.0,1,1,0.2542372881355932,0.5,0
0,0,0.000471,52.0,113.0,1,1,0.4561403508771929,0.5,0
0,0,0.030655,41.0,69.0,1,1,0.5857142857142857,0.5,0
0,3,4.1e-05,12.0,0.0,2,0,12.0,2.0,0
0,0,0.00015,94.0,264.0,2,2,0.3547169811320754,0.6666666666666666,0
0,0,0.08878,78.0,486.0,2,2,0.1601642710472279,0.6666666666666666,0
0,5,2.02571,737.0,4911.0,8,11,0.1500407166123778,0.6666666666666666,0
0,0,0.06218,176.0,220.0,4,2,0.7963800904977375,1.3333333333333333,0
0,0,0.000209,62.0,126.0,2,2,0.4881889763779528,0.6666666666666666,0
0,3,2.723448,1615.0,1588.0,4,5,1.0163624921334171,0.6666666666666666,0
0,5,0.012687,12.0,0.0,2,0,12.0,2.0,0
0,22,4e-06,6.0,6.0,1,1,0.8571428571428571,0.5,0
0,5,0.262163,1061.0,5442.0,14,12,0.194929266948374,1.0769230769230769,0
0,0,1.68889,91.0,209.0,2,2,0.4333333333333333,0.6666666666666666,0
0,22,106.450823,0.0,0.0,120,0,0.0,120.0,0
0,0,0.000167,80.0,202.0,2,2,0.3940886699507389,0.6666666666666666,0
0,0,115.440598,106.0,297.0,2,2,0.3557046979865771,0.6666666666666666,0
0,22,6.3e-05,0.0,0.0,1,1,0.0,0.5,0
0,0,0.0006,38.0,38.0,1,1,0.9743589743589745,0.5,0
0,5,86.039088,739.0,799.0,10,5,0.92375,1.6666666666666667,0
0,5,4.8e-05,12.0,0.0,2,1,12.0,1.0,0
0,0,0.000531,51.0,112.0,1,1,0.4513274336283185,0.5,0
0,3,0.015026,6.0,6.0,1,1,0.8571428571428571,0.5,0
0,5,115.26469,862.0,49726.0,34,48,0.0173346471735676,0.6938775510204082,0
0,5,116.336304,13766.0,5255.0,25,23,2.61910197869102,1.0416666666666667,0
0,0,0.04737,48.0,126.0,1,1,0.3779527559055118,0.5,0
0,0,0.03046,47.0,111.0,1,1,0.4196428571428571,0.5,0
0,5,1.09115,0.0,18.0,3,3,0.0,0.75,0
0,5,0.312035,940.0,5115.0,13,8,0.1837372947615324,1.4444444444444444,0
0,13,0.023847,48.0,48.0,1,1,0.979591836734694,0.5,0
0,22,81.900755,11607.0,68.0,5,10,168.2173913043478,0.4545454545454545,0
0,22,6.5e-05,0.0,0.0,1,1,0.0,0.5,0
0,0,0.000178,64.0,120.0,2,2,0.5289256198347108,0.6666666666666666,0
0,0,0.061348,45.0,200.0,1,1,0.2238805970149253,0.5,0
0,5,5.565813,353.0,5046.0,8,6,0.0699425401228452,1.1428571428571428,0
0,5,5.263973,611.0,164.0,6,4,3.703030303030303,1.2,0
0,0,72.737348,162.0,580.0,4,4,0.2788296041308089,0.8,0
0,22,94.237502,11613.0,62.0,6,9,184.3333333333333,0.6,0
0,22,3e-06,31.0,0.0,2,0,31.0,2.0,0
0,5,0.000219,12.0,0.0,2,0,12.0,2.0,0
0,22,0.000135,0.0,0.0,1,1,0.0,0.5,0
0,0,0.03119,124.0,254.0,4,2,0.4862745098039215,1.3333333333333333,0
0,5,5.60054,315.0,145.0,7,4,2.1575342465753424,1.4,0
0,0,0.000313,76.0,354.0,2,2,0.2140845070422535,0.6666666666666666,0
1,3,2.033884,30.0,0.0,5,0,30.0,5.0,2
0,5,0.031156,0.0,0.0,2,1,0.0,1.0,0
0,22,6.8e-05,0.0,0.0,1,1,0.0,0.5,0
0,22,0.00514,12.0,0.0,2,0,12.0,2.0,0
0,5,0.614369,935.0,20643.0,26,23,0.0452916101530711,1.0833333333333333,0
0,0,98.774304,104.0,152.0,2,2,0.6797385620915033,0.6666666666666666,0
0,3,9.3e-05,0.0,0.0,2,0,0.0,2.0,0
0,0,0.031037,56.0,84.0,1,1,0.6588235294117647,0.5,0
0,22,1.9e-05,0.0,0.0,1,1,0.0,0.5,0
0,3,0.048255,0.0,0.0,3,0,0.0,3.0,0
0,0,0.000155,84.0,204.0,2,2,0.4097560975609756,0.6666666666666666,0
0,0,0.092641,156.0,450.0,4,2,0.3458980044345898,1.3333333333333333,0
0,0,0.000304,96.0,268.0,2,2,0.3568773234200743,0.6666666666666666,0
0,21,1.428975,2634.0,7062.0,37,46,0.3729293501345037,0.7872340425531915,0
0,0,0.030843,64.0,128.0,2,2,0.4961240310077519,0.6666666666666666,0
0,3,0.117669,0.0,0.0,1,1,0.0,0.5,0
1,3,20.999696,12.0,0.0,2,1,12.0,1.0,5
0,0,0.135,58.0,166.0,2,2,0.3473053892215569,0.6666666666666666,0
0,22,11.252307,6.0,30.0,1,5,0.1935483870967742,0.1666666666666666,0
0,22,4.8e-05,12.0,0.0,2,0,12.0,2.0,0
0,5,0.305528,494.0,3843.0,10,8,0.1285119667013527,1.1111111111111112,0
0,0,0.00015,76.0,132.0,2,2,0.5714285714285714,0.6666666666666666,0
0,22,1e-06,43.0,0.0,2,0,43.0,2.0,0
0,22,0.000279,50.0,6.0,3,1,7.142857142857143,1.5,0
0,0,0.085895,56.0,220.0,2,2,0.253393665158371,0.6666666666666666,0
1,3,31.988017,221.0,487.0,9,8,0.4528688524590163,1.0,6
0,0,0.000192,98.0,130.0,2,2,0.7480916030534351,0.6666666666666666,0
0,0,0.000168,54.0,86.0,2,2,0.6206896551724138,0.6666666666666666,0
0,5,4e-06,37.0,0.0,2,0,37.0,2.0,0
0,5,4e-06,6.0,6.0,1,1,0.8571428571428571,0.5,0
0,22,2e-06,37.0,0.0,2,0,37.0,2.0,0
0,3,22.212487,0.0,0.0,2,0,0.0,2.0,0
0,5,37.703797,812.0,42559.0,31,35,0.019078947368421,0.8611111111111112,0
0,0,0.000168,60.0,92.0,2,2,0.6451612903225806,0.6666666666666666,0
0,0,0.031239,62.0,126.0,2,2,0.4881889763779528,0.6666666666666666,0
0,3,62.264778,1965.0,65991.0,39,52,0.0297763365256394,0.7358490566037735,0
0,5,5.079232,752.0,3728.0,10,8,0.2016626441405202,1.1111111111111112,0
0,5,61.37244,1160.0,5888.0,17,16,0.1969774155204618,1.0,0
0,0,0.048364,88.0,198.0,2,2,0.4422110552763819,0.6666666666666666,0
0,0,0.112913,60.0,264.0,2,2,0.2264150943396226,0.6666666666666666,0
0,0,0.00021,94.0,350.0,2,2,0.2678062678062678,0.6666666666666666,0
0,0,0.00049,48.0,110.0,1,1,0.4324324324324324,0.5,0
0,0,0.061175,49.0,142.0,1,1,0.3426573426573426,0.5,0
0,0,0.023717,88.0,144.0,2,2,0.6068965517241379,0.6666666666666666,0
0,5,5.580646,135.0,46.0,5,1,2.872340425531915,2.5,0
0,5,10.226644,1089.0,632.0,7,7,1.7203791469194314,0.875,0
0,22,9.524993,6.0,36.0,1,6,0.1621621621621621,0.1428571428571428,0
0,3,3.9e-05,0.0,0.0,2,0,0.0,2.0,0
0,5,2.438181,703.0,3950.0,9,11,0.1779296380663123,0.75,0
1,3,1e-06,0.0,0.0,2,0,0.0,2.0,4
0,5,0.673333,376.0,3788.0,7,6,0.099234626550541,1.0,0
0,0,0.000191,76.0,160.0,2,2,0.4720496894409938,0.6666666666666666,0
0,5,36.487024,3148.0,49235.0,26,38,0.0639369566983508,0.6666666666666666,0
0,22,8.4e-05,4.0,12.0,2,2,0.3076923076923077,0.6666666666666666,0
0,5,7.988967,635.0,159.0,7,4,3.96875,1.4,0
0,11,1.9e-05,650.0,0.0,13,0,650.0,13.0,0
0,5,117.731382,655.0,3511.0,14,12,0.186503416856492,1.0769230769230769,0
0,0,0.024169,79.0,207.0,1,1,0.3798076923076923,0.5,0
0,0,0.030444,56.0,72.0,1,1,0.7671232876712328,0.5,0
0,22,0.01211,24.0,0.0,4,0,24.0,4.0,0
0,3,4.5e-05,0.0,0.0,1,1,0.0,0.5,0
0,0,0.000191,72.0,104.0,2,2,0.6857142857142857,0.6666666666666666,0
0,3,0.441283,576.0,962.0,3,4,0.5981308411214953,0.6,0
0,0,0.167148,56.0,476.0,2,2,0.1174004192872117,0.6666666666666666,0
0,0,0.07021,55.0,129.0,1,1,0.4230769230769231,0.5,0
0,5,118.190931,1265.0,15629.0,18,20,0.0809341010876519,0.8571428571428571,0
0,1,5e-05,0.0,0.0,1,2,0.0,0.3333333333333333,0
0,22,3e-06,37.0,0.0,2,0,37.0,2.0,0
0,21,0.000201,0.0,0.0,1,1,0.0,0.5,0
0,5,10.379331,697.0,4156.0,8,8,0.1676689920615828,0.8888888888888888,0
0,3,0.082866,0.0,0.0,1,1,0.0,0.5,0
0,0,0.049188,66.0,500.0,2,2,0.1317365269461078,0.6666666666666666,0
1,22,4e-05,2.0,6.0,1,1,0.2857142857142857,0.5,10
0,0,0.114318,120.0,354.0,4,2,0.3380281690140845,1.3333333333333333,0
0,0,0.000147,46.0,46.0,2,2,0.9787234042553192,0.6666666666666666,0
0,0,118.408257,190.0,500.0,4,4,0.3792415169660678,0.8,0
0,5,0.322399,726.0,785.0,11,7,0.9236641221374046,1.375,0
0,0,0.060702,71.0,120.0,1,1,0.5867768595041323,0.5,0
0,0,0.031401,94.0,220.0,2,2,0.4253393665158371,0.6666666666666666,0
0,22,0.000213,37.0,6.0,2,1,5.285714285714286,1.0,0
0,13,0.094183,48.0,48.0,1,1,0.979591836734694,0.5,0
0,0,0.046931,42.0,133.0,1,1,0.3134328358208955,0.5,0
0,0,0.000193,82.0,114.0,2,2,0.7130434782608696,0.6666666666666666,0
0,22,4e-06,12.0,0.0,2,0,12.0,2.0,0
0,0,0.000199,72.0,328.0,2,2,0.2188449848024316,0.6666666666666666,0
0,22,4.9e-05,4.0,0.0,2,0,4.0,2.0,0
0,22,3e-06,0.0,0.0,2,0,0.0,2.0,0
0,5,62.293483,1823.0,5323.0,16,20,0.3424117205108941,0.7619047619047619,0
0,22,8.6e-05,0.0,0.0,1,1,0.0,0.5,0
0,22,3e-06,0.0,0.0,2,0,0.0,2.0,0
0,5,82.06228,1854.0,4663.0,17,16,0.3975128644939966,1.0,0
0,3,0.137928,433.0,2279.0,3,4,0.1899122807017544,0.6,0
0,0,0.023905,82.0,248.0,2,2,0.3293172690763052,0.6666666666666666,0
0,5,0.410156,0.0,0.0,2,0,0.0,2.0,0
0,5,118.187831,28458.0,13519.0,29,29,2.104881656804734,0.9666666666666668,0
0,5,3e-06,31.0,0.0,2,0,31.0,2.0,0
0,22,0.000245,0.0,0.0,2,0,0.0,2.0,0
0,0,0.031032,73.0,125.0,1,1,0.5793650793650794,0.5,0
0,22,4.5e-05,0.0,12.0,1,4,0.0,0.2,0
0,0,0.030437,53.0,128.0,1,1,0.4108527131782946,0.5,0
0,5,118.92032,4310.0,1092694.0,376,706,0.0039443760610234,0.5318246110325319,0
0,0,0.030635,50.0,78.0,1,1,0.6329113924050633,0.5,0
0,5,2.1e-05,6.0,6.0,1,1,0.8571428571428571,0.5,0
0,5,5.041816,617.0,164.0,7,4,3.7393939393939393,1.4,0
0,3,0.181271,0.0,0.0,1,1,0.0,0.5,0
0,5,15.317389,1045.0,806.0,12,7,1.294919454770756,1.5,0
0,0,0.000518,52.0,113.0,1,1,0.4561403508771929,0.5,0
0,0,0.030409,78.0,160.0,1,1,0.484472049689441,0.5,0
0,5,30.866789,799.0,11868.0,12,14,0.0673182239447299,0.8,0
0,5,115.697167,985.0,5013.0,21,19,0.1964499401675309,1.05,0
0,0,0.000164,64.0,96.0,2,2,0.6597938144329897,0.6666666666666666,0
0,22,1.2e-05,0.0,0.0,1,1,0.0,0.5,0
0,22,0.000651,381.0,0.0,5,1,381.0,2.5,0
0,0,0.000253,70.0,264.0,2,2,0.2641509433962264,0.6666666666666666,0
0,22,81.574911,11607.0,68.0,6,10,168.2173913043478,0.5454545454545454,0
0,22,3e-06,31.0,0.0,2,0,31.0,2.0,0
0,0,0.076589,114.0,244.0,2,2,0.4653061224489795,0.6666666666666666,0
0,22,5.7e-05,0.0,0.0,1,1,0.0,0.5,0
0,0,0.075396,172.0,396.0,4,4,0.4332493702770781,0.8,0
0,0,0.000265,74.0,138.0,2,2,0.5323741007194245,0.6666666666666666,0
0,0,0.031892,180.0,312.0,4,2,0.5750798722044729,1.3333333333333333,0
0,5,0.466128,1049.0,5434.0,13,8,0.1930082796688132,1.4444444444444444,0
0,0,0.030638,88.0,200.0,2,2,0.4378109452736318,0.6666666666666666,0
0,22,5.1e-05,0.0,0.0,1,1,0.0,0.5,0
0,5,0.306871,827.0,5951.0,14,9,0.1389448924731182,1.4,0
0,0,0.028559,63.0,143.0,1,1,0.4375,0.5,0
0,0,117.876732,96.0,279.0,2,2,0.3428571428571428,0.6666666666666666,0
0,5,0.234557,2404.0,399.0,11,7,6.01,1.375,0
0,0,0.000204,88.0,344.0,2,2,0.2550724637681159,0.6666666666666666,0
0,0,0.098556,52.0,110.0,1,1,0.4684684684684684,0.5,0
1,3,7.977033,56.0,11601.0,8,6,0.0048267540079296,1.1428571428571428,2
0,0,0.093308,70.0,314.0,2,2,0.2222222222222222,0.6666666666666666,0
0,0,0.060968,74.0,262.0,2,2,0.2813688212927757,0.6666666666666666,0
0,0,0.000191,88.0,472.0,2,2,0.1860465116279069,0.6666666666666666,0
0,0,119.013597,210.0,562.0,4,4,0.3730017761989342,0.8,0
0,0,0.030987,168.0,310.0,4,2,0.5401929260450161,1.3333333333333333,0
0,0,0.030424,72.0,128.0,2,2,0.5581395348837209,0.6666666666666666,0
0,22,20.330759,6176.0,11814.0,40,21,0.5227253491324587,1.818181818181818,0
0,0,0.121304,70.0,150.0,2,2,0.4635761589403973,0.6666666666666666,0
0,0,0.000166,82.0,114.0,2,2,0.7130434782608696,0.6666666666666666,0
0,22,1e-05,12.0,0.0,2,0,12.0,2.0,0
0,5,115.857414,1092.0,1597.0,20,17,0.6833541927409261,1.1111111111111112,0
0,3,5.53057,0.0,0.0,3,1,0.0,1.5,0
1,3,98.687795,298.0,11595.0,6,6,0.0256985167299068,0.8571428571428571,4
0,0,0.000184,60.0,264.0,2,2,0.2264150943396226,0.6666666666666666,0
0,3,0.062691,12.0,0.0,2,0,12.0,2.0,0
0,3,0.050791,0.0,0.0,1,1,0.0,0.5,0
0,5,0.000124,0.0,0.0,2,0,0.0,2.0,0
0,0,0.000971,82.0,192.0,2,2,0.4248704663212435,0.6666666666666666,0
0,5,5.843953,350.0,167.0,7,5,2.083333333333333,1.1666666666666667,0
0,22,7e-06,12.0,0.0,2,0,12.0,2.0,0
0,0,0.046824,57.0,161.0,1,1,0.3518518518518518,0.5,0
0,5,0.0466,0.0,0.0,3,1,0.0,1.5,0
0,0,0.000223,82.0,338.0,2,2,0.2418879056047197,0.6666666666666666,0
0,0,19.730866,84.0,276.0,2,2,0.3032490974729241,0.6666666666666666,0
0,0,10.868127,97.0,264.0,2,2,0.3660377358490566,0.6666666666666666,0
0,5,15.334289,351.0,3677.0,7,6,0.0954323001631321,1.0,0
0,5,0.712714,533.0,4173.0,9,8,0.127695256348826,1.0,0
0,0,0.00048,56.0,116.0,1,1,0.4786324786324786,0.5,0
0,0,0.000171,46.0,46.0,2,2,0.9787234042553192,0.6666666666666666,0
0,22,0.050455,6.0,0.0,2,1,6.0,1.0,0
0,5,57.333493,868.0,38296.0,29,31,0.0226649607018826,0.90625,0
0,0,0.023718,46.0,110.0,1,1,0.4144144144144144,0.5,0
0,5,5.097885,369.0,3375.0,8,5,0.1093009478672985,1.3333333333333333,0
0,22,0.000162,6.0,18.0,1,3,0.3157894736842105,0.25,0
0,0,0.000177,64.0,226.0,2,2,0.2819383259911894,0.6666666666666666,0
0,0,0.00016,72.0,136.0,2,2,0.5255474452554745,0.6666666666666666,0
0,22,1.3e-05,0.0,0.0,1,1,0.0,0.5,0
0,0,0.000199,92.0,284.0,2,2,0.3228070175438596,0.6666666666666666,0
0,18,0.149954,124.0,382.0,7,6,0.3237597911227154,1.0,0
0,0,0.066741,60.0,316.0,2,2,0.1892744479495268,0.6666666666666666,0
0,3,5.844336,0.0,0.0,3,1,0.0,1.5,0
0,22,4.8e-05,0.0,0.0,2,0,0.0,2.0,0
0,5,5.176345,447.0,3079.0,8,5,0.1451298701298701,1.3333333333333333,0
0,5,0.273659,720.0,1295.0,10,5,0.5555555555555556,1.6666666666666667,0
0,5,0.858269,994.0,4196.0,10,5,0.236835835120324,1.6666666666666667,0
0,3,5.44034,12.0,0.0,3,1,12.0,1.5,0
0,11,1.9e-05,650.0,0.0,13,0,650.0,13.0,0
0,22,6.050049,6.0,30.0,1,5,0.1935483870967742,0.1666666666666666,0
0,5,116.025814,2432.0,5408.0,23,19,0.4496210020336476,1.15,0
0,0,0.121533,72.0,294.0,2,2,0.2440677966101695,0.6666666666666666,0
0,5,118.702065,4424.0,288698.0,113,154,0.015323918683473,0.7290322580645161,0
0,0,0.287339,74.0,344.0,2,2,0.2144927536231884,0.6666666666666666,0
0,0,0.030866,156.0,152.0,4,2,1.0196078431372548,1.3333333333333333,0
0,22,0.000105,6.0,6.0,1,1,0.8571428571428571,0.5,0
0,5,116.572857,878.0,39341.0,33,33,0.0223171165675359,0.9705882352941176,0
0,5,15.179336,49.0,0.0,4,2,49.0,1.3333333333333333,0
0,0,0.107942,60.0,344.0,2,2,0.1739130434782608,0.6666666666666666,0
0,3,6.016714,0.0,0.0,3,1,0.0,1.5,0
0,0,0.001514,84.0,252.0,2,2,0.3320158102766798,0.6666666666666666,0
0,3,0.037118,6.0,6.0,1,1,0.8571428571428571,0.5,0
0,5,115.914843,1129.0,5006.0,21,18,0.225484321949271,1.105263157894737,0
0,22,4.7e-05,0.0,0.0,1,1,0.0,0.5,0
0,0,0.000785,60.0,206.0,2,2,0.2898550724637681,0.6666666666666666,0
0,0,0.03108,136.0,968.0,4,4,0.1403508771929824,0.8,0
0,0,0.000316,90.0,206.0,2,2,0.4347826086956521,0.6666666666666666,0
0,0,0.031363,45.0,177.0,1,1,0.2528089887640449,0.5,0
0,0,0.000184,64.0,96.0,2,2,0.6597938144329897,0.6666666666666666,0
0,3,0.060086,692.0,1150.0,3,4,0.6012163336229366,0.6,0
0,22,8.4e-05,6.0,6.0,1,1,0.8571428571428571,0.5,0
0,22,3e-06,37.0,0.0,2,0,37.0,2.0,0
0,5,111.229042,8509.0,3344.0,22,19,2.543796711509716,1.1,0
0,0,0.000424,82.0,434.0,2,2,0.1885057471264367,0.6666666666666666,0
0,0,0.030658,47.0,79.0,1,1,0.5875,0.5,0
0,0,0.030991,49.0,113.0,1,1,0.4298245614035088,0.5,0
0,0,0.031399,74.0,106.0,2,2,0.6915887850467289,0.6666666666666666,0
0,0,0.023176,51.0,67.0,1,1,0.75,0.5,0
0,0,0.000199,76.0,176.0,2,2,0.4293785310734463,0.6666666666666666,0
0,22,3e-06,12.0,0.0,2,0,12.0,2.0,0
0,5,37.497111,37.0,0.0,4,0,37.0,4.0,0
0,0,0.000196,90.0,164.0,2,2,0.5454545454545454,0.6666666666666666,0
0,0,0.060825,52.0,223.0,1,1,0.2321428571428571,0.5,0
0,22,0.00026,31.0,0.0,3,1,31.0,1.5,0
0,0,0.030957,164.0,310.0,4,2,0.5273311897106109,1.3333333333333333,0
0,3,0.000141,0.0,0.0,2,0,0.0,2.0,0
0,0,9.813032,151.0,223.0,2,2,0.6741071428571429,0.6666666666666666,0
0,0,2.065097,86.0,250.0,2,2,0.3426294820717131,0.6666666666666666,0
1,22,4.4e-05,0.0,6.0,1,1,0.0,0.5,10
0,5,1.765616,12.0,0.0,2,0,12.0,2.0,0
0,3,111.6929,4688.0,2087.0,20,19,2.2452107279693485,1.0,0
0,0,0.030913,152.0,316.0,2,2,0.4794952681388013,0.6666666666666666,0
0,3,0.000772,0.0,0.0,2,0,0.0,2.0,0
0,0,0.049184,72.0,184.0,2,2,0.3891891891891892,0.6666666666666666,0
0,5,0.109102,1239.0,43949.0,17,25,0.0281911262798634,0.6538461538461539,0
0,22,3e-06,0.0,0.0,2,0,0.0,2.0,0
0,0,0.000197,62.0,414.0,2,2,0.1493975903614458,0.6666666666666666,0
0,22,4.5e-05,0.0,0.0,1,1,0.0,0.5,0
0,0,0.000206,58.0,122.0,2,2,0.4715447154471545,0.6666666666666666,0
0,0,0.07342,124.0,488.0,4,4,0.2535787321063394,0.8,0
0,0,0.03039,44.0,300.0,1,1,0.1461794019933555,0.5,0
0,5,1.14639,703.0,3950.0,9,11,0.1779296380663123,0.75,0
0,0,0.000145,86.0,118.0,2,2,0.7226890756302521,0.6666666666666666,0
0,5,5.679195,1112.0,756.0,7,8,1.468956406869221,0.7777777777777778,0
0,22,0.000108,4.0,12.0,2,2,0.3076923076923077,0.6666666666666666,0
0,0,0.000138,64.0,120.0,2,2,0.5289256198347108,0.6666666666666666,0
0,22,0.022321,137.0,0.0,4,1,137.0,2.0,0
0,0,0.152203,264.0,596.0,6,4,0.4422110552763819,1.2,0
0,5,3e-06,31.0,0.0,2,0,31.0,2.0,0
0,0,0.092202,45.0,214.0,1,1,0.2093023255813953,0.5,0
0,0,0.00017,70.0,102.0,2,2,0.6796116504854369,0.6666666666666666,0
0,3,115.693019,960.0,1964.0,17,15,0.4885496183206106,1.0625,0
0,0,0.030612,64.0,96.0,2,2,0.6597938144329897,0.6666666666666666,0
0,0,0.00021,72.0,334.0,2,2,0.2149253731343283,0.6666666666666666,0
0,3,115.162501,446.0,979.0,16,14,0.4551020408163265,1.0666666666666669,0
0,22,0.000222,0.0,0.0,1,2,0.0,0.3333333333333333,0
0,0,0.052906,46.0,62.0,1,1,0.7301587301587301,0.5,0
0,22,82.496245,11613.0,62.0,6,9,184.3333333333333,0.6,0
0,22,2.4e-05,0.0,0.0,1,1,0.0,0.5,0
0,3,60.957492,352.0,283.0,9,9,1.2394366197183098,0.9,0
0,0,0.000168,108.0,140.0,2,2,0.7659574468085106,0.6666666666666666,0
0,5,61.677214,691.0,3403.0,13,12,0.2029964747356051,1.0,0
0,0,0.030545,71.0,153.0,1,1,0.461038961038961,0.5,0
0,0,0.047909,52.0,113.0,1,1,0.4561403508771929,0.5,0
1,3,4.369905,24.0,0.0,4,0,24.0,4.0,2
0,22,7.1e-05,0.0,18.0,1,3,0.0,0.25,0
1,3,0.055519,349.0,11595.0,3,6,0.0300965850293204,0.4285714285714285,4
0,5,30.500636,1203.0,3913.0,11,11,0.3073582013285641,0.9166666666666666,0
0,0,0.031263,58.0,296.0,2,2,0.1952861952861952,0.6666666666666666,0
0,22,5.4e-05,0.0,0.0,1,1,0.0,0.5,0
0,3,0.088583,0.0,0.0,1,1,0.0,0.5,0
0,5,5.461278,384.0,5035.0,8,6,0.0762509928514694,1.1428571428571428,0
0,0,0.030867,68.0,380.0,2,2,0.1784776902887139,0.6666666666666666,0
0,5,0.433115,86.0,4555.0,7,5,0.0188762071992976,1.1666666666666667,0
0,3,7.295931,7162.0,369179.0,140,181,0.0193997507990682,0.7692307692307693,0
0,0,0.048296,46.0,110.0,1,1,0.4144144144144144,0.5,0
0,0,0.000159,88.0,120.0,2,2,0.7272727272727273,0.6666666666666666,0
0,5,5.02182,611.0,166.0,6,3,3.658682634730539,1.5,0
0,0,0.000229,80.0,194.0,2,2,0.4102564102564102,0.6666666666666666,0
0,3,0.259486,441.0,859.0,3,4,0.5127906976744186,0.6,0
0,0,0.030791,56.0,152.0,2,2,0.3660130718954248,0.6666666666666666,0
0,0,0.000168,62.0,216.0,2,2,0.2857142857142857,0.6666666666666666,0
0,5,0.076304,65.0,0.0,3,0,65.0,3.0,0
0,5,0.184603,871.0,60240.0,31,45,0.0144585913248452,0.6739130434782609,0
0,3,5.8e-05,12.0,0.0,2,0,12.0,2.0,0
0,22,3.9e-05,0.0,0.0,1,1,0.0,0.5,0
0,22,4e-06,0.0,0.0,3,0,0.0,3.0,0
0,22,0.073415,0.0,0.0,2,3,0.0,0.5,0
0,0,0.00035,76.0,180.0,2,2,0.4198895027624309,0.6666666666666666,0
0,0,0.024284,84.0,218.0,2,2,0.3835616438356164,0.6666666666666666,0
0,0,0.350636,50.0,114.0,1,1,0.4347826086956521,0.5,0
0,0,0.000211,140.0,396.0,2,2,0.3526448362720403,0.6666666666666666,0
0,3,64.995084,479.0,1786.0,10,10,0.268047006155568,0.9090909090909092,0
0,0,0.000188,102.0,134.0,2,2,0.7555555555555555,0.6666666666666666,0
0,0,0.030539,59.0,124.0,1,1,0.472,0.5,0
0,3,5.552873,0.0,0.0,3,1,0.0,1.5,0
0,22,2.9e-05,0.0,0.0,1,1,0.0,0.5,0
0,0,0.061153,45.0,235.0,1,1,0.1906779661016949,0.5,0
0,0,0.07813,74.0,202.0,2,2,0.3645320197044335,0.6666666666666666,0
0,22,0.04085,280.0,6.0,2,1,40.0,1.0,0
0,5,12.952988,1770.0,6034.0,11,11,0.2932891466445733,0.9166666666666666,0
0,0,0.00021,84.0,162.0,2,2,0.5153374233128835,0.6666666666666666,0
0,5,0.144392,3262.0,479.0,12,8,6.795833333333333,1.3333333333333333,0
0,5,64.083192,74.0,0.0,2,0,74.0,2.0,0
1,3,0.166408,167.0,524.0,5,5,0.3180952380952381,0.8333333333333334,10
0,5,5.035673,135.0,46.0,5,1,2.872340425531915,2.5,0
0,22,3e-06,0.0,0.0,2,0,0.0,2.0,0
0,5,0.19181,2090.0,559.0,11,7,3.732142857142857,1.375,0
0,0,0.000256,102.0,134.0,2,2,0.7555555555555555,0.6666666666666666,0
0,0,0.000262,60.0,616.0,2,2,0.0972447325769854,0.6666666666666666,0
0,0,0.041527,76.0,172.0,2,2,0.4393063583815029,0.6666666666666666,0
0,5,5.878964,611.0,155.0,6,4,3.9166666666666665,1.2,0
0,22,0.000482,172.0,326.0,11,4,0.5259938837920489,2.2,0
0,0,0.023938,76.0,108.0,2,2,0.6972477064220184,0.6666666666666666,0
0,0,0.000276,94.0,220.0,2,2,0.4253393665158371,0.6666666666666666,0
0,0,0.023162,52.0,114.0,1,1,0.4521739130434782,0.5,0
0,0,0.06125,110.0,452.0,2,2,0.2428256070640176,0.6666666666666666,0
0,0,0.000214,46.0,46.0,2,2,0.9787234042553192,0.6666666666666666,0
0,22,1.662609,11607.0,26.0,6,2,429.8888888888889,2.0,0
0,3,116.626304,5252.0,48982.0,45,45,0.1072208725476185,0.9782608695652174,0
0,5,5.564009,387.0,5550.0,8,6,0.0697171680778238,1.1428571428571428,0
0,5,119.203408,3473.0,513494.0,203,388,0.0067634543666442,0.5218508997429306,0
0,0,0.000191,88.0,120.0,2,2,0.7272727272727273,0.6666666666666666,0
0,5,0.11264,853.0,4557.0,12,9,0.1871434839842036,1.2,0
0,5,5.053973,307.0,147.0,8,6,2.074324324324324,1.1428571428571428,0
0,5,5.345205,348.0,6103.0,9,8,0.0570117955439056,1.0,0
0,5,115.80843,853.0,18658.0,25,25,0.0457152044589742,0.9615384615384616,0
0,5,115.360292,1632.0,72190.0,45,59,0.0226066961255558,0.75,0
0,0,12.985266,86.0,288.0,2,2,0.2975778546712803,0.6666666666666666,0
0,0,0.061671,70.0,404.0,2,2,0.1728395061728395,0.6666666666666666,0
0,13,0.0264,48.0,48.0,1,1,0.979591836734694,0.5,0
0,3,117.459711,1344.0,2937.0,20,16,0.4574540503744043,1.1764705882352942,0
0,5,14.697795,906.0,3962.0,10,7,0.2286146858440575,1.25,0
0,0,0.030777,116.0,166.0,4,2,0.6946107784431138,1.3333333333333333,0
0,22,3.1e-05,0.0,0.0,1,1,0.0,0.5,0
0,0,0.023592,49.0,65.0,1,1,0.7424242424242424,0.5,0
1,22,4.7e-05,2.0,6.0,1,1,0.2857142857142857,0.5,10
0,0,0.392207,46.0,233.0,1,1,0.1965811965811965,0.5,0
0,22,3e-06,37.0,0.0,2,0,37.0,2.0,0
0,5,0.001141,18.0,0.0,3,1,18.0,1.5,0
0,3,0.060349,430.0,2266.0,3,4,0.1896779885310983,0.6,0
0,0,0.000331,64.0,196.0,2,2,0.3248730964467005,0.6666666666666666,0
0,3,5.1e-05,12.0,0.0,2,0,12.0,2.0,0
0,22,4.8e-05,4.0,0.0,2,0,4.0,2.0,0
0,5,0.695007,358.0,3776.0,7,7,0.094784220280646,0.875,0
0,5,0.326794,720.0,1295.0,10,5,0.5555555555555556,1.6666666666666667,0
0,0,0.060666,80.0,200.0,2,2,0.3980099502487562,0.6666666666666666,0
0,0,0.000157,72.0,104.0,2,2,0.6857142857142857,0.6666666666666666,0
0,0,0.038333,58.0,186.0,1,1,0.3101604278074866,0.5,0
0,0,43.360877,99.0,412.0,2,2,0.2397094430992736,0.6666666666666666,0
0,0,0.048382,88.0,170.0,1,1,0.5146198830409356,0.5,0
0,5,2.101049,516.0,5636.0,11,12,0.0915380521554018,0.8461538461538461,0
0,0,0.136714,53.0,69.0,1,1,0.7571428571428571,0.5,0
0,3,0.465404,392.0,314.0,3,2,1.2444444444444445,1.0,0
0,22,7.7e-05,6.0,12.0,1,2,0.4615384615384615,0.3333333333333333,0
0,22,9.8e-05,6.0,6.0,1,1,0.8571428571428571,0.5,0
0,0,0.186459,80.0,154.0,2,2,0.5161290322580645,0.6666666666666666,0
1,1,0.000232,14.0,0.0,2,1,14.0,1.0,7
0,3,0.000113,12.0,0.0,2,0,12.0,2.0,0
0,11,86.387194,508.0,484.0,8,8,1.0474226804123712,0.8888888888888888,0
0,5,5.805028,390.0,3716.0,8,4,0.1049233252623083,1.6,0
0,5,0.480027,6.0,37.0,1,1,0.1578947368421052,0.5,0
0,0,0.000264,88.0,662.0,2,2,0.1327300150829562,0.6666666666666666,0
0,22,103.987956,7254.0,1296.0,36,18,5.5929067077872014,1.894736842105263,0
0,5,5.286393,380.0,4873.0,9,6,0.0779647107098892,1.2857142857142858,0
0,3,6.84773,408.0,6429.0,5,6,0.063452566096423,0.7142857142857143,0
0,0,0.023689,76.0,206.0,2,2,0.3671497584541063,0.6666666666666666,0
0,3,3e-06,12.0,0.0,2,0,12.0,2.0,0
0,3,0.00011,12.0,0.0,2,0,12.0,2.0,0
0,22,6e-05,0.0,0.0,1,1,0.0,0.5,0
0,5,1.82385,525.0,4010.0,9,7,0.1308900523560209,1.125,0
0,19,0.000309,49.0,0.0,3,0,49.0,3.0,0
0,22,0.000724,12.0,0.0,2,0,12.0,2.0,0
0,0,0.031155,67.0,219.0,1,1,0.3045454545454545,0.5,0
0,0,0.077194,70.0,374.0,2,2,0.1866666666666666,0.6666666666666666,0
0,5,117.598378,536.0,4748.0,14,10,0.1128658664982101,1.2727272727272727,0
1,3,2.002978,30.0,0.0,5,0,30.0,5.0,2
0,3,0.013941,0.0,0.0,2,0,0.0,2.0,0
0,0,0.030663,56.0,338.0,1,1,0.1651917404129793,0.5,0
0,22,1e-06,483.0,0.0,2,0,483.0,2.0,0
0,22,0.000103,0.0,0.0,1,1,0.0,0.5,0
0,0,0.000255,88.0,188.0,2,2,0.4656084656084656,0.6666666666666666,0
1,22,1.6e-05,2.0,6.0,1,1,0.2857142857142857,0.5,10
0,0,0.000172,62.0,126.0,2,2,0.4881889763779528,0.6666666666666666,0
0,5,5.524795,385.0,3909.0,9,6,0.09846547314578,1.2857142857142858,0
0,0,0.208444,104.0,158.0,4,2,0.6540880503144654,1.3333333333333333,0
0,0,0.023795,64.0,390.0,2,2,0.1636828644501279,0.6666666666666666,0
0,0,0.054188,64.0,117.0,1,1,0.5423728813559322,0.5,0
0,22,0.000113,0.0,0.0,1,1,0.0,0.5,0
0,5,8.898376,1301.0,5323.0,10,10,0.2443651389932381,0.9090909090909092,0
0,5,0.523562,592.0,5790.0,11,7,0.1022275945432567,1.375,0
0,13,0.042753,48.0,48.0,1,1,0.979591836734694,0.5,0
0,5,61.518715,738.0,6544.0,17,15,0.1127578304048892,1.0625,0
0,5,115.596085,2148.0,542749.0,195,264,0.0039576232151082,0.7358490566037735,0
0,0,0.096717,41.0,71.0,1,1,0.5694444444444444,0.5,0
0,0,1.48014,93.0,223.0,2,2,0.4151785714285714,0.6666666666666666,0
0,5,115.588974,1150.0,4222.0,22,18,0.2723182571631541,1.1578947368421053,0
0,22,4.9e-05,0.0,0.0,2,0,0.0,2.0,0
0,0,0.023942,88.0,248.0,2,2,0.3534136546184739,0.6666666666666666,0
0,0,0.000569,69.0,135.0,1,1,0.5073529411764706,0.5,0
0,0,0.048135,40.0,92.0,1,1,0.4301075268817204,0.5,0
0,3,0.076951,1000.0,287.0,3,2,3.4722222222222223,1.0,0
0,22,2.2e-05,0.0,0.0,1,1,0.0,0.5,0
0,3,117.255693,956.0,1498.0,18,15,0.637758505670447,1.125,0
0,0,0.223619,47.0,168.0,1,1,0.2781065088757396,0.5,0
0,22,4.8e-05,4.0,0.0,2,0,4.0,2.0,0
0,0,0.000166,100.0,132.0,2,2,0.7518796992481203,0.6666666666666666,0
0,5,0.239042,560.0,4039.0,11,8,0.1386138613861386,1.2222222222222223,0
0,22,8.7e-05,0.0,0.0,1,1,0.0,0.5,0
0,22,5e-05,0.0,0.0,1,1,0.0,0.5,0
0,0,0.03089,45.0,356.0,1,1,0.1260504201680672,0.5,0
0,0,0.071684,72.0,328.0,2,2,0.2188449848024316,0.6666666666666666,0
1,3,11.480771,380.0,11632.0,8,5,0.032665692426717,1.3333333333333333,3
0,5,99.08607,839.0,693.0,8,7,1.2089337175792507,1.0,0
0,0,0.000174,94.0,220.0,2,2,0.4253393665158371,0.6666666666666666,0
0,0,0.030662,58.0,186.0,1,1,0.3101604278074866,0.5,0
0,5,1.176517,2290.0,5918.0,11,11,0.3868896773103565,0.9166666666666666,0
0,0,0.001044,58.0,296.0,2,2,0.1952861952861952,0.6666666666666666,0
0,0,0.00017,94.0,126.0,2,2,0.7401574803149606,0.6666666666666666,0
0,0,0.000161,64.0,120.0,2,2,0.5289256198347108,0.6666666666666666,0
0,0,0.000216,60.0,264.0,2,2,0.2264150943396226,0.6666666666666666,0
0,3,115.229936,1840.0,1142.0,21,17,1.6097987751531058,1.1666666666666667,0
0,22,5.9e-05,0.0,0.0,1,1,0.0,0.5,0
0,22,9.890668,6.0,36.0,1,6,0.1621621621621621,0.1428571428571428,0
0,0,0.000176,86.0,222.0,2,2,0.3856502242152466,0.6666666666666666,0
0,0,0.000157,88.0,120.0,2,2,0.7272727272727273,0.6666666666666666,0
0,0,0.060535,52.0,223.0,1,1,0.2321428571428571,0.5,0
0,22,6.951584,6.0,30.0,1,5,0.1935483870967742,0.1666666666666666,0
0,22,4e-06,0.0,0.0,2,0,0.0,2.0,0
0,22,4e-06,0.0,0.0,2,0,0.0,2.0,0
0,3,2.7e-05,12.0,0.0,2,0,12.0,2.0,0
0,5,4.783288,117.0,41.0,5,1,2.7857142857142856,2.5,0
0,3,5.127037,12.0,0.0,3,1,12.0,1.5,0
0,5,117.882739,1251.0,654.0,14,10,1.909923664122137,1.2727272727272727,0
0,5,3.9e-05,31.0,0.0,2,0,31.0,2.0,0
0,5,0.000171,43.0,0.0,3,0,43.0,3.0,0
0,5,0.220907,376.0,3508.0,7,5,0.1071530350527215,1.1666666666666667,0
0,0,0.161455,46.0,218.0,1,1,0.2100456621004566,0.5,0
0,0,8.514821,120.0,60.0,4,2,1.9672131147540983,1.3333333333333333,0
0,0,0.000267,70.0,168.0,2,2,0.4142011834319526,0.6666666666666666,0
0,5,5.777489,135.0,92.0,6,2,1.4516129032258065,2.0,0
0,22,3e-06,37.0,0.0,2,0,37.0,2.0,0
0,22,3e-06,0.0,0.0,2,0,0.0,2.0,0
0,22,6.2e-05,0.0,0.0,1,1,0.0,0.5,0
0,5,117.63169,1066.0,27908.0,33,31,0.0381955641549321,1.03125,0
0,3,0.000158,0.0,0.0,2,0,0.0,2.0,0
0,5,94.061507,1030.0,3710.0,18,18,0.2775532201562921,0.9473684210526316,0
0,0,0.048463,47.0,106.0,1,1,0.4392523364485981,0.5,0
0,5,61.064483,2257.0,6633.0,20,14,0.3402170636116973,1.3333333333333333,0
0,0,0.000188,76.0,154.0,2,2,0.4903225806451612,0.6666666666666666,0
0,22,5.4e-05,0.0,0.0,1,1,0.0,0.5,0
0,0,0.000168,70.0,166.0,2,2,0.4191616766467065,0.6666666666666666,0
0,0,0.030417,62.0,78.0,1,1,0.7848101265822784,0.5,0
0,5,16.005252,12.0,0.0,2,0,12.0,2.0,0
0,22,5.7e-05,0.0,0.0,1,1,0.0,0.5,0
0,5,1e-06,12.0,0.0,2,0,12.0,2.0,0
0,0,0.049105,51.0,133.0,1,1,0.3805970149253731,0.5,0
0,0,0.04806,55.0,71.0,1,1,0.7638888888888888,0.5,0
0,22,3.6e-05,6.0,6.0,1,1,0.8571428571428571,0.5,0
0,5,0.070183,12.0,0.0,2,0,12.0,2.0,0
0,19,1.90246,1362.0,4520.0,16,24,0.3012607830126078,0.64,0
0,5,5.670722,135.0,46.0,5,1,2.872340425531915,2.5,0
0,0,0.000466,92.0,92.0,4,4,0.989247311827957,0.8,0
0,5,0.115685,941.0,6792.0,13,9,0.1385249521566318,1.3,0
0,5,4.9e-05,18.0,0.0,3,0,18.0,3.0,0
0,0,0.030982,78.0,334.0,2,2,0.2328358208955223,0.6666666666666666,0
0,0,0.023782,88.0,200.0,2,2,0.4378109452736318,0.6666666666666666,0
0,5,0.271464,720.0,1295.0,10,5,0.5555555555555556,1.6666666666666667,0
0,0,0.031622,45.0,150.0,1,1,0.2980132450331126,0.5,0
0,0,0.024528,45.0,77.0,1,1,0.5769230769230769,0.5,0
0,0,0.023682,39.0,167.0,1,1,0.2321428571428571,0.5,0
0,0,0.030891,120.0,284.0,2,2,0.4210526315789473,0.6666666666666666,0
0,3,0.048556,439.0,859.0,4,4,0.5104651162790698,0.8,0
0,0,0.000156,72.0,104.0,2,2,0.6857142857142857,0.6666666666666666,0
0,0,0.030574,43.0,105.0,1,1,0.4056603773584906,0.5,0
0,0,0.000166,86.0,118.0,2,2,0.7226890756302521,0.6666666666666666,0
0,22,6e-05,0.0,0.0,1,1,0.0,0.5,0
0,0,0.000218,72.0,334.0,2,2,0.2149253731343283,0.6666666666666666,0
0,0,0.000169,64.0,96.0,2,2,0.6597938144329897,0.6666666666666666,0
0,0,0.143726,57.0,147.0,1,1,0.3851351351351351,0.5,0
0,3,0.066598,429.0,2267.0,3,4,0.1891534391534391,0.6,0
0,5,4.8e-05,31.0,0.0,2,0,31.0,2.0,0
0,5,0.10619,1046.0,1215.0,10,5,0.8601973684210527,1.6666666666666667,0
0,22,118.303774,2986.0,6356.0,22,13,0.469718420638666,1.5714285714285714,0
0,0,0.060312,42.0,92.0,1,1,0.4516129032258064,0.5,0
0,5,4.772206,1070.0,394.0,6,7,2.7088607594936707,0.75,0
0,3,49.487148,1786.0,3002.0,14,12,0.5947385947385947,1.0769230769230769,0
0,22,7.4e-05,4.0,12.0,2,2,0.3076923076923077,0.6666666666666666,0
0,0,0.000156,66.0,98.0,2,2,0.6666666666666666,0.6666666666666666,0
0,5,1.863553,530.0,3848.0,11,7,0.1376981034034814,1.375,0
0,22,4.9e-05,4.0,0.0,2,0,4.0,2.0,0
0,0,0.095832,78.0,212.0,1,1,0.3661971830985915,0.5,0
1,3,63.127188,0.0,0.0,7,0,0.0,7.0,5
0,0,0.041348,58.0,122.0,2,2,0.4715447154471545,0.6666666666666666,0
0,22,3.6e-05,0.0,0.0,1,1,0.0,0.5,0
0,5,10.251485,1313.0,4472.0,8,7,0.293539011848871,1.0,0
0,0,0.047275,124.0,254.0,4,2,0.4862745098039215,1.3333333333333333,0
0,0,0.0243,56.0,476.0,2,2,0.1174004192872117,0.6666666666666666,0
0,3,5.448139,352.0,5795.0,5,6,0.0607315389924085,0.7142857142857143,0
0,5,0.410641,697.0,5287.0,9,11,0.1318078668683812,0.75,0
0,5,8.113354,1456.0,112546.0,53,58,0.0129368175073524,0.8983050847457628,0
0,0,0.031127,68.0,242.0,2,2,0.279835390946502,0.6666666666666666,0
0,0,0.0315,140.0,232.0,4,2,0.6008583690987125,1.3333333333333333,0
0,22,5.5e-05,0.0,0.0,1,1,0.0,0.5,0
0,3,3.203513,0.0,0.0,2,1,0.0,1.0,0
0,0,0.000269,60.0,264.0,2,2,0.2264150943396226,0.6666666666666666,0
0,0,0.000144,84.0,116.0,2,2,0.717948717948718,0.6666666666666666,0
0,3,115.160485,441.0,1773.0,16,14,0.2485907553551296,1.0666666666666669,0
1,3,5.1e-05,8.0,0.0,1,1,8.0,0.5,6
1,3,0.034047,26.0,11607.0,3,5,0.0022398345968297,0.5,2
1,3,98.896763,426.0,11595.0,8,5,0.0367368057951017,1.3333333333333333,4
0,0,0.000228,82.0,280.0,2,2,0.2918149466192171,0.6666666666666666,0
0,22,4.8e-05,4.0,0.0,2,0,4.0,2.0,0
0,3,0.105435,0.0,0.0,1,1,0.0,0.5,0
0,22,5.1e-05,0.0,0.0,1,1,0.0,0.5,0
0,0,113.696553,146.0,612.0,4,4,0.2381729200652528,0.8,0
0,5,3e-06,12.0,0.0,2,0,12.0,2.0,0
0,5,0.182506,599.0,4134.0,11,7,0.1448609431680773,1.375,0
1,1,3e-06,14.0,0.0,2,0,14.0,2.0,7
0,0,0.000264,82.0,152.0,2,2,0.5359477124183006,0.6666666666666666,0
0,0,0.000216,166.0,422.0,2,2,0.392434988179669,0.6666666666666666,0
0,5,3e-06,12.0,0.0,2,0,12.0,2.0,0
0,0,0.000279,68.0,132.0,2,2,0.5112781954887218,0.6666666666666666,0
0,0,0.030941,62.0,260.0,2,2,0.2375478927203065,0.6666666666666666,0
0,3,0.003648,12.0,0.0,2,0,12.0,2.0,0
0,22,7.2e-05,4.0,12.0,2,2,0.3076923076923077,0.6666666666666666,0
0,0,0.000154,68.0,100.0,2,2,0.6732673267326733,0.6666666666666666,0
0,5,0.952507,851.0,3950.0,10,10,0.2153885092381675,0.9090909090909092,0
1,3,6.254817,24.0,0.0,4,0,24.0,4.0,2
0,5,115.475802,701.0,4313.0,21,19,0.1624942049142327,1.05,0
0,5,3e-06,0.0,0.0,2,0,0.0,2.0,0
0,5,117.75698,1107.0,11741.0,27,26,0.0942769545222279,1.0,0
1,3,32.119178,222.0,487.0,9,8,0.4549180327868852,1.0,6
0,3,119.71864,12148.0,19421.0,27,27,0.6254762640304808,0.9642857142857144,0
0,0,0.076982,160.0,168.0,4,2,0.9467455621301776,1.3333333333333333,0
0,0,0.023636,82.0,206.0,2,2,0.3961352657004831,0.6666666666666666,0
0,22,1.5e-05,0.0,0.0,1,1,0.0,0.5,0
0,0,0.00014,62.0,94.0,2,2,0.6526315789473685,0.6666666666666666,0
0,5,3e-06,12.0,0.0,2,0,12.0,2.0,0
0,0,0.142656,80.0,190.0,2,2,0.418848167539267,0.6666666666666666,0
0,3,0.600043,12.0,0.0,2,0,12.0,2.0,0
0,0,0.000208,88.0,188.0,2,2,0.4656084656084656,0.6666666666666666,0
0,0,0.000199,78.0,134.0,2,2,0.5777777777777777,0.6666666666666666,0
1,3,32.014196,222.0,487.0,9,8,0.4549180327868852,1.0,6
0,5,0.000133,0.0,0.0,3,0,0.0,3.0,0
0,5,3.729549,135.0,46.0,5,1,2.872340425531915,2.5,0
0,22,4.8e-05,31.0,0.0,2,0,31.0,2.0,0
0,3,115.132727,520.0,802.0,16,14,0.6475716064757161,1.0666666666666669,0
0,0,0.02335,56.0,72.0,1,1,0.7671232876712328,0.5,0
0,3,113.65799,508.0,1786.0,15,15,0.2842753217683268,0.9375,0
0,22,4e-06,12.0,0.0,2,0,12.0,2.0,0
0,0,0.02362,55.0,71.0,1,1,0.7638888888888888,0.5,0
0,5,0.13283,1140.0,943.0,10,5,1.2076271186440677,1.6666666666666667,0
0,22,4.9e-05,4.0,0.0,2,0,4.0,2.0,0
0,0,0.000177,70.0,102.0,2,2,0.6796116504854369,0.6666666666666666,0
0,22,0.000947,2944.0,572.0,2,2,5.137870855148342,0.6666666666666666,0
0,0,0.023875,84.0,200.0,2,2,0.417910447761194,0.6666666666666666,0
0,5,0.000166,12.0,0.0,2,0,12.0,2.0,0
0,22,5.7e-05,4.0,12.0,2,2,0.3076923076923077,0.6666666666666666,0
0,5,0.230216,376.0,3508.0,7,5,0.1071530350527215,1.1666666666666667,0
0,0,0.000181,78.0,160.0,2,2,0.484472049689441,0.6666666666666666,0
0,5,0.004988,6.0,6.0,1,1,0.8571428571428571,0.5,0
0,22,5e-06,137.0,0.0,3,0,137.0,3.0,0
0,13,0.109805,48.0,48.0,1,1,0.979591836734694,0.5,0
0,22,1.7e-05,6.0,6.0,1,1,0.8571428571428571,0.5,0
1,3,103.595358,2541.0,6.0,15,3,363.0,3.75,6
0,5,117.295245,1254.0,4376.0,16,15,0.2864976010966415,1.0,0
0,21,1.466376,2646.0,7062.0,39,44,0.3746283448959365,0.8666666666666667,0
0,0,0.060266,82.0,240.0,2,2,0.3402489626556016,0.6666666666666666,0
0,5,0.000125,12.0,0.0,2,0,12.0,2.0,0
0,0,0.000198,76.0,172.0,2,2,0.4393063583815029,0.6666666666666666,0
0,22,1e-05,6.0,6.0,1,1,0.8571428571428571,0.5,0
0,0,0.107965,59.0,146.0,1,1,0.4013605442176871,0.5,0
0,22,8.5e-05,4.0,12.0,2,2,0.3076923076923077,0.6666666666666666,0
0,0,0.049467,62.0,78.0,1,1,0.7848101265822784,0.5,0
0,0,0.05253,76.0,180.0,2,2,0.4198895027624309,0.6666666666666666,0
0,0,0.046906,42.0,120.0,1,1,0.3471074380165289,0.5,0
0,0,108.223402,95.0,167.0,2,2,0.5654761904761905,0.6666666666666666,0
0,22,2e-06,12.0,0.0,2,0,12.0,2.0,0
0,3,5.925759,12.0,0.0,3,1,12.0,1.5,0
0,5,0.000714,18.0,6.0,3,1,2.571428571428572,1.5,0
0,5,1.018698,595.0,5161.0,10,7,0.1152654010073614,1.25,0
0,22,9.2e-05,4.0,12.0,2,2,0.3076923076923077,0.6666666666666666,0
0,5,1.99951,1605.0,1090.0,7,6,1.471127406049496,1.0,0
0,1,0.162286,200.0,466.0,18,24,0.4282655246252677,0.72,0
0,3,115.320262,389.0,13457.0,22,22,0.0289047406746916,0.9565217391304348,0
0,22,3e-06,37.0,0.0,2,0,37.0,2.0,0
0,0,0.023478,64.0,117.0,1,1,0.5423728813559322,0.5,0
0,22,0.000221,12.0,6.0,2,1,1.7142857142857142,1.0,0
0,5,63.156414,169.0,92.0,7,2,1.8172043010752688,2.333333333333333,0
0,0,0.000192,60.0,264.0,2,2,0.2264150943396226,0.6666666666666666,0
0,5,0.567501,1849.0,3369.0,6,7,0.5486646884272997,0.75,0
0,22,4.8e-05,43.0,0.0,3,0,43.0,3.0,0
0,3,4.549753,3983.0,223349.0,73,127,0.0178329975374972,0.5703125,0
0,5,116.689935,770.0,69410.0,47,51,0.0110933425537738,0.903846153846154,0
0,3,0.056361,443.0,872.0,3,4,0.5074455899198167,0.6,0
0,5,0.08428,713.0,479.0,10,5,1.4854166666666666,1.6666666666666667,0
0,22,3e-06,4.0,0.0,2,0,4.0,2.0,0
0,0,0.000146,90.0,122.0,2,2,0.7317073170731707,0.6666666666666666,0
0,0,0.047725,58.0,111.0,1,1,0.5178571428571429,0.5,0
0,0,0.024159,56.0,476.0,2,2,0.1174004192872117,0.6666666666666666,0
0,0,0.03086,54.0,110.0,1,1,0.4864864864864865,0.5,0
0,5,0.709597,524.0,3813.0,7,9,0.1373885684320923,0.7,0
0,22,4.9e-05,4.0,0.0,2,0,4.0,2.0,0
0,5,116.838527,8538.0,92448.0,67,70,0.0923536219969929,0.943661971830986,0
0,22,5.685003,6.0,36.0,1,6,0.1621621621621621,0.1428571428571428,0
0,0,0.0002,68.0,158.0,2,2,0.4276729559748428,0.6666666666666666,0
0,22,0.011919,0.0,12.0,1,2,0.0,0.3333333333333333,0
0,5,0.0001,12.0,0.0,2,0,12.0,2.0,0
0,5,0.0011,6.0,6.0,1,1,0.8571428571428571,0.5,0
0,5,0.598041,376.0,3508.0,7,5,0.1071530350527215,1.1666666666666667,0
0,0,0.000272,70.0,350.0,2,2,0.1994301994301994,0.6666666666666666,0
0,0,0.049067,63.0,128.0,1,1,0.4883720930232558,0.5,0
0,5,117.472074,614.0,4076.0,13,12,0.1506009320578857,1.0,0
0,22,5.1e-05,0.0,0.0,1,1,0.0,0.5,0
0,0,80.273672,85.0,216.0,2,2,0.391705069124424,0.6666666666666666,0
0,5,5.374618,355.0,6589.0,10,8,0.0538694992412746,1.1111111111111112,0
0,5,13.605084,7661.0,189748.0,97,164,0.0403743893248449,0.5878787878787879,0
0,5,3e-06,12.0,0.0,2,0,12.0,2.0,0
0,22,1.9e-05,6.0,6.0,1,1,0.8571428571428571,0.5,0
0,0,0.03029,50.0,66.0,1,1,0.746268656716418,0.5,0
1,21,7e-05,0.0,0.0,1,1,0.0,0.5,11
0,5,0.219108,12.0,31.0,2,1,0.375,1.0,0
0,5,115.808042,917.0,3780.0,20,17,0.2425284316318434,1.1111111111111112,0
0,5,0.115006,984.0,975.0,10,5,1.0081967213114753,1.6666666666666667,0
0,0,0.000177,68.0,158.0,2,2,0.4276729559748428,0.6666666666666666,0
0,5,0.225503,509.0,2818.0,9,6,0.1805604824405817,1.2857142857142858,0
0,0,0.031134,70.0,194.0,2,2,0.358974358974359,0.6666666666666666,0
0,0,0.000146,72.0,128.0,2,2,0.5581395348837209,0.6666666666666666,0
0,0,0.030373,42.0,58.0,1,1,0.711864406779661,0.5,0
0,0,0.000305,88.0,120.0,2,2,0.7272727272727273,0.6666666666666666,0
0,0,0.000163,84.0,116.0,2,2,0.717948717948718,0.6666666666666666,0
0,0,0.120612,152.0,414.0,4,2,0.3662650602409638,1.3333333333333333,0
0,5,8.635716,1533.0,3496.0,8,7,0.4383757506434086,1.0,0
0,5,0.001076,12.0,0.0,2,0,12.0,2.0,0
0,0,0.000173,80.0,112.0,2,2,0.7079646017699115,0.6666666666666666,0
0,0,0.109587,176.0,400.0,4,4,0.4389027431421446,0.8,0
0,0,0.000674,52.0,113.0,1,1,0.4561403508771929,0.5,0
0,22,7.46986,6.0,36.0,1,6,0.1621621621621621,0.1428571428571428,0
0,5,116.58334,1004.0,4624.0,23,18,0.217081081081081,1.2105263157894737,0
0,0,0.00052,62.0,130.0,1,1,0.4732824427480916,0.5,0
0,0,0.048398,54.0,74.0,1,1,0.72,0.5,0
1,22,7e-05,2.0,6.0,1,1,0.2857142857142857,0.5,10
0,0,0.077496,51.0,99.0,1,1,0.51,0.5,0
0,3,116.689242,463.0,415.0,16,14,1.1129807692307692,1.0666666666666669,0
0,0,0.000183,78.0,282.0,2,2,0.2756183745583039,0.6666666666666666,0
0,0,0.030474,56.0,84.0,1,1,0.6588235294117647,0.5,0
0,0,0.610237,45.0,61.0,1,1,0.7258064516129032,0.5,0
0,5,6.024968,374.0,10188.0,19,17,0.0367062518402198,1.0555555555555556,0
0,0,0.000135,80.0,112.0,2,2,0.7079646017699115,0.6666666666666666,0
0,13,69.022302,96.0,96.0,2,2,0.9896907216494846,0.6666666666666666,0
0,0,0.023443,70.0,102.0,2,2,0.6796116504854369,0.6666666666666666,0
0,3,28.984338,864.0,3540.0,9,8,0.2439988703756001,1.0,0
0,0,0.048952,66.0,202.0,2,2,0.3251231527093596,0.6666666666666666,0
0,22,5e-06,31.0,0.0,3,0,31.0,3.0,0
0,22,0.000243,280.0,6.0,2,1,40.0,1.0,0
0,5,0.995904,328.0,4157.0,8,8,0.0788840788840788,0.8888888888888888,0
0,22,0.000241,0.0,0.0,2,0,0.0,2.0,0
0,13,66.028744,96.0,96.0,2,2,0.9896907216494846,0.6666666666666666,0
0,3,0.048862,354.0,282.0,5,3,1.2508833922261484,1.25,0
0,5,5.795514,381.0,4882.0,9,7,0.0780258038091337,1.125,0
0,0,0.023663,62.0,228.0,2,2,0.2707423580786026,0.6666666666666666,0
0,0,0.105209,47.0,155.0,1,1,0.3012820512820512,0.5,0
0,3,0.000101,12.0,0.0,2,0,12.0,2.0,0
0,0,0.000237,60.0,414.0,2,2,0.144578313253012,0.6666666666666666,0
0,0,0.000305,88.0,144.0,2,2,0.6068965517241379,0.6666666666666666,0
0,22,3e-06,280.0,0.0,2,0,280.0,2.0,0
0,5,115.747149,901.0,77932.0,45,52,0.0115612128366673,0.8490566037735849,0
0,0,0.024356,64.0,188.0,2,2,0.3386243386243386,0.6666666666666666,0
0,5,16.669833,2886.0,178407.0,67,109,0.0161764046455315,0.6090909090909091,0
0,22,1e-06,12.0,0.0,2,0,12.0,2.0,0
0,5,1e-06,12.0,0.0,2,0,12.0,2.0,0
0,0,0.000183,64.0,96.0,2,2,0.6597938144329897,0.6666666666666666,0
0,0,0.000223,64.0,188.0,2,2,0.3386243386243386,0.6666666666666666,0
0,0,0.031634,90.0,222.0,2,2,0.4035874439461883,0.6666666666666666,0
0,5,0.000189,0.0,0.0,3,0,0.0,3.0,0
0,5,92.05639,6053.0,4810.0,44,28,1.2581583870297235,1.5172413793103448,0
0,0,0.04665,156.0,196.0,4,2,0.7918781725888325,1.3333333333333333,0
0,22,5.627247,6.0,30.0,1,5,0.1935483870967742,0.1666666666666666,0
0,0,0.048732,54.0,121.0,1,1,0.4426229508196721,0.5,0
0,22,81.24708,11613.0,56.0,7,8,203.73684210526315,0.7777777777777778,0
0,0,0.1646,42.0,58.0,1,1,0.711864406779661,0.5,0
0,5,60.442079,861.0,3210.0,14,13,0.2681407661164746,1.0,0
0,5,4.239095,135.0,46.0,5,1,2.872340425531915,2.5,0
0,5,5.639067,367.0,3710.0,9,6,0.0988951765022904,1.2857142857142858,0
0,0,0.03118,68.0,182.0,2,2,0.3715846994535519,0.6666666666666666,0
0,22,1.3e-05,6.0,6.0,1,1,0.8571428571428571,0.5,0
0,22,0.000103,0.0,0.0,1,1,0.0,0.5,0
0,5,0.011687,18.0,0.0,3,1,18.0,1.5,0
0,0,0.000123,64.0,96.0,2,2,0.6597938144329897,0.6666666666666666,0
0,0,0.000214,64.0,96.0,2,2,0.6597938144329897,0.6666666666666666,0
0,5,115.158072,1515.0,53619.0,40,43,0.0282543826930249,0.9090909090909092,0
1,4,1.024626,0.0,18.0,3,3,0.0,0.75,1
0,0,0.000331,64.0,158.0,2,2,0.4025157232704403,0.6666666666666666,0
0,22,1.6e-05,0.0,0.0,1,1,0.0,0.5,0
0,5,64.066266,74.0,0.0,2,0,74.0,2.0,0
0,5,116.384779,3626.0,5438.0,25,20,0.6666666666666666,1.1904761904761905,0
0,22,118.615179,0.0,0.0,178,0,0.0,178.0,0
0,0,0.000204,100.0,132.0,2,2,0.7518796992481203,0.6666666666666666,0
0,0,0.090415,63.0,195.0,1,1,0.3214285714285714,0.5,0
0,5,5.405802,386.0,5088.0,9,8,0.0758498722735311,1.0,0
0,3,0.210379,6.0,6.0,1,1,0.8571428571428571,0.5,0
0,5,0.321177,985.0,4945.0,7,8,0.199150828952689,0.7777777777777778,0
0,22,0.000185,0.0,0.0,2,1,0.0,1.0,0
0,22,5.7e-05,0.0,0.0,1,3,0.0,0.25,0
0,0,0.030251,46.0,108.0,1,1,0.4220183486238532,0.5,0
0,0,0.000211,82.0,424.0,2,2,0.1929411764705882,0.6666666666666666,0
0,0,0.062169,132.0,130.0,4,2,1.0076335877862594,1.3333333333333333,0
0,22,0.002825,43.0,6.0,3,1,6.142857142857143,1.5,0
0,0,0.048389,94.0,254.0,2,2,0.3686274509803922,0.6666666666666666,0
0,22,5.1e-05,6.0,6.0,1,1,0.8571428571428571,0.5,0
0,0,0.000186,66.0,98.0,2,2,0.6666666666666666,0.6666666666666666,0
0,5,26.160212,1899.0,3549.0,13,9,0.5349295774647888,1.3,0
0,0,0.000136,46.0,46.0,2,2,0.9787234042553192,0.6666666666666666,0
0,3,116.024551,437.0,746.0,16,14,0.5850066934404283,1.0666666666666669,0
0,0,94.471776,95.0,284.0,2,2,0.3333333333333333,0.6666666666666666,0
1,3,3.002545,0.0,0.0,3,0,0.0,3.0,6
0,5,110.708596,6272.0,8348.0,36,36,0.7512276919391544,0.972972972972973,0
0,0,0.000149,88.0,200.0,2,2,0.4378109452736318,0.6666666666666666,0
0,0,0.060578,64.0,117.0,1,1,0.5423728813559322,0.5,0
0,0,0.000208,130.0,386.0,2,2,0.3359173126614987,0.6666666666666666,0
0,22,5.2e-05,0.0,0.0,1,1,0.0,0.5,0
0,0,0.099767,70.0,204.0,2,2,0.3414634146341463,0.6666666666666666,0
0,3,0.000111,12.0,0.0,2,0,12.0,2.0,0
0,5,0.182791,589.0,7038.0,11,7,0.0836766586162807,1.375,0
0,0,0.000302,64.0,96.0,2,2,0.6597938144329897,0.6666666666666666,0
0,22,2.8e-05,6.0,6.0,1,1,0.8571428571428571,0.5,0
0,0,0.000205,58.0,232.0,2,2,0.2489270386266094,0.6666666666666666,0
0,0,0.095913,53.0,248.0,1,1,0.2128514056224899,0.5,0
0,0,0.048394,44.0,131.0,1,1,0.3333333333333333,0.5,0
0,5,102.568291,753.0,415.0,13,12,1.8100961538461533,1.0,0
0,5,0.229033,671.0,56535.0,29,42,0.0118685439366067,0.6744186046511628,0
0,5,0.659077,12.0,0.0,2,0,12.0,2.0,0
0,0,0.000425,144.0,400.0,2,2,0.3591022443890274,0.6666666666666666,0
0,5,1.501205,542.0,4230.0,15,12,0.1281021035216261,1.1538461538461535,0
0,5,5.039847,617.0,164.0,7,4,3.7393939393939393,1.4,0
0,5,30.904808,1948.0,26764.0,19,23,0.0727816177844199,0.7916666666666666,0
0,5,0.005921,12.0,0.0,2,0,12.0,2.0,0
0,22,0.014797,280.0,6.0,2,1,40.0,1.0,0
0,22,6.3e-05,0.0,0.0,1,1,0.0,0.5,0
0,22,3.6e-05,0.0,0.0,1,1,0.0,0.5,0
0,0,0.00017,78.0,180.0,2,2,0.430939226519337,0.6666666666666666,0
0,5,62.84278,15257.0,50631.0,46,64,0.3013311739611313,0.7076923076923077,0
0,5,6.087037,458.0,4409.0,9,5,0.1038548752834467,1.5,0
0,0,0.046712,78.0,330.0,2,2,0.2356495468277945,0.6666666666666666,0
0,22,0.0002,12.0,0.0,2,0,12.0,2.0,0
0,0,0.050261,90.0,164.0,2,2,0.5454545454545454,0.6666666666666666,0
0,22,4.8e-05,0.0,0.0,1,1,0.0,0.5,0
0,5,0.069889,1196.0,4085.0,12,7,0.2927068037200195,1.5,0
0,13,66.000126,192.0,192.0,4,4,0.9948186528497408,0.8,0
0,5,4.115148,563.0,6178.0,11,9,0.0911150671629713,1.1,0
0,22,5.8e-05,0.0,0.0,1,1,0.0,0.5,0
0,0,0.001175,78.0,182.0,2,2,0.4262295081967213,0.6666666666666666,0
0,0,0.037694,43.0,148.0,1,1,0.2885906040268456,0.5,0
0,0,0.096228,120.0,376.0,4,4,0.3183023872679045,0.8,0
0,22,0.025135,280.0,6.0,2,1,40.0,1.0,0
0,0,0.077485,45.0,225.0,1,1,0.1991150442477876,0.5,0
0,22,4.4e-05,43.0,6.0,3,1,6.142857142857143,1.5,0
0,0,0.000197,66.0,98.0,2,2,0.6666666666666666,0.6666666666666666,0
0,22,8e-06,0.0,0.0,1,1,0.0,0.5,0
0,22,6.3e-05,4.0,12.0,2,2,0.3076923076923077,0.6666666666666666,0
0,3,4.9e-05,12.0,0.0,2,0,12.0,2.0,0
0,0,0.107291,66.0,170.0,2,2,0.3859649122807017,0.6666666666666666,0
0,3,5.914278,12.0,0.0,3,1,12.0,1.5,0
0,3,5.522142,503.0,628.0,4,4,0.7996820349761526,0.8,0
0,22,0.000172,0.0,0.0,1,1,0.0,0.5,0
1,3,0.206475,215.0,181.0,6,5,1.1813186813186811,1.0,10
0,0,0.023543,66.0,500.0,2,2,0.1317365269461078,0.6666666666666666,0
0,5,5.822286,356.0,3983.0,10,6,0.0893574297188755,1.4285714285714286,0
0,22,1e-06,37.0,0.0,2,0,37.0,2.0,0
0,3,3.334343,0.0,0.0,3,3,0.0,0.75,0
0,5,63.601434,2338.0,8160.0,17,17,0.286484499448597,0.9444444444444444,0
0,0,0.000168,62.0,94.0,2,2,0.6526315789473685,0.6666666666666666,0
0,22,2.7e-05,0.0,0.0,1,1,0.0,0.5,0
0,0,0.000178,64.0,96.0,2,2,0.6597938144329897,0.6666666666666666,0
0,0,0.000215,64.0,96.0,2,2,0.6597938144329897,0.6666666666666666,0
0,0,0.00023,76.0,202.0,2,2,0.3743842364532019,0.6666666666666666,0
0,3,5.957007,12.0,2.0,3,1,4.0,1.5,0
0,5,16.008049,766.0,4191.0,9,9,0.1827290076335878,0.9,0
0,0,0.024146,62.0,126.0,2,2,0.4881889763779528,0.6666666666666666,0
0,0,89.789027,93.0,190.0,2,2,0.4869109947643979,0.6666666666666666,0
0,22,5.4e-05,0.0,0.0,1,1,0.0,0.5,0
0,3,115.85893,892.0,1958.0,18,15,0.4553343542623788,1.125,0
0,0,0.000452,45.0,129.0,1,1,0.3461538461538461,0.5,0
0,22,0.000502,0.0,0.0,2,0,0.0,2.0,0
0,5,0.000142,12.0,0.0,2,0,12.0,2.0,0
0,0,0.000149,86.0,198.0,2,2,0.4321608040201005,0.6666666666666666,0
0,3,0.375688,432.0,2280.0,3,4,0.1893906181499342,0.6,0
0,22,3e-06,12.0,0.0,2,0,12.0,2.0,0
0,5,6.092758,620.0,2731.0,9,5,0.2269399707174231,1.5,0
0,5,0.127015,352.0,3782.0,6,6,0.0930478456251652,0.8571428571428571,0
0,5,3.94277,123.0,46.0,5,1,2.617021276595745,2.5,0
0,0,0.000414,54.0,110.0,1,1,0.4864864864864865,0.5,0
0,0,0.000161,72.0,104.0,2,2,0.6857142857142857,0.6666666666666666,0
0,3,115.132356,531.0,919.0,16,14,0.5771739130434783,1.0666666666666669,0
0,5,0.283433,684.0,9567.0,13,10,0.0714882943143812,1.181818181818182,0
0,0,0.069037,76.0,300.0,2,2,0.2524916943521594,0.6666666666666666,0
0,0,0.04701,50.0,230.0,1,1,0.2164502164502164,0.5,0
0,22,0.000129,4.0,12.0,2,2,0.3076923076923077,0.6666666666666666,0
0,0,0.030833,45.0,77.0,1,1,0.5769230769230769,0.5,0
0,21,0.000167,6.0,6.0,1,1,0.8571428571428571,0.5,0
0,22,2e-06,43.0,0.0,3,0,43.0,3.0,0
0,22,4.8e-05,4.0,0.0,2,0,4.0,2.0,0
0,0,0.000244,156.0,412.0,2,2,0.3777239709443099,0.6666666666666666,0
0,0,10.082995,141.0,367.0,3,3,0.3831521739130434,0.75,0
0,0,0.000263,86.0,182.0,2,2,0.4699453551912568,0.6666666666666666,0
0,3,0.059247,426.0,2278.0,3,5,0.1869240895129442,0.5,0
0,0,0.06254,68.0,330.0,2,2,0.2054380664652568,0.6666666666666666,0
0,0,0.000201,58.0,122.0,2,2,0.4715447154471545,0.6666666666666666,0
0,0,0.000144,86.0,118.0,2,2,0.7226890756302521,0.6666666666666666,0
0,0,0.000238,56.0,312.0,2,2,0.1789137380191693,0.6666666666666666,0
0,22,8.9e-05,0.0,0.0,1,1,0.0,0.5,0
0,22,6.2e-05,0.0,0.0,1,1,0.0,0.5,0
0,22,9.8e-05,31.0,0.0,3,1,31.0,1.5,0
1,21,12.169636,2008.0,2745.0,19,31,0.7312454479242535,0.59375,11
0,0,0.023753,50.0,114.0,1,1,0.4347826086956521,0.5,0
0,22,0.00019,0.0,0.0,2,0,0.0,2.0,0
0,22,0.008323,50.0,6.0,3,1,7.142857142857143,1.5,0
0,0,0.023654,44.0,112.0,1,1,0.3893805309734513,0.5,0
0,5,5.698933,391.0,5067.0,10,7,0.0771507498026835,1.25,0
0,5,0.035133,6.0,6.0,1,1,0.8571428571428571,0.5,0
0,5,51.736943,3152.0,178486.0,76,101,0.0176595494349728,0.7450980392156863,0
0,22,0.000209,83.0,6.0,3,1,11.857142857142858,1.5,0
0,0,0.031097,51.0,110.0,1,1,0.4594594594594595,0.5,0
0,22,3e-06,4.0,0.0,2,0,4.0,2.0,0
0,0,0.000928,106.0,440.0,2,2,0.2403628117913832,0.6666666666666666,0
0,0,0.000199,88.0,188.0,2,2,0.4656084656084656,0.6666666666666666,0
0,0,0.031356,52.0,130.0,1,1,0.3969465648854962,0.5,0
0,0,0.07158,45.0,129.0,1,1,0.3461538461538461,0.5,0
0,0,0.112944,132.0,404.0,4,4,0.3259259259259259,0.8,0
0,22,0.112873,12.0,6.0,2,1,1.7142857142857142,1.0,0
0,0,0.000161,82.0,210.0,2,2,0.3886255924170616,0.6666666666666666,0
0,22,7.5e-05,6.0,6.0,1,1,0.8571428571428571,0.5,0
0,0,0.000254,98.0,530.0,2,2,0.1845574387947269,0.6666666666666666,0
0,0,0.000339,60.0,344.0,2,2,0.1739130434782608,0.6666666666666666,0
0,22,4.8e-05,4.0,0.0,2,0,4.0,2.0,0
0,3,6.014445,0.0,0.0,3,1,0.0,1.5,0
0,22,3e-06,12.0,0.0,2,0,12.0,2.0,0
0,5,5.056664,387.0,4928.0,8,5,0.0785149117468046,1.3333333333333333,0
0,0,0.00027,68.0,158.0,2,2,0.4276729559748428,0.6666666666666666,0
0,5,0.464339,926.0,3485.0,7,6,0.2656339644291451,1.0,0
0,0,0.000184,76.0,108.0,2,2,0.6972477064220184,0.6666666666666666,0
0,0,0.000261,88.0,664.0,2,2,0.1323308270676691,0.6666666666666666,0
0,0,0.00039,60.0,344.0,2,2,0.1739130434782608,0.6666666666666666,0
0,5,115.429386,1061.0,5082.0,20,19,0.2087349990163289,1.0,0
0,5,4.191165,123.0,46.0,5,1,2.617021276595745,2.5,0
0,0,0.078393,46.0,158.0,1,1,0.2893081761006289,0.5,0
0,0,0.000183,64.0,204.0,2,2,0.3121951219512195,0.6666666666666666,0
0,0,0.047116,72.0,234.0,2,2,0.3063829787234042,0.6666666666666666,0
0,0,0.065855,54.0,110.0,1,1,0.4864864864864865,0.5,0
0,5,4e-06,12.0,0.0,2,0,12.0,2.0,0
0,0,0.031087,84.0,206.0,2,2,0.4057971014492754,0.6666666666666666,0
0,0,24.436963,102.0,301.0,2,2,0.3377483443708609,0.6666666666666666,0
0,0,0.100664,40.0,94.0,1,1,0.4210526315789473,0.5,0
0,0,0.000176,74.0,106.0,2,2,0.6915887850467289,0.6666666666666666,0
0,0,0.023524,98.0,208.0,2,2,0.4688995215311005,0.6666666666666666,0
0,5,5.820494,315.0,145.0,7,4,2.1575342465753424,1.4,0
0,22,0.000133,0.0,0.0,1,1,0.0,0.5,0
0,12,0.038809,2488.0,3176.0,49,26,0.7831287378029588,1.8148148148148149,0
0,0,0.000249,72.0,380.0,2,2,0.1889763779527559,0.6666666666666666,0
0,3,0.066499,538.0,166.0,3,4,3.2215568862275448,0.6,0
0,5,64.06242,74.0,0.0,2,0,74.0,2.0,0
0,0,0.119139,76.0,300.0,2,2,0.2524916943521594,0.6666666666666666,0
0,3,5.016597,12.0,0.0,3,1,12.0,1.5,0
0,0,0.000444,51.0,112.0,1,1,0.4513274336283185,0.5,0
0,11,2.1e-05,650.0,0.0,13,0,650.0,13.0,0
0,5,1.5e-05,12.0,0.0,2,0,12.0,2.0,0
0,12,0.063615,2488.0,3188.0,49,30,0.7801818751959863,1.5806451612903225,0
0,0,19.685187,100.0,267.0,2,2,0.373134328358209,0.6666666666666666,0
0,0,0.000522,51.0,113.0,1,1,0.4473684210526316,0.5,0
0,5,4.157518,117.0,41.0,5,1,2.7857142857142856,2.5,0
0,22,7.6e-05,0.0,0.0,1,1,0.0,0.5,0
0,0,0.047381,116.0,192.0,4,2,0.6010362694300518,1.3333333333333333,0
0,5,0.224305,376.0,3508.0,7,5,0.1071530350527215,1.1666666666666667,0
0,0,0.000237,94.0,126.0,2,2,0.7401574803149606,0.6666666666666666,0
0,5,10.158252,1325.0,6404.0,8,9,0.2068696330991413,0.8,0
0,0,0.000257,102.0,202.0,2,2,0.5024630541871922,0.6666666666666666,0
0,0,0.061903,180.0,354.0,4,2,0.5070422535211268,1.3333333333333333,0
0,22,4.5e-05,0.0,0.0,1,1,0.0,0.5,0
0,0,0.023699,94.0,256.0,2,2,0.3657587548638132,0.6666666666666666,0
0,22,5.7e-05,6.0,6.0,1,1,0.8571428571428571,0.5,0
0,0,0.000156,86.0,142.0,2,2,0.6013986013986014,0.6666666666666666,0
0,0,0.023647,76.0,164.0,2,2,0.4606060606060606,0.6666666666666666,0
0,0,0.270304,66.0,318.0,2,2,0.2068965517241379,0.6666666666666666,0
0,13,0.016473,48.0,48.0,1,1,0.979591836734694,0.5,0
0,5,0.201433,558.0,4127.0,10,5,0.1351744186046511,1.6666666666666667,0
0,0,0.028749,39.0,317.0,1,1,0.1226415094339622,0.5,0
0,0,0.000219,90.0,172.0,2,2,0.5202312138728323,0.6666666666666666,0
0,22,4e-06,0.0,0.0,2,0,0.0,2.0,0
0,0,0.000149,72.0,104.0,2,2,0.6857142857142857,0.6666666666666666,0
1,3,0.169654,156.0,181.0,6,5,0.8571428571428571,1.0,10
0,5,0.087382,713.0,479.0,10,5,1.4854166666666666,1.6666666666666667,0
0,0,0.957218,78.0,106.0,2,2,0.7289719626168224,0.6666666666666666,0
0,3,8.674873,752.0,19032.0,10,13,0.0395103241738033,0.7142857142857143,0
0,0,0.000189,168.0,392.0,2,2,0.4274809160305343,0.6666666666666666,0
0,0,0.00031,88.0,662.0,2,2,0.1327300150829562,0.6666666666666666,0
0,22,3e-06,4.0,0.0,2,0,4.0,2.0,0
0,5,0.009011,0.0,0.0,2,0,0.0,2.0,0
0,0,0.048372,60.0,92.0,2,2,0.6451612903225806,0.6666666666666666,0
0,5,4.769257,2665.0,1048.0,7,5,2.540514775977121,1.1666666666666667,0
0,0,0.000265,60.0,264.0,2,2,0.2264150943396226,0.6666666666666666,0
0,0,0.000257,60.0,192.0,2,2,0.310880829015544,0.6666666666666666,0
0,0,0.218549,88.0,170.0,2,2,0.5146198830409356,0.6666666666666666,0
0,0,0.03127,164.0,276.0,4,4,0.592057761732852,0.8,0
0,0,0.00016,66.0,170.0,2,2,0.3859649122807017,0.6666666666666666,0
0,0,0.000302,76.0,180.0,2,2,0.4198895027624309,0.6666666666666666,0
0,3,2.522715,1734.0,557565.0,184,254,0.003109945728398,0.7215686274509804,0
0,0,0.000164,80.0,112.0,2,2,0.7079646017699115,0.6666666666666666,0
0,22,3e-06,4.0,0.0,2,0,4.0,2.0,0
0,3,0.120694,357.0,560.0,3,2,0.6363636363636364,1.0,0
0,5,61.507543,1052.0,5376.0,15,14,0.1956481309280267,1.0,0
0,0,0.109612,55.0,226.0,1,1,0.2422907488986784,0.5,0
0,0,0.024237,82.0,146.0,2,2,0.5578231292517006,0.6666666666666666,0
0,0,0.000168,98.0,130.0,2,2,0.7480916030534351,0.6666666666666666,0
0,0,0.000216,88.0,120.0,2,2,0.7272727272727273,0.6666666666666666,0
0,1,1.196122,50.0,100.0,7,8,0.495049504950495,0.7777777777777778,0
0,0,0.619806,46.0,138.0,1,1,0.3309352517985611,0.5,0
0,0,0.06025,72.0,266.0,2,2,0.2696629213483146,0.6666666666666666,0
0,0,0.000154,90.0,164.0,2,2,0.5454545454545454,0.6666666666666666,0
0,3,0.003711,12.0,0.0,2,0,12.0,2.0,0
0,0,0.00021,68.0,132.0,2,2,0.5112781954887218,0.6666666666666666,0
0,5,10.281211,318.0,183.0,5,5,1.7282608695652173,0.8333333333333334,0
0,0,0.000147,94.0,126.0,2,2,0.7401574803149606,0.6666666666666666,0
0,0,0.060001,80.0,144.0,2,2,0.5517241379310345,0.6666666666666666,0
0,5,119.904042,14602.0,10182.0,36,42,1.4339585583816163,0.8372093023255814,0
0,5,4.479686,117.0,41.0,5,1,2.7857142857142856,2.5,0
0,5,4.500376,135.0,46.0,5,1,2.872340425531915,2.5,0
0,5,0.000159,12.0,0.0,2,0,12.0,2.0,0
0,0,0.030723,45.0,61.0,1,1,0.7258064516129032,0.5,0
0,0,0.000214,64.0,96.0,2,2,0.6597938144329897,0.6666666666666666,0
0,0,0.023193,43.0,99.0,1,1,0.43,0.5,0
0,22,0.0001,0.0,0.0,1,1,0.0,0.5,0
0,0,0.068075,80.0,274.0,2,2,0.2909090909090909,0.6666666666666666,0
0,0,0.051159,70.0,198.0,2,2,0.3517587939698492,0.6666666666666666,0
0,22,2.2e-05,0.0,0.0,1,1,0.0,0.5,0
0,0,0.031385,78.0,152.0,2,2,0.5098039215686274,0.6666666666666666,0
0,5,0.079053,0.0,0.0,1,2,0.0,0.3333333333333333,0
0,0,0.05936,51.0,67.0,1,1,0.75,0.5,0
0,3,65.066226,0.0,0.0,8,7,0.0,1.0,0
0,0,0.000498,46.0,107.0,1,1,0.4259259259259259,0.5,0
0,5,0.034782,0.0,0.0,1,1,0.0,0.5,0
0,22,6.9e-05,0.0,0.0,2,1,0.0,1.0,0
0,0,0.031251,102.0,158.0,2,2,0.6415094339622641,0.6666666666666666,0
1,3,11.780785,30.0,0.0,5,0,30.0,5.0,2
0,11,1.578042,1950.0,0.0,39,0,1950.0,39.0,0
0,22,5e-06,43.0,0.0,3,0,43.0,3.0,0
0,22,0.036375,11601.0,26.0,6,2,429.6666666666667,2.0,0
0,0,0.031112,76.0,104.0,2,2,0.7238095238095238,0.6666666666666666,0
0,0,0.077915,101.0,133.0,1,1,0.753731343283582,0.5,0
0,0,0.066178,42.0,98.0,1,1,0.4242424242424242,0.5,0
0,22,0.000129,187.0,6.0,1,1,26.714285714285715,0.5,0
0,3,3e-05,12.0,0.0,2,0,12.0,2.0,0
0,0,0.000185,70.0,326.0,2,2,0.2140672782874617,0.6666666666666666,0
0,0,0.060471,64.0,96.0,2,2,0.6597938144329897,0.6666666666666666,0
0,0,0.000364,66.0,98.0,2,2,0.6666666666666666,0.6666666666666666,0
0,0,0.174742,66.0,178.0,1,1,0.3687150837988827,0.5,0
0,5,0.387126,0.0,0.0,1,1,0.0,0.5,0
0,0,0.000225,70.0,260.0,2,2,0.2681992337164751,0.6666666666666666,0
0,5,115.483089,844.0,43780.0,32,36,0.0192777688951828,0.8648648648648649,0
0,0,0.000186,74.0,204.0,2,2,0.3609756097560975,0.6666666666666666,0
0,5,116.262958,3901.0,33257.0,41,39,0.1172950868963858,1.025,0
0,22,3e-06,37.0,0.0,2,0,37.0,2.0,0
0,22,4.055005,6.0,30.0,1,5,0.1935483870967742,0.1666666666666666,0
0,22,0.00161,4830.0,12.0,4,2,371.5384615384616,1.3333333333333333,0
0,0,0.000148,76.0,132.0,2,2,0.5714285714285714,0.6666666666666666,0
0,0,0.030589,49.0,65.0,1,1,0.7424242424242424,0.5,0
0,0,115.810265,88.0,399.0,2,2,0.22,0.6666666666666666,0
0,3,6.031131,0.0,0.0,4,2,0.0,1.3333333333333333,0
0,5,0.00079,76.0,0.0,3,0,76.0,3.0,0
0,3,1.1e-05,6.0,6.0,1,1,0.8571428571428571,0.5,0
0,21,1.288799,2632.0,6634.0,35,40,0.3966842501883948,0.8536585365853658,0
0,5,110.681041,10884.0,3386.0,21,23,3.2134632418069087,0.875,0
0,3,5e-06,6.0,6.0,1,1,0.8571428571428571,0.5,0
0,3,88.138465,490.0,1786.0,12,13,0.2742025741466144,0.8571428571428571,0
0,0,0.00034,76.0,354.0,2,2,0.2140845070422535,0.6666666666666666,0
0,11,1.8e-05,650.0,0.0,13,0,650.0,13.0,0
0,3,5.9e-05,12.0,0.0,2,0,12.0,2.0,0
0,5,2.532561,2487.0,3440.0,9,9,0.7227550130775937,0.9,0
0,0,0.030777,49.0,65.0,1,1,0.7424242424242424,0.5,0
0,0,0.052485,80.0,124.0,2,2,0.64,0.6666666666666666,0
0,5,0.162783,920.0,7172.0,13,9,0.1282587480830893,1.3,0
0,22,5.1e-05,4.0,12.0,2,2,0.3076923076923077,0.6666666666666666,0
0,5,5.447085,381.0,3333.0,8,6,0.1142771445710857,1.1428571428571428,0
0,22,3e-06,4.0,0.0,2,0,4.0,2.0,0
0,0,0.061757,192.0,152.0,4,2,1.2549019607843137,1.3333333333333333,0
1,3,97.288155,337.0,11595.0,6,6,0.0290617454294584,0.8571428571428571,4
0,22,3e-06,31.0,0.0,2,0,31.0,2.0,0
0,3,5.078787,0.0,0.0,3,1,0.0,1.5,0
0,5,0.491932,12.0,0.0,2,0,12.0,2.0,0
0,0,0.000206,64.0,96.0,2,2,0.6597938144329897,0.6666666666666666,0
0,3,60.292272,538.0,257.0,9,9,2.085271317829457,0.9,0
0,5,5.474739,123.0,46.0,5,1,2.617021276595745,2.5,0
0,3,5.088771,12.0,2.0,3,1,4.0,1.5,0
0,0,0.074509,72.0,228.0,2,2,0.314410480349345,0.6666666666666666,0
0,0,0.030669,56.0,116.0,1,1,0.4786324786324786,0.5,0
0,0,0.134617,164.0,202.0,4,2,0.8078817733990148,1.3333333333333333,0
0,0,0.16422,46.0,189.0,1,1,0.2421052631578947,0.5,0
0,5,15.68473,1388.0,5362.0,10,11,0.2588103673317173,0.8333333333333334,0
0,0,0.104705,64.0,202.0,2,2,0.3152709359605911,0.6666666666666666,0
0,22,0.022989,38.0,0.0,3,1,38.0,1.5,0
0,0,0.000146,88.0,120.0,2,2,0.7272727272727273,0.6666666666666666,0
0,3,0.6802,510.0,609.0,3,4,0.8360655737704918,0.6,0
0,0,0.000598,58.0,139.0,1,1,0.4142857142857143,0.5,0
0,0,0.12659,72.0,414.0,2,2,0.1734939759036144,0.6666666666666666,0
0,0,0.000165,94.0,126.0,2,2,0.7401574803149606,0.6666666666666666,0
0,0,0.061679,68.0,228.0,2,2,0.296943231441048,0.6666666666666666,0
0,5,0.254892,548.0,3939.0,10,8,0.1390862944162436,1.1111111111111112,0
0,5,10.109802,3159.0,8266.0,10,12,0.382121688641587,0.7692307692307693,0
0,22,0.000106,4.0,12.0,2,2,0.3076923076923077,0.6666666666666666,0
0,0,0.122265,70.0,184.0,2,2,0.3783783783783784,0.6666666666666666,0
0,5,78.89013,7585.0,69435.0,61,96,0.1092372832536436,0.6288659793814433,0
0,5,114.65625,0.0,31.0,12,14,0.0,0.8,0
0,5,0.040319,12.0,0.0,2,0,12.0,2.0,0
0,22,0.000192,0.0,0.0,2,0,0.0,2.0,0
0,5,60.890264,722.0,5889.0,17,14,0.1225806451612903,1.1333333333333333,0
0,22,8.9e-05,4.0,12.0,2,2,0.3076923076923077,0.6666666666666666,0
0,0,26.855451,144.0,358.0,4,4,0.4011142061281337,0.8,0
0,0,1.481919,131.0,400.0,2,2,0.3266832917705736,0.6666666666666666,0
0,22,3e-06,31.0,0.0,2,0,31.0,2.0,0
0,22,4.2e-05,6.0,6.0,1,1,0.8571428571428571,0.5,0
0,0,0.030716,44.0,76.0,1,1,0.5714285714285714,0.5,0
0,0,0.03154,80.0,298.0,2,2,0.2675585284280936,0.6666666666666666,0
0,0,0.000218,74.0,202.0,2,2,0.3645320197044335,0.6666666666666666,0
0,0,0.000195,90.0,172.0,2,2,0.5202312138728323,0.6666666666666666,0
0,0,0.023517,51.0,112.0,1,1,0.4513274336283185,0.5,0
0,0,0.076642,58.0,114.0,1,1,0.5043478260869565,0.5,0
0,0,0.000186,58.0,220.0,2,2,0.2624434389140271,0.6666666666666666,0
0,3,0.109795,0.0,0.0,1,1,0.0,0.5,0
0,0,0.061363,55.0,183.0,1,1,0.2989130434782608,0.5,0
0,0,0.079144,68.0,100.0,2,2,0.6732673267326733,0.6666666666666666,0
0,5,117.27863,864.0,7005.0,16,17,0.1233228661147587,0.8888888888888888,0
0,5,0.041139,49.0,6.0,4,1,7.0,2.0,0
0,5,5.794628,617.0,164.0,7,4,3.7393939393939393,1.4,0
0,5,5.430686,1102.0,4616.0,8,11,0.2386831275720164,0.6666666666666666,0
0,3,47.245,902.0,3559.0,10,10,0.2533707865168539,0.9090909090909092,0
0,22,3.4e-05,0.0,0.0,1,1,0.0,0.5,0
0,0,0.076572,76.0,240.0,2,2,0.3153526970954357,0.6666666666666666,0
0,0,0.023596,122.0,244.0,2,2,0.4979591836734693,0.6666666666666666,0
0,5,5.32418,135.0,46.0,5,1,2.872340425531915,2.5,0
0,5,0.00021,12.0,0.0,2,0,12.0,2.0,0
0,22,5e-06,37.0,0.0,3,0,37.0,3.0,0
0,0,0.000374,58.0,430.0,2,2,0.1345707656612529,0.6666666666666666,0
0,0,93.2054,105.0,298.0,2,2,0.3511705685618729,0.6666666666666666,0
0,0,0.032114,68.0,252.0,2,2,0.2687747035573122,0.6666666666666666,0
0,3,5.077929,471.0,655.0,4,4,0.7179878048780488,0.8,0
0,5,0.449699,868.0,8385.0,14,12,0.1035058430717863,1.0769230769230769,0
0,0,0.060638,47.0,132.0,1,1,0.3533834586466165,0.5,0
0,0,0.000173,78.0,110.0,2,2,0.7027027027027027,0.6666666666666666,0
0,22,4e-06,12.0,0.0,2,0,12.0,2.0,0
0,13,0.093962,48.0,48.0,1,1,0.979591836734694,0.5,0
0,5,116.686588,3047.0,17576.0,28,32,0.1733515389429367,0.8484848484848485,0
0,5,0.144794,6.0,6.0,1,1,0.8571428571428571,0.5,0
0,5,5.605423,135.0,46.0,5,1,2.872340425531915,2.5,0
0,0,0.023388,72.0,133.0,1,1,0.5373134328358209,0.5,0
0,22,3e-06,37.0,0.0,2,0,37.0,2.0,0
0,22,0.000117,0.0,0.0,2,1,0.0,1.0,0
0,5,116.324588,856.0,29104.0,38,35,0.0294107541659508,1.0555555555555556,0
0,0,0.025529,58.0,139.0,1,1,0.4142857142857143,0.5,0
0,0,0.046348,45.0,240.0,1,1,0.1867219917012448,0.5,0
0,21,0.000139,0.0,0.0,1,1,0.0,0.5,0
0,0,0.000182,56.0,158.0,2,2,0.3522012578616352,0.6666666666666666,0
0,22,0.450398,11607.0,26.0,6,2,429.8888888888889,2.0,0
0,12,0.066305,2488.0,3188.0,49,30,0.7801818751959863,1.5806451612903225,0
0,0,0.000147,88.0,120.0,2,2,0.7272727272727273,0.6666666666666666,0
0,5,115.82424,1356.0,18219.0,28,28,0.074423710208562,0.9655172413793104,0
0,5,0.007463,12.0,0.0,2,0,12.0,2.0,0
0,3,0.058961,379.0,783.0,5,3,0.4834183673469387,1.25,0
0,0,109.05184,94.0,215.0,2,2,0.4351851851851852,0.6666666666666666,0
0,0,0.047721,68.0,230.0,2,2,0.2943722943722944,0.6666666666666666,0
0,22,1e-06,12.0,0.0,2,0,12.0,2.0,0
0,0,0.263321,156.0,268.0,4,4,0.5799256505576208,0.8,0
0,3,0.000149,0.0,0.0,2,0,0.0,2.0,0
0,0,0.000259,56.0,568.0,2,2,0.0984182776801406,0.6666666666666666,0
0,0,0.000216,78.0,202.0,2,2,0.3842364532019704,0.6666666666666666,0
0,22,0.053204,12.0,6.0,2,1,1.7142857142857142,1.0,0
0,0,50.627771,99.0,255.0,2,2,0.38671875,0.6666666666666666,0
0,0,0.000145,88.0,120.0,2,2,0.7272727272727273,0.6666666666666666,0
0,0,0.031371,68.0,100.0,2,2,0.6732673267326733,0.6666666666666666,0
0,0,0.000182,70.0,210.0,2,2,0.3317535545023696,0.6666666666666666,0
0,0,0.192995,86.0,118.0,2,2,0.7226890756302521,0.6666666666666666,0
0,0,0.000152,70.0,102.0,2,2,0.6796116504854369,0.6666666666666666,0
0,22,0.499956,62.0,0.0,2,0,62.0,2.0,0
0,22,2e-06,2071.0,0.0,2,0,2071.0,2.0,0
0,0,0.066632,64.0,96.0,2,2,0.6597938144329897,0.6666666666666666,0
0,5,0.000187,18.0,0.0,3,1,18.0,1.5,0
0,22,3e-06,31.0,0.0,2,0,31.0,2.0,0
0,0,11.315336,440.0,88.0,10,2,4.943820224719101,3.333333333333333,0
0,5,65.475666,1029.0,29101.0,31,33,0.0353583946120541,0.9117647058823528,0
0,5,65.469229,894.0,77073.0,40,54,0.0115992422866336,0.7272727272727273,0
0,0,0.031153,64.0,256.0,2,2,0.2490272373540856,0.6666666666666666,0
0,0,0.000195,86.0,198.0,2,2,0.4321608040201005,0.6666666666666666,0
0,5,65.659885,891.0,5659.0,15,13,0.1574204946996466,1.0714285714285714,0
0,0,0.061214,82.0,424.0,2,2,0.1929411764705882,0.6666666666666666,0
0,22,0.277283,0.0,0.0,2,1,0.0,1.0,0
0,22,0.000159,0.0,0.0,1,2,0.0,0.3333333333333333,0
0,0,0.000188,70.0,102.0,2,2,0.6796116504854369,0.6666666666666666,0
0,22,0.999441,12.0,0.0,2,0,12.0,2.0,0
0,22,84.546925,11595.0,397.0,7,6,29.133165829145728,1.0,0
0,22,4e-05,4.0,12.0,2,2,0.3076923076923077,0.6666666666666666,0
0,0,0.000175,78.0,110.0,2,2,0.7027027027027027,0.6666666666666666,0
0,0,0.000141,90.0,122.0,2,2,0.7317073170731707,0.6666666666666666,0
0,22,3e-06,12.0,0.0,2,0,12.0,2.0,0
0,0,0.030781,49.0,114.0,1,1,0.4260869565217391,0.5,0
0,0,0.000325,76.0,332.0,2,2,0.2282282282282282,0.6666666666666666,0
0,11,2e-06,124.0,0.0,2,0,124.0,2.0,0
0,3,5.994588,12.0,0.0,3,1,12.0,1.5,0
0,5,1.021903,7041.0,7984.0,18,16,0.8817783343769567,1.0588235294117647,0
0,0,0.000173,64.0,176.0,2,2,0.3615819209039548,0.6666666666666666,0
0,22,0.000122,0.0,0.0,1,1,0.0,0.5,0
0,0,93.450496,94.0,126.0,2,2,0.7401574803149606,0.6666666666666666,0
0,22,0.000103,6.0,6.0,1,1,0.8571428571428571,0.5,0
0,0,0.024069,56.0,226.0,2,2,0.2466960352422907,0.6666666666666666,0
0,22,9.6e-05,6.0,6.0,1,1,0.8571428571428571,0.5,0
0,0,0.507484,38.0,59.0,1,1,0.6333333333333333,0.5,0
0,3,64.353411,434.0,1391.0,11,11,0.3117816091954023,0.9166666666666666,0
0,22,0.16069,12.0,12.0,3,2,0.9230769230769232,1.0,0
0,22,9.5e-05,0.0,0.0,1,1,0.0,0.5,0
0,22,3e-06,12.0,0.0,2,0,12.0,2.0,0
0,22,99.792485,4836.0,864.0,24,12,5.590751445086705,1.8461538461538465,0
0,5,1e-06,12.0,0.0,2,0,12.0,2.0,0
0,0,0.060799,72.0,256.0,2,2,0.2801556420233463,0.6666666666666666,0
0,5,4e-06,0.0,0.0,2,0,0.0,2.0,0
0,22,0.000242,0.0,0.0,2,0,0.0,2.0,0
0,5,1.581678,658.0,5684.0,13,9,0.1157431838170624,1.3,0
0,5,90.122079,1596.0,496.0,9,8,3.211267605633803,1.0,0
0,0,0.030592,57.0,185.0,1,1,0.3064516129032258,0.5,0
0,22,6.2e-05,0.0,0.0,1,1,0.0,0.5,0
0,3,0.066895,428.0,2266.0,3,4,0.1887957653286281,0.6,0
0,3,115.515947,3089.0,2738.0,17,17,1.127783862723622,0.9444444444444444,0
0,0,0.255747,72.0,138.0,1,1,0.5179856115107914,0.5,0
0,3,0.05369,0.0,0.0,1,2,0.0,0.3333333333333333,0
0,22,3e-06,0.0,0.0,2,0,0.0,2.0,0
0,22,0.000576,466.0,414.0,7,4,1.1228915662650605,1.4,0
0,5,0.361157,974.0,7387.0,15,11,0.1318354087709799,1.25,0
0,0,0.000225,94.0,206.0,2,2,0.4541062801932367,0.6666666666666666,0
0,5,5.542806,617.0,164.0,7,4,3.7393939393939393,1.4,0
0,0,0.15,56.0,159.0,1,1,0.35,0.5,0
0,22,8.5e-05,0.0,0.0,1,2,0.0,0.3333333333333333,0
0,5,57.200015,58.0,46.0,3,1,1.2340425531914894,1.5,0
0,0,0.02408,64.0,256.0,2,2,0.2490272373540856,0.6666666666666666,0
0,22,0.553511,6064.0,13576.0,32,21,0.4466376961037048,1.4545454545454546,0
0,0,0.031329,51.0,67.0,1,1,0.75,0.5,0
0,5,0.26367,356.0,3782.0,6,6,0.0941052075072693,0.8571428571428571,0
0,22,8.1e-05,6.0,6.0,1,1,0.8571428571428571,0.5,0
1,3,0.191676,213.0,181.0,6,5,1.1703296703296704,1.0,10
0,0,0.000155,82.0,146.0,2,2,0.5578231292517006,0.6666666666666666,0
0,22,1e-06,12.0,0.0,2,0,12.0,2.0,0
0,0,0.000198,168.0,392.0,2,2,0.4274809160305343,0.6666666666666666,0
0,0,0.000188,60.0,264.0,2,2,0.2264150943396226,0.6666666666666666,0
0,5,3.039239,12.0,0.0,2,0,12.0,2.0,0
0,5,5.569291,405.0,3118.0,8,5,0.1298493106764988,1.3333333333333333,0
0,0,0.000169,60.0,220.0,2,2,0.2714932126696832,0.6666666666666666,0
0,5,5.100224,291.0,417.0,4,5,0.6961722488038278,0.6666666666666666,0
0,0,0.06147,58.0,118.0,1,1,0.4873949579831932,0.5,0
0,22,4.8e-05,12.0,4.0,2,2,2.4,0.6666666666666666,0
0,3,0.006787,12.0,0.0,2,0,12.0,2.0,0
0,3,0.557747,418.0,448.0,3,4,0.930957683741648,0.6,0
0,22,6.1e-05,0.0,0.0,2,1,0.0,1.0,0
0,22,1.048918,11607.0,26.0,7,2,429.8888888888889,2.333333333333333,0
0,0,0.034365,60.0,158.0,2,2,0.3773584905660377,0.6666666666666666,0
0,5,62.756045,957.0,4167.0,17,13,0.2296065259117082,1.2142857142857142,0
1,21,12.558467,2008.0,2745.0,22,33,0.7312454479242535,0.6470588235294118,11
0,0,0.140218,48.0,64.0,1,1,0.7384615384615385,0.5,0
0,0,0.000192,72.0,328.0,2,2,0.2188449848024316,0.6666666666666666,0
0,0,0.000156,80.0,112.0,2,2,0.7079646017699115,0.6666666666666666,0
0,3,5.580532,0.0,0.0,3,1,0.0,1.5,0
1,3,31.980379,221.0,487.0,9,8,0.4528688524590163,1.0,6
0,0,0.060963,84.0,310.0,2,2,0.270096463022508,0.6666666666666666,0
0,0,0.00018,66.0,122.0,2,2,0.5365853658536586,0.6666666666666666,0
0,0,0.175119,46.0,97.0,1,1,0.4693877551020408,0.5,0
0,22,6.6e-05,0.0,0.0,3,0,0.0,3.0,0
0,5,5.779445,390.0,3716.0,8,6,0.1049233252623083,1.1428571428571428,0
0,22,4.8e-05,4.0,0.0,2,0,4.0,2.0,0
0,22,0.00021,0.0,0.0,2,0,0.0,2.0,0
0,22,0.008479,0.0,0.0,2,0,0.0,2.0,0
0,0,0.061376,160.0,294.0,2,2,0.5423728813559322,0.6666666666666666,0
0,0,0.00015,88.0,120.0,2,2,0.7272727272727273,0.6666666666666666,0
0,22,3e-06,43.0,0.0,2,0,43.0,2.0,0
0,22,8.1e-05,0.0,0.0,1,1,0.0,0.5,0
0,0,0.000195,112.0,368.0,2,2,0.3035230352303523,0.6666666666666666,0
0,0,14.253889,91.0,178.0,2,2,0.5083798882681564,0.6666666666666666,0
0,22,4.3e-05,0.0,0.0,1,1,0.0,0.5,0
0,0,0.030489,56.0,72.0,1,1,0.7671232876712328,0.5,0
0,0,0.144966,48.0,64.0,1,1,0.7384615384615385,0.5,0
0,22,6.6e-05,4.0,12.0,2,2,0.3076923076923077,0.6666666666666666,0
0,0,0.03077,53.0,128.0,1,1,0.4108527131782946,0.5,0
0,5,75.201108,1267.0,4094.0,15,15,0.3094017094017094,0.9375,0
0,0,0.000168,76.0,108.0,2,2,0.6972477064220184,0.6666666666666666,0
0,5,116.367506,1935.0,4165.0,22,21,0.4644743158905425,1.0,0
0,3,5.299806,12.0,0.0,4,2,12.0,1.3333333333333333,0
0,0,0.425712,38.0,91.0,1,1,0.4130434782608695,0.5,0
0,5,5.414357,612.0,2673.0,9,5,0.2288706058339566,1.5,0
0,5,0.130554,596.0,2255.0,10,5,0.2641843971631206,1.6666666666666667,0
0,0,0.16486,80.0,194.0,2,2,0.4102564102564102,0.6666666666666666,0
0,0,0.06059,63.0,121.0,1,1,0.5163934426229508,0.5,0
0,0,93.336683,270.0,1004.0,6,6,0.2686567164179104,0.8571428571428571,0
0,0,0.000166,84.0,162.0,2,2,0.5153374233128835,0.6666666666666666,0
0,0,0.030655,88.0,108.0,4,2,0.8073394495412844,1.3333333333333333,0
0,5,0.039452,95.0,0.0,2,1,95.0,1.0,0
0,0,0.000254,64.0,256.0,2,2,0.2490272373540856,0.6666666666666666,0
0,5,3e-06,31.0,0.0,2,0,31.0,2.0,0
0,22,0.003629,581.0,53.0,1,4,10.75925925925926,0.2,0
0,3,56.615077,3638.0,1864.0,16,12,1.9506702412868635,1.2307692307692308,0
0,0,0.060723,48.0,125.0,1,1,0.3809523809523809,0.5,0
0,22,5.8e-05,31.0,6.0,2,1,4.428571428571429,1.0,0
0,0,0.000132,80.0,112.0,2,2,0.7079646017699115,0.6666666666666666,0
0,0,0.031266,128.0,96.0,4,2,1.3195876288659794,1.3333333333333333,0
0,5,117.362718,1394.0,6399.0,23,27,0.2178125,0.8214285714285714,0
0,22,6.9e-05,0.0,0.0,1,1,0.0,0.5,0
0,5,4.835148,982.0,6197.0,9,10,0.1584382058728622,0.8181818181818182,0
0,22,0.017912,38.0,0.0,3,1,38.0,1.5,0
0,22,3e-06,37.0,0.0,2,0,37.0,2.0,0
0,0,0.024059,124.0,264.0,4,2,0.4679245283018868,1.3333333333333333,0
1,1,8.558887,119.0,188.0,9,15,0.6296296296296297,0.5625,7
0,0,0.000179,90.0,122.0,2,2,0.7317073170731707,0.6666666666666666,0
0,22,1e-06,31.0,0.0,2,0,31.0,2.0,0
0,3,119.099826,1395.0,2244.0,20,16,0.621380846325167,1.1764705882352942,0
0,22,4.6e-05,120.0,88.0,2,2,1.348314606741573,0.6666666666666666,0
0,0,0.233428,74.0,180.0,2,2,0.4088397790055249,0.6666666666666666,0
0,0,0.00018,58.0,90.0,2,2,0.6373626373626373,0.6666666666666666,0
0,0,0.192711,54.0,70.0,1,1,0.7605633802816901,0.5,0
0,3,40.776092,5.0,0.0,5,6,5.0,0.7142857142857143,0
0,22,4.2e-05,6.0,6.0,1,1,0.8571428571428571,0.5,0
0,9,10.00535,656.0,560.0,11,6,1.1693404634581106,1.5714285714285714,0
0,5,0.044178,0.0,0.0,1,1,0.0,0.5,0
0,0,0.000282,60.0,264.0,2,2,0.2264150943396226,0.6666666666666666,0
0,22,6e-05,31.0,6.0,2,1,4.428571428571429,1.0,0
0,22,3e-06,37.0,0.0,2,0,37.0,2.0,0
0,22,4.9e-05,37.0,0.0,2,0,37.0,2.0,0
0,0,0.08268,60.0,264.0,2,2,0.2264150943396226,0.6666666666666666,0
0,3,0.000139,12.0,0.0,2,0,12.0,2.0,0
0,22,2.1e-05,6.0,6.0,1,1,0.8571428571428571,0.5,0
0,3,0.454762,501.0,1184.0,3,4,0.4227848101265822,0.6,0
0,0,0.590514,60.0,298.0,2,2,0.2006688963210702,0.6666666666666666,0
0,22,84.304955,11613.0,62.0,7,9,184.3333333333333,0.7,0
0,5,0.003409,0.0,0.0,2,0,0.0,2.0,0
0,0,0.000221,150.0,406.0,2,2,0.3685503685503685,0.6666666666666666,0
0,0,0.02411,64.0,536.0,2,2,0.1191806331471136,0.6666666666666666,0
0,22,2e-06,12.0,0.0,2,0,12.0,2.0,0
0,22,3e-06,31.0,0.0,2,0,31.0,2.0,0
1,3,8.475062,36.0,0.0,6,0,36.0,6.0,2
0,22,6.6e-05,6.0,6.0,1,1,0.8571428571428571,0.5,0
0,0,0.067534,44.0,130.0,1,1,0.3358778625954198,0.5,0
0,3,115.873298,511.0,752.0,16,14,0.6786188579017264,1.0666666666666669,0
0,5,90.253762,18.0,0.0,3,3,18.0,0.75,0
0,5,1.578186,986.0,5037.0,9,8,0.1957125843588725,1.0,0
0,0,0.061117,58.0,74.0,1,1,0.7733333333333333,0.5,0
0,22,7.9e-05,0.0,0.0,1,1,0.0,0.5,0
0,5,117.731529,1162.0,109836.0,50,67,0.0105793129819641,0.7352941176470589,0
0,5,113.59651,23722.0,7711.0,31,37,3.075985477178423,0.8157894736842105,0
0,5,116.088944,1129.0,436.0,20,16,2.583524027459954,1.1764705882352942,0
0,22,0.082025,0.0,18.0,2,3,0.0,0.5,0
0,22,3.5e-05,0.0,0.0,1,1,0.0,0.5,0
0,22,1e-06,7.0,0.0,2,0,7.0,2.0,0
0,3,9.668857,598.0,24980.0,13,17,0.0239381930267002,0.7222222222222222,0
0,0,0.000131,84.0,140.0,2,2,0.5957446808510638,0.6666666666666666,0
0,5,0.062666,0.0,0.0,3,0,0.0,3.0,0
0,22,4.8e-05,4.0,0.0,2,0,4.0,2.0,0
0,22,8.020124,6.0,30.0,1,5,0.1935483870967742,0.1666666666666666,0
0,0,0.000145,64.0,120.0,2,2,0.5289256198347108,0.6666666666666666,0
0,5,0.846905,849.0,11831.0,16,16,0.0717545638945233,0.9411764705882352,0
0,0,0.000167,88.0,188.0,2,2,0.4656084656084656,0.6666666666666666,0
0,22,5e-05,0.0,0.0,1,2,0.0,0.3333333333333333,0
0,0,0.06274,70.0,222.0,2,2,0.3139013452914798,0.6666666666666666,0
0,0,0.000253,60.0,266.0,2,2,0.2247191011235955,0.6666666666666666,0
0,0,0.000173,76.0,108.0,2,2,0.6972477064220184,0.6666666666666666,0
0,5,0.069713,43.0,0.0,3,0,43.0,3.0,0
0,0,0.050428,58.0,90.0,2,2,0.6373626373626373,0.6666666666666666,0
0,5,2.917804,347.0,165.0,7,3,2.0903614457831323,1.75,0
0,22,9.9e-05,4.0,12.0,2,2,0.3076923076923077,0.6666666666666666,0
0,0,0.024042,84.0,252.0,2,2,0.3320158102766798,0.6666666666666666,0
0,22,0.000417,12.0,0.0,2,0,12.0,2.0,0
0,22,1e-06,4.0,0.0,2,0,4.0,2.0,0
0,22,2.3e-05,0.0,0.0,1,1,0.0,0.5,0
0,0,0.11808,68.0,312.0,2,2,0.2172523961661341,0.6666666666666666,0
0,22,2e-06,37.0,0.0,2,0,37.0,2.0,0
0,0,0.04825,40.0,121.0,1,1,0.3278688524590163,0.5,0
0,22,4.9e-05,0.0,0.0,2,0,0.0,2.0,0
0,3,3.7e-05,12.0,0.0,2,0,12.0,2.0,0
1,3,98.436857,362.0,11595.0,6,7,0.0312176612625043,0.75,4
0,0,0.000183,72.0,104.0,2,2,0.6857142857142857,0.6666666666666666,0
0,0,0.031095,56.0,122.0,1,1,0.4552845528455284,0.5,0
0,22,0.015727,19897.0,0.0,15,6,19897.0,2.142857142857143,0
0,5,60.781865,7618.0,3237.0,16,14,2.352686843730698,1.0666666666666669,0
0,0,0.000395,56.0,568.0,2,2,0.0984182776801406,0.6666666666666666,0
0,22,4.7e-05,0.0,0.0,1,1,0.0,0.5,0
0,0,0.04743,64.0,164.0,2,2,0.3878787878787879,0.6666666666666666,0
0,5,0.000121,0.0,0.0,2,0,0.0,2.0,0
0,0,0.031671,78.0,198.0,2,2,0.3919597989949748,0.6666666666666666,0
0,3,0.073078,442.0,872.0,3,4,0.5063001145475372,0.6,0
0,22,6.757816,6.0,30.0,1,5,0.1935483870967742,0.1666666666666666,0
0,22,3e-06,12.0,0.0,2,0,12.0,2.0,0
0,0,1.240983,88.0,236.0,2,2,0.3713080168776371,0.6666666666666666,0
0,0,0.089271,56.0,188.0,1,1,0.2962962962962963,0.5,0
0,22,4.8e-05,4.0,0.0,2,0,4.0,2.0,0
0,0,0.000169,68.0,160.0,2,2,0.422360248447205,0.6666666666666666,0
0,5,4e-06,12.0,0.0,2,0,12.0,2.0,0
0,5,0.208912,2069.0,3995.0,8,8,0.5177677677677678,0.8888888888888888,0
0,0,0.030853,90.0,224.0,2,2,0.4,0.6666666666666666,0
0,3,60.24838,1258.0,439.0,9,9,2.859090909090909,0.9,0
0,0,0.000162,60.0,264.0,2,2,0.2264150943396226,0.6666666666666666,0
0,0,0.000272,100.0,200.0,2,2,0.4975124378109453,0.6666666666666666,0
0,0,0.000339,82.0,176.0,2,2,0.4632768361581921,0.6666666666666666,0
0,0,23.83564,86.0,211.0,2,2,0.4056603773584906,0.6666666666666666,0
0,0,0.046882,56.0,141.0,1,1,0.3943661971830985,0.5,0
0,0,79.889268,109.0,229.0,2,2,0.4739130434782608,0.6666666666666666,0
0,5,0.000293,0.0,0.0,2,0,0.0,2.0,0
0,0,0.000223,94.0,196.0,2,2,0.4771573604060913,0.6666666666666666,0
0,0,0.047089,64.0,328.0,2,2,0.1945288753799392,0.6666666666666666,0
0,0,0.030964,66.0,534.0,2,2,0.1233644859813084,0.6666666666666666,0
0,22,4.8e-05,4.0,0.0,2,0,4.0,2.0,0
0,11,4.014009,18330.0,0.0,273,0,18330.0,273.0,0
0,0,0.031203,168.0,310.0,4,2,0.5401929260450161,1.3333333333333333,0
0,22,0.011064,280.0,6.0,2,1,40.0,1.0,0
0,22,2.6e-05,6.0,6.0,1,1,0.8571428571428571,0.5,0
0,3,0.00011,12.0,0.0,2,0,12.0,2.0,0
0,22,87.531043,11613.0,62.0,6,9,184.3333333333333,0.6,0
0,0,0.000237,70.0,264.0,2,2,0.2641509433962264,0.6666666666666666,0
0,0,0.04914,52.0,174.0,2,2,0.2971428571428571,0.6666666666666666,0
0,0,0.059685,53.0,114.0,1,1,0.4608695652173913,0.5,0
0,5,5.145288,377.0,4970.0,8,5,0.0758398712532689,1.3333333333333333,0
0,3,0.208326,674.0,409.0,3,4,1.64390243902439,0.6,0
0,22,4.8e-05,4.0,0.0,2,0,4.0,2.0,0
0,5,0.35354,0.0,0.0,3,1,0.0,1.5,0
0,5,0.262998,1328.0,1167.0,10,6,1.1369863013698631,1.4285714285714286,0
0,5,60.362708,1508.0,5619.0,16,13,0.2683274021352313,1.1428571428571428,0
0,22,0.127012,11607.0,26.0,6,2,429.8888888888889,2.0,0
1,3,11.708666,336.0,11632.0,8,5,0.0288833490930972,1.3333333333333333,3
0,0,3.898263,90.0,263.0,2,2,0.3409090909090909,0.6666666666666666,0
0,0,0.023837,68.0,158.0,2,2,0.4276729559748428,0.6666666666666666,0
0,5,0.001115,12.0,6.0,2,1,1.7142857142857142,1.0,0
0,22,5e-05,43.0,6.0,3,1,6.142857142857143,1.5,0
0,22,98.916266,11613.0,62.0,6,9,184.3333333333333,0.6,0
0,3,116.912434,5381.0,33076.0,40,55,0.1626810170208906,0.7142857142857143,0
0,0,0.023267,51.0,111.0,1,1,0.4553571428571428,0.5,0
0,3,48.680747,902.0,3938.0,10,9,0.2289921299822289,1.0,0
0,0,0.031043,82.0,378.0,2,2,0.2163588390501319,0.6666666666666666,0
0,3,118.529719,3600.0,6380.0,29,22,0.5641748942172073,1.2608695652173914,0
0,22,4.012754,6.0,36.0,1,6,0.1621621621621621,0.1428571428571428,0
0,5,118.100651,1029.0,7547.0,16,12,0.1363275039745628,1.2307692307692308,0
0,0,0.000152,46.0,46.0,2,2,0.9787234042553192,0.6666666666666666,0
0,0,116.789666,96.0,214.0,2,2,0.4465116279069767,0.6666666666666666,0
0,3,59.817142,1780.0,7091.0,15,13,0.2509870276367738,1.0714285714285714,0
0,3,23.161351,397.0,487.0,6,7,0.8135245901639344,0.75,0
0,5,61.568521,1297.0,9732.0,18,18,0.1332579882872701,0.9473684210526316,0
0,22,4e-05,31.0,6.0,2,1,4.428571428571429,1.0,0
0,0,0.000159,66.0,98.0,2,2,0.6666666666666666,0.6666666666666666,0
0,0,0.00018,88.0,120.0,2,2,0.7272727272727273,0.6666666666666666,0
1,3,0.04723,26.0,11601.0,3,6,0.002240992932253,0.4285714285714285,2
0,0,0.045366,62.0,212.0,2,2,0.2910798122065727,0.6666666666666666,0
0,3,29.848426,454.0,1786.0,6,6,0.2540570789031897,0.8571428571428571,0
0,0,0.000196,90.0,172.0,2,2,0.5202312138728323,0.6666666666666666,0
0,0,0.060042,50.0,98.0,1,1,0.5050505050505051,0.5,0
0,22,3e-06,31.0,0.0,2,0,31.0,2.0,0
0,5,115.278808,980.0,34769.0,30,33,0.0281852171412136,0.8823529411764706,0
0,5,0.099432,532.0,3632.0,8,5,0.1464354527938343,1.3333333333333333,0
0,5,8.27216,1105.0,458.0,6,7,2.4074074074074074,0.75,0
0,0,0.040607,78.0,172.0,2,2,0.4508670520231214,0.6666666666666666,0
0,3,0.012292,12.0,0.0,2,0,12.0,2.0,0
0,0,0.048115,45.0,93.0,1,1,0.4787234042553192,0.5,0
0,5,115.489459,764.0,4214.0,21,18,0.1812574139976275,1.105263157894737,0
0,0,0.071373,156.0,448.0,4,2,0.3474387527839643,1.3333333333333333,0
0,22,0.097493,0.0,0.0,2,1,0.0,1.0,0
0,5,1.539058,943.0,6697.0,7,9,0.1407882950134368,0.7,0
0,3,0.003576,12.0,0.0,2,0,12.0,2.0,0
0,5,5.898255,375.0,3858.0,9,7,0.0971754340502721,1.125,0
0,0,0.132765,90.0,180.0,2,2,0.4972375690607735,0.6666666666666666,0
0,0,0.023827,74.0,194.0,2,2,0.3794871794871794,0.6666666666666666,0
0,22,3.6e-05,4.0,12.0,2,2,0.3076923076923077,0.6666666666666666,0
0,22,0.000214,31.0,6.0,2,1,4.428571428571429,1.0,0
0,3,30.148781,310.0,11232.0,8,12,0.0275972580788747,0.6153846153846154,0
0,0,0.000207,84.0,278.0,2,2,0.3010752688172043,0.6666666666666666,0
0,22,0.000271,83.0,6.0,3,1,11.857142857142858,1.5,0
0,22,3e-06,0.0,0.0,2,0,0.0,2.0,0
0,3,10.272005,1872.0,922.0,4,5,2.028169014084507,0.6666666666666666,0
0,22,6.6e-05,4.0,12.0,2,2,0.3076923076923077,0.6666666666666666,0
0,0,0.050311,58.0,166.0,2,2,0.3473053892215569,0.6666666666666666,0
0,0,0.07174,64.0,266.0,2,2,0.2397003745318352,0.6666666666666666,0
0,3,0.266413,0.0,0.0,1,1,0.0,0.5,0
0,5,0.173412,1305.0,3952.0,13,8,0.3301290159372628,1.4444444444444444,0
0,11,2.1e-05,650.0,0.0,13,0,650.0,13.0,0
0,22,31.966144,5456.0,2174.0,17,14,2.5085057471264367,1.1333333333333333,0
0,0,0.048961,52.0,116.0,1,1,0.4444444444444444,0.5,0
0,0,0.024187,78.0,280.0,2,2,0.2775800711743772,0.6666666666666666,0
0,0,2.040754,66.0,470.0,2,2,0.1401273885350318,0.6666666666666666,0
0,5,4.039163,12.0,0.0,2,0,12.0,2.0,0
0,22,8.4e-05,0.0,12.0,1,4,0.0,0.2,0
0,0,1.534007,46.0,180.0,1,1,0.2541436464088398,0.5,0
0,5,3e-06,12.0,0.0,2,0,12.0,2.0,0
0,5,5.810363,355.0,3007.0,9,5,0.1180186170212766,1.5,0
0,0,0.048604,140.0,102.0,4,2,1.3592233009708738,1.3333333333333333,0
0,3,0.039021,0.0,0.0,1,1,0.0,0.5,0
0,0,0.142,58.0,592.0,2,2,0.0978077571669477,0.6666666666666666,0
0,5,0.804568,928.0,4526.0,8,7,0.2049922686105588,1.0,0
0,22,5.5e-05,4.0,12.0,2,2,0.3076923076923077,0.6666666666666666,0
0,0,0.000252,68.0,132.0,2,2,0.5112781954887218,0.6666666666666666,0
0,0,0.024674,74.0,204.0,2,2,0.3609756097560975,0.6666666666666666,0
0,22,0.000232,280.0,6.0,2,1,40.0,1.0,0
0,5,0.000117,12.0,0.0,2,0,12.0,2.0,0
0,0,38.212642,107.0,247.0,2,2,0.4314516129032258,0.6666666666666666,0
0,0,0.000219,64.0,96.0,2,2,0.6597938144329897,0.6666666666666666,0
0,21,0.000139,0.0,0.0,1,1,0.0,0.5,0
0,5,0.087754,0.0,31.0,1,2,0.0,0.3333333333333333,0
0,0,17.797777,93.0,162.0,2,2,0.5705521472392638,0.6666666666666666,0
0,0,42.15384,100.0,507.0,2,2,0.1968503937007874,0.6666666666666666,0
0,0,0.000192,60.0,264.0,2,2,0.2264150943396226,0.6666666666666666,0
0,0,0.023087,47.0,63.0,1,1,0.734375,0.5,0
0,0,0.1325,46.0,216.0,1,1,0.2119815668202765,0.5,0
0,0,0.000224,60.0,264.0,2,2,0.2264150943396226,0.6666666666666666,0
0,22,7e-05,114.0,0.0,3,0,114.0,3.0,0
0,5,0.354452,382.0,3788.0,8,7,0.1008181578252837,1.0,0
0,0,0.030748,61.0,77.0,1,1,0.782051282051282,0.5,0
0,5,0.152553,930.0,10482.0,14,11,0.0887150624821139,1.1666666666666667,0
0,0,0.001014,60.0,264.0,2,2,0.2264150943396226,0.6666666666666666,0
0,0,0.000264,78.0,282.0,2,2,0.2756183745583039,0.6666666666666666,0
0,0,0.000222,66.0,140.0,2,2,0.4680851063829787,0.6666666666666666,0
0,0,0.040382,66.0,176.0,2,2,0.3728813559322034,0.6666666666666666,0
0,0,0.000202,92.0,284.0,2,2,0.3228070175438596,0.6666666666666666,0
0,3,0.003699,12.0,0.0,2,0,12.0,2.0,0
0,3,118.258242,1740.0,2984.0,21,17,0.5829145728643216,1.1666666666666667,0
0,0,0.000175,86.0,164.0,2,2,0.5212121212121212,0.6666666666666666,0
0,5,4e-06,12.0,0.0,2,0,12.0,2.0,0
0,22,5.4e-05,0.0,0.0,1,1,0.0,0.5,0
0,22,0.000261,12.0,0.0,2,0,12.0,2.0,0
0,5,10.837586,1804.0,5603.0,12,11,0.3219129193433262,1.0,0
1,3,78.531497,56.0,11607.0,8,5,0.0048242591316333,1.3333333333333333,2
0,22,4.7e-05,0.0,0.0,1,1,0.0,0.5,0
0,0,0.046246,55.0,110.0,1,1,0.4954954954954955,0.5,0
0,22,77.047592,12982.0,56.0,7,9,227.75438596491227,0.7,0
0,0,0.117409,59.0,317.0,1,1,0.1855345911949685,0.5,0
0,5,10.671527,10578.0,1105.0,9,14,9.564195298372514,0.6,0
0,5,1.297088,851.0,3950.0,10,10,0.2153885092381675,0.9090909090909092,0
0,0,0.00017,72.0,186.0,2,2,0.3850267379679144,0.6666666666666666,0
0,0,0.053514,52.0,80.0,1,1,0.6419753086419753,0.5,0
0,5,0.000159,0.0,0.0,2,0,0.0,2.0,0
0,0,0.000204,64.0,188.0,2,2,0.3386243386243386,0.6666666666666666,0
0,0,0.000179,64.0,96.0,2,2,0.6597938144329897,0.6666666666666666,0
0,5,0.126947,557.0,7022.0,9,7,0.0793108358251459,1.125,0
0,0,0.26124,112.0,162.0,4,2,0.6871165644171779,1.3333333333333333,0
0,22,0.006263,31.0,0.0,4,0,31.0,4.0,0
0,3,85.909218,60.0,0.0,10,9,60.0,1.0,0
0,22,82.415448,11613.0,68.0,5,10,168.30434782608697,0.4545454545454545,0
0,11,2e-05,650.0,0.0,13,0,650.0,13.0,0
0,0,0.000169,90.0,164.0,2,2,0.5454545454545454,0.6666666666666666,0
0,0,0.023418,49.0,91.0,1,1,0.532608695652174,0.5,0
0,22,0.000108,4.0,12.0,2,2,0.3076923076923077,0.6666666666666666,0
0,0,0.000203,142.0,398.0,2,2,0.3558897243107769,0.6666666666666666,0
0,5,0.178045,1144.0,141246.0,60,74,0.008099287064504,0.8,0
0,5,0.104839,878.0,5690.0,14,9,0.1542786856439993,1.4,0
0,5,24.990293,301.0,157.0,5,4,1.9050632911392404,1.0,0
0,0,0.030901,84.0,204.0,2,2,0.4097560975609756,0.6666666666666666,0
0,0,0.05159,49.0,129.0,1,1,0.3769230769230769,0.5,0
0,5,60.65805,2236.0,7514.0,17,17,0.2975382568196939,0.9444444444444444,0
0,5,116.506205,3699.0,3685.0,20,19,1.003526858383071,1.0,0
0,0,0.031765,51.0,179.0,1,1,0.2833333333333333,0.5,0
0,5,14.390793,55.0,0.0,4,0,55.0,4.0,0
0,0,0.023971,94.0,126.0,2,2,0.7401574803149606,0.6666666666666666,0
1,3,17.514264,534.0,11632.0,9,6,0.0459038940943866,1.2857142857142858,3
0,22,8e-05,6.0,6.0,1,1,0.8571428571428571,0.5,0
0,0,0.031116,68.0,100.0,2,2,0.6732673267326733,0.6666666666666666,0
0,3,0.058956,429.0,2267.0,3,5,0.1891534391534391,0.5,0
0,22,4e-06,83.0,0.0,3,0,83.0,3.0,0
0,0,0.03087,53.0,121.0,1,1,0.4344262295081967,0.5,0
0,22,3e-06,12.0,0.0,2,0,12.0,2.0,0
0,22,4.4e-05,4.0,12.0,2,2,0.3076923076923077,0.6666666666666666,0
0,22,4.9e-05,12.0,4.0,2,2,2.4,0.6666666666666666,0
0,22,0.000248,0.0,0.0,1,1,0.0,0.5,0
0,0,0.030791,56.0,72.0,1,1,0.7671232876712328,0.5,0
0,9,7.2e-05,6.0,6.0,1,1,0.8571428571428571,0.5,0
0,13,64.021123,96.0,96.0,2,2,0.9896907216494846,0.6666666666666666,0
0,0,0.000164,88.0,202.0,2,2,0.4334975369458128,0.6666666666666666,0
0,5,63.114668,992.0,3715.0,14,12,0.2669537136706135,1.0769230769230769,0
0,3,5.830099,0.0,0.0,3,1,0.0,1.5,0
0,22,5.2e-05,6.0,6.0,1,1,0.8571428571428571,0.5,0
0,5,31.512473,1315.0,10364.0,16,15,0.1268692715870718,1.0,0
0,0,0.031957,144.0,136.0,4,2,1.051094890510949,1.3333333333333333,0
0,5,115.798323,757.0,88433.0,43,60,0.0085600560870253,0.7049180327868853,0
0,0,0.000162,66.0,98.0,2,2,0.6666666666666666,0.6666666666666666,0
0,22,4.2e-05,0.0,0.0,1,1,0.0,0.5,0
0,22,0.36772,6.0,37.0,2,2,0.1578947368421052,0.6666666666666666,0
0,5,117.697695,838.0,5908.0,14,13,0.1418175664240988,1.0,0
0,22,0.000207,31.0,0.0,2,1,31.0,1.0,0
1,3,28.047362,239.0,0.0,4,3,239.0,1.0,6
0,22,1e-06,617.0,0.0,2,0,617.0,2.0,0
0,22,0.052357,0.0,0.0,2,1,0.0,1.0,0
0,0,0.000205,90.0,232.0,2,2,0.3862660944206008,0.6666666666666666,0
0,22,4e-06,12.0,0.0,2,0,12.0,2.0,0
0,0,0.151468,68.0,182.0,2,2,0.3715846994535519,0.6666666666666666,0
1,3,3.002214,0.0,0.0,3,0,0.0,3.0,6
0,0,0.710929,62.0,139.0,1,1,0.4428571428571428,0.5,0
0,0,0.145308,62.0,246.0,2,2,0.2510121457489878,0.6666666666666666,0
0,22,4.1e-05,6.0,6.0,1,1,0.8571428571428571,0.5,0
0,5,0.023687,0.0,0.0,1,1,0.0,0.5,0
0,0,0.031277,76.0,172.0,2,2,0.4393063583815029,0.6666666666666666,0
1,4,0.997356,0.0,18.0,3,3,0.0,0.75,1
0,22,0.244713,37.0,12.0,2,2,2.8461538461538463,0.6666666666666666,0
0,0,0.000206,66.0,500.0,2,2,0.1317365269461078,0.6666666666666666,0
0,0,0.170715,82.0,284.0,2,2,0.287719298245614,0.6666666666666666,0
0,5,0.00015,0.0,0.0,1,1,0.0,0.5,0
0,5,15.466929,900.0,3356.0,9,8,0.2680965147453083,1.0,0
0,0,0.000936,84.0,192.0,2,2,0.4352331606217616,0.6666666666666666,0
0,5,5.29288,1797.0,6019.0,8,9,0.2985049833887043,0.8,0
0,0,0.000252,64.0,258.0,2,2,0.2471042471042471,0.6666666666666666,0
0,3,37.544737,863.0,3547.0,9,8,0.2432356257046223,1.0,0
0,5,5.855692,3365.0,201800.0,72,104,0.0166748430384388,0.6857142857142857,0
0,0,0.023831,60.0,448.0,2,2,0.133630289532294,0.6666666666666666,0
0,22,1.7e-05,6.0,6.0,1,1,0.8571428571428571,0.5,0
0,5,5.991875,129.0,92.0,5,2,1.3870967741935485,1.6666666666666667,0
0,0,0.000245,70.0,102.0,2,2,0.6796116504854369,0.6666666666666666,0
1,3,85.910078,343.0,11595.0,5,6,0.0295791652293894,0.7142857142857143,4
0,0,0.031197,72.0,208.0,2,2,0.3444976076555024,0.6666666666666666,0
0,11,2e-06,124.0,0.0,2,0,124.0,2.0,0
0,22,4e-06,37.0,0.0,2,0,37.0,2.0,0
0,5,1e-06,12.0,0.0,2,0,12.0,2.0,0
0,3,0.000139,0.0,0.0,2,0,0.0,2.0,0
0,22,0.008107,461.0,6.0,6,1,65.85714285714286,3.0,0
0,22,2e-06,605.0,0.0,2,0,605.0,2.0,0
0,5,2.445947,822.0,5800.0,11,9,0.1416997069470781,1.1,0
0,3,5.244057,12.0,0.0,3,1,12.0,1.5,0
0,3,0.159231,0.0,0.0,3,0,0.0,3.0,0
0,0,0.245853,101.0,220.0,2,2,0.4570135746606334,0.6666666666666666,0
0,5,1.342981,625.0,18624.0,9,13,0.0335570469798657,0.6428571428571429,0
0,5,0.185011,376.0,3508.0,7,5,0.1071530350527215,1.1666666666666667,0
0,0,0.000171,70.0,262.0,2,2,0.2661596958174905,0.6666666666666666,0
0,22,6.1e-05,6.0,6.0,1,1,0.8571428571428571,0.5,0
0,0,0.048825,124.0,288.0,2,2,0.4290657439446367,0.6666666666666666,0
0,22,5.3e-05,0.0,0.0,1,1,0.0,0.5,0
0,22,4.9e-05,0.0,0.0,2,0,0.0,2.0,0
0,22,4e-06,0.0,24.0,1,4,0.0,0.2,0
0,0,0.000216,78.0,204.0,2,2,0.3804878048780488,0.6666666666666666,0
0,0,0.091993,52.0,181.0,1,1,0.2857142857142857,0.5,0
0,0,0.000245,66.0,328.0,2,2,0.2006079027355623,0.6666666666666666,0
0,3,115.735117,518.0,752.0,16,14,0.6879150066401063,1.0666666666666669,0
0,5,5.527673,635.0,154.0,7,4,4.096774193548387,1.4,0
0,5,1.234961,576.0,2725.0,8,5,0.2112986060161408,1.3333333333333333,0
0,0,7.582643,99.0,250.0,2,2,0.3944223107569721,0.6666666666666666,0
0,0,0.031226,62.0,254.0,2,2,0.2431372549019607,0.6666666666666666,0
0,0,0.050203,43.0,109.0,1,1,0.3909090909090909,0.5,0
0,0,0.030813,95.0,207.0,1,1,0.4567307692307692,0.5,0
0,0,0.092641,52.0,300.0,1,1,0.1727574750830564,0.5,0
0,5,0.261177,0.0,0.0,2,0,0.0,2.0,0
0,0,0.030494,62.0,90.0,1,1,0.6813186813186813,0.5,0
0,0,0.076414,48.0,113.0,1,1,0.4210526315789473,0.5,0
0,3,115.646733,1202.0,581.0,16,14,2.0652920962199315,1.0666666666666669,0
0,0,0.000384,94.0,220.0,2,2,0.4253393665158371,0.6666666666666666,0
0,0,0.000207,46.0,46.0,2,2,0.9787234042553192,0.6666666666666666,0
0,0,1.029954,109.0,253.0,2,2,0.4291338582677165,0.6666666666666666,0
0,22,0.004698,3106.0,12.0,4,2,238.92307692307693,1.3333333333333333,0
0,0,0.073264,56.0,187.0,1,1,0.2978723404255319,0.5,0
0,0,0.000144,46.0,46.0,2,2,0.9787234042553192,0.6666666666666666,0
0,22,2.5e-05,0.0,0.0,1,1,0.0,0.5,0
0,22,3e-06,37.0,0.0,2,0,37.0,2.0,0
0,0,0.000611,57.0,144.0,1,1,0.3931034482758621,0.5,0
0,5,117.282755,574.0,4347.0,15,14,0.1320147194112235,1.0,0
0,22,5e-06,89.0,0.0,4,0,89.0,4.0,0
0,22,0.000251,12.0,0.0,2,0,12.0,2.0,0
0,22,0.003126,0.0,0.0,2,0,0.0,2.0,0
0,22,5e-05,0.0,0.0,1,1,0.0,0.5,0
0,0,0.00021,80.0,112.0,2,2,0.7079646017699115,0.6666666666666666,0
0,0,35.402231,102.0,225.0,2,2,0.4513274336283185,0.6666666666666666,0
0,22,7e-05,0.0,0.0,1,1,0.0,0.5,0
0,0,0.000206,62.0,254.0,2,2,0.2431372549019607,0.6666666666666666,0
0,22,5e-05,4.0,12.0,2,2,0.3076923076923077,0.6666666666666666,0
0,0,0.000179,88.0,120.0,2,2,0.7272727272727273,0.6666666666666666,0
1,3,85.512145,325.0,11595.0,8,6,0.0280269058295964,1.1428571428571428,4
0,5,80.353607,1763.0,7512.0,16,19,0.2346599228004791,0.8,0
0,0,0.179825,53.0,150.0,1,1,0.3509933774834437,0.5,0
0,3,5.866531,12.0,0.0,2,1,12.0,1.0,0
0,0,0.091772,88.0,200.0,2,2,0.4378109452736318,0.6666666666666666,0
0,0,0.000517,54.0,70.0,1,1,0.7605633802816901,0.5,0
0,3,5.294043,12.0,0.0,3,1,12.0,1.5,0
0,0,0.169958,53.0,69.0,1,1,0.7571428571428571,0.5,0
0,22,0.000218,6.0,6.0,1,1,0.8571428571428571,0.5,0
0,0,0.000427,50.0,66.0,1,1,0.746268656716418,0.5,0
0,0,0.000161,76.0,132.0,2,2,0.5714285714285714,0.6666666666666666,0
0,5,1.538009,543.0,4211.0,11,9,0.1289173789173789,1.1,0
0,22,0.103286,0.0,18.0,2,3,0.0,0.5,0
0,0,0.061271,42.0,158.0,1,1,0.2641509433962264,0.5,0
0,5,7.403356,1081.0,112546.0,61,62,0.0096048761850604,0.9682539682539684,0
0,22,8.2e-05,6.0,6.0,1,1,0.8571428571428571,0.5,0
0,0,0.001025,52.0,137.0,1,1,0.3768115942028985,0.5,0
0,22,1e-06,0.0,0.0,1,1,0.0,0.5,0
0,0,0.023741,41.0,148.0,1,1,0.2751677852348993,0.5,0
0,0,0.000154,84.0,116.0,2,2,0.717948717948718,0.6666666666666666,0
0,5,0.405855,1281.0,5164.0,7,11,0.2480154888673765,0.5833333333333334,0
0,5,0.265063,356.0,3782.0,6,6,0.0941052075072693,0.8571428571428571,0
0,0,0.000189,62.0,274.0,2,2,0.2254545454545454,0.6666666666666666,0
0,0,0.000887,56.0,476.0,2,2,0.1174004192872117,0.6666666666666666,0
0,0,0.000164,90.0,172.0,2,2,0.5202312138728323,0.6666666666666666,0
0,0,0.061834,53.0,150.0,1,1,0.3509933774834437,0.5,0
0,0,0.000406,44.0,108.0,2,2,0.4036697247706422,0.6666666666666666,0
1,21,7.7e-05,0.0,0.0,1,1,0.0,0.5,11
0,3,0.051132,0.0,0.0,1,1,0.0,0.5,0
0,3,118.957305,7103.0,182338.0,81,150,0.03895491364985,0.5364238410596026,0
0,0,0.050025,84.0,204.0,2,2,0.4097560975609756,0.6666666666666666,0
0,22,0.000101,6.0,6.0,1,1,0.8571428571428571,0.5,0
0,3,0.282069,1587.0,720.0,6,4,2.201109570041609,1.2,0
0,5,0.58514,524.0,3904.0,12,7,0.1341869398207426,1.5,0
0,0,0.000165,66.0,166.0,2,2,0.3952095808383233,0.6666666666666666,0
1,3,5.008443,374.0,11632.0,8,8,0.0321499183357689,0.8888888888888888,3
0,5,0.066848,1174.0,2336.0,11,6,0.5023534445870774,1.5714285714285714,0
0,22,3e-06,0.0,0.0,2,0,0.0,2.0,0
0,22,0.049333,0.0,0.0,2,0,0.0,2.0,0
0,0,0.000243,96.0,128.0,2,2,0.7441860465116279,0.6666666666666666,0
0,22,5e-05,0.0,0.0,2,1,0.0,1.0,0
0,3,5.555234,12.0,0.0,3,1,12.0,1.5,0
1,3,0.069375,153.0,499.0,5,5,0.306,0.8333333333333334,10
0,5,116.151904,937.0,24237.0,33,29,0.0386583051406881,1.1,0
0,22,5.5e-05,0.0,0.0,1,1,0.0,0.5,0
0,5,0.092047,842.0,5653.0,14,10,0.1489211177927131,1.2727272727272727,0
0,0,0.000246,84.0,228.0,2,2,0.3668122270742358,0.6666666666666666,0
0,5,1.019006,502.0,4160.0,13,7,0.1206440759432828,1.625,0
0,0,0.000157,62.0,122.0,2,2,0.5040650406504065,0.6666666666666666,0
0,11,1.9e-05,650.0,0.0,13,0,650.0,13.0,0
0,0,0.032197,90.0,90.0,2,2,0.989010989010989,0.6666666666666666,0
0,22,0.000961,2944.0,578.0,2,2,5.084628670120898,0.6666666666666666,0
0,5,0.000177,12.0,6.0,2,1,1.7142857142857142,1.0,0
0,0,0.023604,80.0,124.0,2,2,0.64,0.6666666666666666,0
0,22,4.8e-05,4.0,0.0,2,0,4.0,2.0,0
1,3,63.146204,0.0,0.0,7,0,0.0,7.0,5
0,5,62.065607,1460.0,4896.0,16,13,0.2981417194200531,1.1428571428571428,0
0,22,4e-05,0.0,0.0,1,1,0.0,0.5,0
0,22,2.1e-05,0.0,0.0,1,1,0.0,0.5,0
0,0,0.060293,58.0,186.0,1,1,0.3101604278074866,0.5,0
0,13,0.068081,48.0,48.0,1,1,0.979591836734694,0.5,0
0,22,3e-06,12.0,0.0,2,0,12.0,2.0,0
1,22,5.8e-05,6.0,6.0,1,1,0.8571428571428571,0.5,1
0,0,0.000246,72.0,146.0,2,2,0.4897959183673469,0.6666666666666666,0
0,0,0.000171,84.0,116.0,2,2,0.717948717948718,0.6666666666666666,0
0,0,0.000143,64.0,96.0,2,2,0.6597938144329897,0.6666666666666666,0
0,3,5.161201,12.0,0.0,3,1,12.0,1.5,0
0,22,0.000129,0.0,0.0,1,1,0.0,0.5,0
0,5,5.702963,350.0,6580.0,10,7,0.0531834067770855,1.25,0
0,0,0.000296,76.0,354.0,2,2,0.2140845070422535,0.6666666666666666,0
0,5,16.801791,1342.0,9723.0,13,14,0.1380090497737556,0.8666666666666667,0
0,3,5.325214,0.0,0.0,3,1,0.0,1.5,0
0,22,3e-06,37.0,0.0,2,0,37.0,2.0,0
0,22,0.001193,43.0,6.0,3,1,6.142857142857143,1.5,0
0,22,4.8e-05,4.0,0.0,2,0,4.0,2.0,0
0,22,4e-06,12.0,0.0,2,0,12.0,2.0,0
0,22,4.2e-05,0.0,0.0,1,1,0.0,0.5,0
0,0,0.000198,66.0,330.0,2,2,0.1993957703927492,0.6666666666666666,0
0,0,0.000218,72.0,334.0,2,2,0.2149253731343283,0.6666666666666666,0
0,0,0.065773,100.0,174.0,2,2,0.5714285714285714,0.6666666666666666,0
0,13,0.026424,48.0,48.0,1,1,0.979591836734694,0.5,0
0,5,62.433652,68065.0,3249346.0,1271,2031,0.0209472857161762,0.625492125984252,0
1,3,0.224577,215.0,181.0,6,5,1.1813186813186811,1.0,10
0,22,8.7e-05,0.0,0.0,1,1,0.0,0.5,0
0,22,0.00039,43.0,0.0,3,0,43.0,3.0,0
0,0,0.00015,60.0,92.0,2,2,0.6451612903225806,0.6666666666666666,0
0,0,0.400725,61.0,198.0,1,1,0.3065326633165829,0.5,0
0,0,0.000248,64.0,204.0,2,2,0.3121951219512195,0.6666666666666666,0
0,5,117.414678,3242.0,118021.0,41,88,0.0274694548474013,0.4606741573033708,0
0,3,5.689148,0.0,0.0,3,1,0.0,1.5,0
0,0,0.048629,84.0,152.0,2,2,0.5490196078431373,0.6666666666666666,0
0,5,0.00141,0.0,0.0,2,1,0.0,1.0,0
0,0,0.06115,46.0,167.0,1,1,0.2738095238095238,0.5,0
0,22,3.843116,6.0,36.0,1,6,0.1621621621621621,0.1428571428571428,0
0,22,0.000204,0.0,0.0,2,0,0.0,2.0,0
0,3,1.031644,442.0,871.0,3,4,0.5068807339449541,0.6,0
0,5,118.483582,5322.0,2463.0,24,21,2.1599025974025974,1.0909090909090908,0
0,22,0.000283,43.0,6.0,3,1,6.142857142857143,1.5,0
0,0,0.00025,94.0,220.0,2,2,0.4253393665158371,0.6666666666666666,0
0,0,0.030206,69.0,135.0,1,1,0.5073529411764706,0.5,0
0,22,3e-06,37.0,0.0,2,0,37.0,2.0,0
0,0,0.000194,88.0,226.0,2,2,0.3876651982378855,0.6666666666666666,0
0,22,6.8e-05,4.0,12.0,2,2,0.3076923076923077,0.6666666666666666,0
0,0,0.053907,68.0,484.0,2,2,0.1402061855670103,0.6666666666666666,0
0,0,0.00017,78.0,262.0,2,2,0.2965779467680608,0.6666666666666666,0
0,0,0.000289,80.0,208.0,2,2,0.3827751196172249,0.6666666666666666,0
0,22,5e-05,43.0,6.0,3,1,6.142857142857143,1.5,0
0,5,0.198713,1366.0,13606.0,15,14,0.1003895054016315,1.0,0
0,0,1.886124,46.0,85.0,1,1,0.5348837209302325,0.5,0
0,22,0.999432,12.0,0.0,2,0,12.0,2.0,0
0,3,8.517346,448.0,1776.0,6,5,0.2521102982554867,1.0,0
0,0,0.108007,46.0,97.0,1,1,0.4693877551020408,0.5,0
0,5,0.074077,12.0,0.0,2,0,12.0,2.0,0
0,5,5.851988,589.0,4413.0,9,6,0.1334390575441776,1.2857142857142858,0
0,0,0.048067,44.0,122.0,1,1,0.3577235772357723,0.5,0
0,5,0.583287,574.0,6532.0,11,8,0.0878616255931425,1.2222222222222223,0
0,0,0.032745,68.0,380.0,2,2,0.1784776902887139,0.6666666666666666,0
0,0,0.0002,90.0,122.0,2,2,0.7317073170731707,0.6666666666666666,0
0,0,0.000142,80.0,112.0,2,2,0.7079646017699115,0.6666666666666666,0
0,0,0.030794,41.0,128.0,1,1,0.3178294573643411,0.5,0
1,22,1.5e-05,6.0,6.0,1,1,0.8571428571428571,0.5,1
0,3,0.00034,12.0,0.0,2,0,12.0,2.0,0
0,0,0.060887,60.0,120.0,2,2,0.4958677685950413,0.6666666666666666,0
0,5,0.633694,376.0,3788.0,7,7,0.099234626550541,0.875,0
0,0,0.049142,66.0,144.0,2,2,0.4551724137931034,0.6666666666666666,0
0,0,0.000279,94.0,220.0,2,2,0.4253393665158371,0.6666666666666666,0
0,3,119.308889,1389.0,3992.0,20,19,0.3478587528174305,1.0,0
0,5,2.250376,12.0,0.0,2,0,12.0,2.0,0
0,5,119.118905,2069.0,1673.0,23,24,1.2359617682198327,0.92,0
0,5,0.477912,43.0,0.0,3,0,43.0,3.0,0
0,5,0.094971,0.0,0.0,1,1,0.0,0.5,0
0,22,3e-06,0.0,0.0,2,0,0.0,2.0,0
0,22,2e-06,37.0,0.0,2,0,37.0,2.0,0
0,0,0.031108,54.0,172.0,2,2,0.3121387283236994,0.6666666666666666,0
0,3,6.012509,0.0,0.0,3,1,0.0,1.5,0
0,22,5.636275,6.0,30.0,1,5,0.1935483870967742,0.1666666666666666,0
0,3,0.051056,0.0,0.0,1,1,0.0,0.5,0
0,0,0.000155,88.0,120.0,2,2,0.7272727272727273,0.6666666666666666,0
0,5,0.000498,18.0,0.0,3,1,18.0,1.5,0
0,21,1.435097,2710.0,6742.0,39,44,0.4018982648672697,0.8666666666666667,0
0,22,0.005568,0.0,0.0,2,0,0.0,2.0,0
0,5,0.00012,0.0,0.0,2,0,0.0,2.0,0
0,0,0.000191,140.0,396.0,2,2,0.3526448362720403,0.6666666666666666,0
0,22,3.9e-05,0.0,0.0,2,1,0.0,1.0,0
0,5,0.289598,855.0,7921.0,16,12,0.107927291088109,1.2307692307692308,0
0,0,0.024307,60.0,414.0,2,2,0.144578313253012,0.6666666666666666,0
0,22,3e-06,12.0,0.0,2,0,12.0,2.0,0
0,0,0.000181,62.0,94.0,2,2,0.6526315789473685,0.6666666666666666,0
0,0,0.000239,82.0,254.0,2,2,0.3215686274509804,0.6666666666666666,0
0,5,4.279183,135.0,52.0,5,2,2.547169811320755,1.6666666666666667,0
0,5,60.682556,1034.0,5661.0,17,15,0.1826209819851642,1.0625,0
0,5,118.36087,973.0,4870.0,17,18,0.1997536440156025,0.8947368421052632,0
0,3,119.997653,152.0,1625.0,5,3,0.093480934809348,1.25,0
0,22,0.027638,18467.0,24.0,14,6,738.68,2.0,0
0,3,0.036832,0.0,0.0,1,1,0.0,0.5,0
0,0,0.000226,106.0,362.0,2,2,0.2920110192837465,0.6666666666666666,0
0,0,0.000178,64.0,96.0,2,2,0.6597938144329897,0.6666666666666666,0
0,11,1.9e-05,650.0,0.0,13,0,650.0,13.0,0
0,22,0.00034,12.0,6.0,2,1,1.7142857142857142,1.0,0
1,3,63.082777,0.0,0.0,7,0,0.0,7.0,5
0,0,0.000168,46.0,46.0,2,2,0.9787234042553192,0.6666666666666666,0
0,22,0.000104,4.0,12.0,2,2,0.3076923076923077,0.6666666666666666,0
0,22,3e-06,59.0,0.0,2,0,59.0,2.0,0
0,0,0.048717,76.0,108.0,2,2,0.6972477064220184,0.6666666666666666,0
0,22,4e-06,76.0,0.0,3,0,76.0,3.0,0
0,0,0.023751,76.0,188.0,2,2,0.4021164021164021,0.6666666666666666,0
0,5,0.415996,1253.0,5578.0,14,12,0.2245922208281054,1.0769230769230769,0
0,0,0.000214,66.0,122.0,2,2,0.5365853658536586,0.6666666666666666,0
0,5,0.463855,0.0,0.0,3,0,0.0,3.0,0
0,3,0.06698,432.0,2280.0,3,5,0.1893906181499342,0.5,0
0,22,5.6e-05,6.0,6.0,1,1,0.8571428571428571,0.5,0
0,0,0.024121,68.0,188.0,2,2,0.3597883597883597,0.6666666666666666,0
0,0,0.023507,62.0,94.0,2,2,0.6526315789473685,0.6666666666666666,0
0,22,4.5e-05,0.0,0.0,1,1,0.0,0.5,0
0,3,0.023042,6.0,6.0,1,1,0.8571428571428571,0.5,0
0,3,0.004637,0.0,0.0,2,0,0.0,2.0,0
0,0,0.030682,92.0,170.0,1,1,0.5380116959064327,0.5,0
0,0,0.12623,80.0,194.0,2,2,0.4102564102564102,0.6666666666666666,0
0,0,0.060366,64.0,117.0,1,1,0.5423728813559322,0.5,0
0,3,0.371095,590.0,162.0,3,4,3.6196319018404894,0.6,0
0,22,8.3e-05,0.0,0.0,1,1,0.0,0.5,0
0,22,4.8e-05,0.0,0.0,1,1,0.0,0.5,0
0,0,0.000396,66.0,442.0,2,2,0.1489841986455982,0.6666666666666666,0
0,0,0.048459,82.0,218.0,2,2,0.3744292237442922,0.6666666666666666,0
0,22,6.044751,6.0,30.0,1,5,0.1935483870967742,0.1666666666666666,0
0,5,117.695409,1435.0,7173.0,25,23,0.2000278784499581,1.0416666666666667,0
0,3,0.35039,417.0,246.0,4,4,1.688259109311741,0.8,0
0,0,0.000234,104.0,264.0,2,2,0.3924528301886792,0.6666666666666666,0
0,0,0.047281,54.0,105.0,1,1,0.5094339622641509,0.5,0
0,0,0.031215,136.0,336.0,4,4,0.4035608308605341,0.8,0
0,22,0.000255,12.0,0.0,2,0,12.0,2.0,0
0,0,71.250746,91.0,235.0,2,2,0.3855932203389831,0.6666666666666666,0
0,0,0.220796,58.0,122.0,2,2,0.4715447154471545,0.6666666666666666,0
0,5,5.350129,377.0,5044.0,9,7,0.0747274529236868,1.125,0
0,0,0.060516,55.0,183.0,1,1,0.2989130434782608,0.5,0
0,22,3e-06,12.0,0.0,2,0,12.0,2.0,0
0,5,5.985591,379.0,5052.0,8,7,0.0750049475559073,1.0,0
0,22,3.086017,6.0,36.0,1,6,0.1621621621621621,0.1428571428571428,0
0,22,3e-06,6.0,6.0,1,1,0.8571428571428571,0.5,0
0,22,3.8e-05,0.0,0.0,1,1,0.0,0.5,0
0,5,101.604508,4861.0,3618.0,8,7,1.3431887261674496,1.0,0
0,0,0.000176,94.0,206.0,2,2,0.4541062801932367,0.6666666666666666,0
0,22,4.6e-05,0.0,0.0,1,1,0.0,0.5,0
0,22,9.4e-05,4.0,12.0,2,2,0.3076923076923077,0.6666666666666666,0
0,5,1.954489,851.0,3950.0,10,11,0.2153885092381675,0.8333333333333334,0
0,5,64.490405,2910.0,9830.0,22,17,0.2960024412572475,1.2222222222222223,0
0,3,61.043239,4286.0,599.0,11,12,7.1433333333333335,0.8461538461538461,0
0,0,0.079283,56.0,137.0,1,1,0.4057971014492754,0.5,0
0,0,0.032664,68.0,228.0,2,2,0.296943231441048,0.6666666666666666,0
0,0,0.00017,46.0,46.0,2,2,0.9787234042553192,0.6666666666666666,0
0,22,7.4e-05,0.0,0.0,2,1,0.0,1.0,0
0,5,0.190776,1362.0,6703.0,14,12,0.2031622911694511,1.0769230769230769,0
0,0,0.000282,68.0,192.0,2,2,0.3523316062176165,0.6666666666666666,0
0,0,0.032266,160.0,196.0,4,2,0.8121827411167513,1.3333333333333333,0
0,5,0.306963,1543.0,3354.0,8,7,0.4599105812220566,1.0,0
0,5,8.008886,74.0,0.0,2,0,74.0,2.0,0
0,5,0.09502,713.0,479.0,10,5,1.4854166666666666,1.6666666666666667,0
0,22,0.017722,52566.0,6.0,29,1,7509.428571428572,14.5,0
0,5,0.438704,938.0,1729.0,6,7,0.5421965317919075,0.75,0
0,5,0.059844,0.0,0.0,1,1,0.0,0.5,0
0,0,0.000189,88.0,292.0,2,2,0.3003412969283277,0.6666666666666666,0
0,5,61.710674,712.0,5617.0,18,15,0.1267354930580277,1.125,0
0,5,0.143641,879.0,4330.0,12,10,0.2029554375432925,1.0909090909090908,0
0,0,0.000168,64.0,96.0,2,2,0.6597938144329897,0.6666666666666666,0
0,5,0.094625,5112.0,989.0,9,9,5.163636363636364,0.9,0
0,0,0.061022,82.0,294.0,2,2,0.2779661016949152,0.6666666666666666,0
0,0,0.030346,48.0,104.0,1,1,0.4571428571428571,0.5,0
0,5,117.443065,839.0,13509.0,16,20,0.0621021465581051,0.7619047619047619,0
0,22,3e-06,12.0,0.0,2,0,12.0,2.0,0
0,0,0.023355,45.0,189.0,1,1,0.2368421052631578,0.5,0
0,22,4.7e-05,31.0,0.0,3,0,31.0,3.0,0
0,0,0.030984,47.0,199.0,1,1,0.235,0.5,0
1,3,0.03017,26.0,11607.0,3,5,0.0022398345968297,0.5,2
0,0,0.000265,72.0,322.0,2,2,0.2229102167182662,0.6666666666666666,0
0,22,0.034191,454.0,6.0,6,1,64.85714285714286,3.0,0
0,3,20.672368,448.0,1818.0,6,6,0.2462891698735569,0.8571428571428571,0
0,0,0.061949,188.0,512.0,4,4,0.3664717348927875,0.8,0
1,3,0.168495,214.0,181.0,5,5,1.175824175824176,0.8333333333333334,10
0,5,116.113352,795.0,13553.0,23,20,0.0586542718016821,1.0952380952380951,0
0,22,6.9e-05,0.0,0.0,1,1,0.0,0.5,0
0,0,0.000137,68.0,100.0,2,2,0.6732673267326733,0.6666666666666666,0
0,0,0.047633,136.0,690.0,4,2,0.1968162083936324,1.3333333333333333,0
0,0,0.151495,41.0,112.0,1,1,0.3628318584070796,0.5,0
0,5,0.001644,43.0,0.0,3,0,43.0,3.0,0
0,5,0.128808,1010.0,511.0,10,6,1.97265625,1.4285714285714286,0
0,3,0.000323,0.0,0.0,2,0,0.0,2.0,0
0,13,0.037563,48.0,48.0,1,1,0.979591836734694,0.5,0
0,3,4.9e-05,12.0,0.0,2,0,12.0,2.0,0
0,0,0.000203,148.0,404.0,2,2,0.3654320987654321,0.6666666666666666,0
0,0,0.090927,78.0,388.0,2,2,0.2005141388174807,0.6666666666666666,0
0,5,5.847746,364.0,3177.0,9,5,0.1145374449339207,1.5,0
1,21,0.486992,827.0,1667.0,10,8,0.4958033573141487,1.1111111111111112,10
0,13,69.030103,96.0,96.0,2,2,0.9896907216494846,0.6666666666666666,0
0,0,0.000147,160.0,224.0,2,2,0.7111111111111111,0.6666666666666666,0
0,5,0.2682,490.0,673.0,7,8,0.7270029673590505,0.7777777777777778,0
0,5,5.834705,340.0,4083.0,10,6,0.0832517140058766,1.4285714285714286,0
1,3,0.164761,167.0,524.0,5,5,0.3180952380952381,0.8333333333333334,10
0,0,0.00017,66.0,180.0,2,2,0.3646408839779005,0.6666666666666666,0
1,3,20.998456,8.0,0.0,2,1,8.0,1.0,5
0,22,0.00023,12.0,0.0,2,0,12.0,2.0,0
0,22,3e-06,4.0,0.0,2,0,4.0,2.0,0
1,1,0.00022,14.0,0.0,2,1,14.0,1.0,7
0,5,5.7761,640.0,18271.0,17,15,0.0350262697022767,1.0625,0
0,5,118.576775,3488.0,167106.0,69,134,0.0208728539199435,0.5111111111111111,0
0,3,0.016943,0.0,0.0,2,0,0.0,2.0,0
0,5,0.000176,0.0,0.0,2,0,0.0,2.0,0
0,5,116.447256,3433.0,42391.0,47,42,0.0809822608039252,1.0930232558139534,0
0,10,2.2e-05,3029.0,0.0,13,0,3029.0,13.0,0
0,13,0.022094,48.0,48.0,1,1,0.979591836734694,0.5,0
0,5,0.000832,18.0,0.0,3,0,18.0,3.0,0
0,0,0.000422,49.0,177.0,1,1,0.2752808988764045,0.5,0
0,0,0.000253,90.0,122.0,2,2,0.7317073170731707,0.6666666666666666,0
0,3,3e-06,12.0,0.0,2,0,12.0,2.0,0
0,22,3.2e-05,6.0,6.0,1,1,0.8571428571428571,0.5,0
0,5,0.039086,6.0,6.0,1,1,0.8571428571428571,0.5,0
0,22,5.9e-05,0.0,0.0,1,1,0.0,0.5,0
0,0,0.10932,76.0,300.0,2,2,0.2524916943521594,0.6666666666666666,0
0,5,59.971537,740.0,3765.0,13,14,0.1964949548592671,0.8666666666666667,0
0,0,0.061956,60.0,400.0,2,2,0.1496259351620947,0.6666666666666666,0
0,3,5.941412,12.0,0.0,3,1,12.0,1.5,0
0,0,0.095524,50.0,188.0,1,1,0.2645502645502645,0.5,0
0,22,5.3e-05,4.0,12.0,2,2,0.3076923076923077,0.6666666666666666,0
0,22,4.7e-05,124.0,0.0,2,0,124.0,2.0,0
1,3,83.419317,351.0,11595.0,5,7,0.0302690582959641,0.625,4
0,0,0.000256,56.0,568.0,2,2,0.0984182776801406,0.6666666666666666,0
0,5,115.598299,1186.0,17341.0,24,24,0.068388882481836,0.96,0
0,22,3e-06,37.0,0.0,2,0,37.0,2.0,0
0,0,0.000194,68.0,380.0,2,2,0.1784776902887139,0.6666666666666666,0
0,0,0.199282,48.0,105.0,1,1,0.4528301886792453,0.5,0
0,5,0.0283,0.0,0.0,1,1,0.0,0.5,0
0,0,0.000385,74.0,590.0,2,2,0.1252115059221658,0.6666666666666666,0
0,3,5.883229,0.0,0.0,4,2,0.0,1.3333333333333333,0
0,0,67.166988,90.0,242.0,2,2,0.3703703703703703,0.6666666666666666,0
0,0,0.000188,60.0,264.0,2,2,0.2264150943396226,0.6666666666666666,0
1,22,4.2e-05,0.0,6.0,1,1,0.0,0.5,10
0,0,0.000485,57.0,138.0,1,1,0.4100719424460431,0.5,0
0,0,0.000184,64.0,96.0,2,2,0.6597938144329897,0.6666666666666666,0
0,5,118.889493,6355.0,9899.0,23,25,0.6419191919191919,0.8846153846153846,0
0,5,12.636572,580.0,155.0,5,4,3.717948717948718,1.0,0
0,5,4e-06,12.0,0.0,2,0,12.0,2.0,0
0,5,1.119069,967.0,24197.0,22,19,0.0399619803289528,1.1,0
0,5,118.629714,7103.0,92771.0,58,65,0.0765640494976932,0.8787878787878788,0
0,0,0.000207,70.0,166.0,2,2,0.4191616766467065,0.6666666666666666,0
0,0,0.117862,90.0,274.0,2,2,0.3272727272727272,0.6666666666666666,0
0,22,0.000107,0.0,0.0,1,1,0.0,0.5,0
0,0,0.000217,90.0,384.0,2,2,0.2337662337662337,0.6666666666666666,0
0,0,0.000271,60.0,318.0,2,2,0.1880877742946708,0.6666666666666666,0
0,5,0.54599,807.0,3151.0,11,8,0.2560279187817258,1.2222222222222223,0
0,0,0.047733,39.0,55.0,1,1,0.6964285714285714,0.5,0
0,22,0.000511,43.0,0.0,3,0,43.0,3.0,0
0,5,115.795053,1080.0,9733.0,25,21,0.1109513047051571,1.1363636363636365,0
0,22,0.000273,12.0,0.0,2,0,12.0,2.0,0
0,0,0.606917,124.0,146.0,4,2,0.8435374149659864,1.3333333333333333,0
0,0,0.02323,71.0,148.0,1,1,0.4765100671140939,0.5,0
0,22,9e-05,6.0,6.0,1,1,0.8571428571428571,0.5,0
0,0,0.000286,96.0,180.0,2,2,0.5303867403314917,0.6666666666666666,0
0,5,0.210299,871.0,60240.0,29,46,0.0144585913248452,0.6170212765957447,0
0,3,36.815071,466.0,1975.0,8,7,0.23582995951417,1.0,0
0,5,16.241543,1152.0,4833.0,12,9,0.2383119569714522,1.2,0
0,22,0.03594,0.0,18.0,2,3,0.0,0.5,0
0,0,0.061463,76.0,250.0,2,2,0.3027888446215139,0.6666666666666666,0
0,3,0.003316,12.0,0.0,2,0,12.0,2.0,0
0,5,0.09742,1245.0,41029.0,18,24,0.0303436509870826,0.72,0
0,22,0.000217,0.0,0.0,1,1,0.0,0.5,0
0,22,4.9e-05,12.0,4.0,2,2,2.4,0.6666666666666666,0
0,3,0.501828,661.0,337.0,3,2,1.955621301775148,1.0,0
0,0,0.049139,56.0,72.0,1,1,0.7671232876712328,0.5,0
0,0,3.408851,100.0,346.0,2,2,0.2881844380403458,0.6666666666666666,0
0,5,6.197289,685.0,3491.0,10,12,0.1961626575028636,0.7692307692307693,0
0,3,0.00011,12.0,0.0,2,0,12.0,2.0,0
0,5,0.064255,0.0,0.0,1,1,0.0,0.5,0
0,22,6.01736,6.0,30.0,1,5,0.1935483870967742,0.1666666666666666,0
0,5,0.361418,1601.0,7512.0,15,11,0.2130972980167709,1.25,0
0,0,0.000216,46.0,46.0,2,2,0.9787234042553192,0.6666666666666666,0
0,22,95.857525,4344.0,0.0,9,6,4344.0,1.2857142857142858,0
0,0,0.023328,44.0,121.0,1,1,0.360655737704918,0.5,0
0,0,0.030834,90.0,168.0,2,2,0.5325443786982249,0.6666666666666666,0
0,5,61.038937,1583.0,5065.0,25,25,0.3124753257007501,0.9615384615384616,0
0,0,0.188764,66.0,180.0,2,2,0.3646408839779005,0.6666666666666666,0
0,0,0.000237,68.0,160.0,2,2,0.422360248447205,0.6666666666666666,0
0,22,9.1e-05,0.0,0.0,1,1,0.0,0.5,0
0,0,0.000226,60.0,220.0,2,2,0.2714932126696832,0.6666666666666666,0
0,0,0.000818,66.0,122.0,2,2,0.5365853658536586,0.6666666666666666,0
0,22,2.6e-05,0.0,0.0,1,1,0.0,0.5,0
0,0,0.000185,92.0,248.0,2,2,0.3694779116465863,0.6666666666666666,0
0,0,0.088897,114.0,222.0,2,2,0.5112107623318386,0.6666666666666666,0
0,22,0.000736,496.0,2820.0,2,2,0.1758241758241758,0.6666666666666666,0
0,22,1e-06,483.0,0.0,2,0,483.0,2.0,0
0,0,0.023663,49.0,114.0,1,1,0.4260869565217391,0.5,0
0,0,0.000143,62.0,94.0,2,2,0.6526315789473685,0.6666666666666666,0
0,0,0.045934,57.0,161.0,1,1,0.3518518518518518,0.5,0
0,0,0.000243,84.0,210.0,2,2,0.3981042654028436,0.6666666666666666,0
0,13,0.071744,48.0,48.0,1,1,0.979591836734694,0.5,0
0,3,5.116337,0.0,0.0,3,1,0.0,1.5,0
0,0,0.000156,76.0,108.0,2,2,0.6972477064220184,0.6666666666666666,0
0,0,0.061225,58.0,124.0,1,1,0.464,0.5,0
0,0,0.000221,46.0,46.0,2,2,0.9787234042553192,0.6666666666666666,0
0,5,54.976354,3659.0,4452.0,9,8,0.8216932405120144,1.0,0
0,0,0.000193,66.0,98.0,2,2,0.6666666666666666,0.6666666666666666,0
0,3,116.039158,950.0,3554.0,19,16,0.2672292545710267,1.1176470588235294,0
0,0,0.059793,78.0,358.0,2,2,0.2172701949860724,0.6666666666666666,0
1,22,1.9e-05,0.0,6.0,1,1,0.0,0.5,10
0,22,3e-06,0.0,0.0,2,0,0.0,2.0,0
0,0,0.000214,94.0,196.0,2,2,0.4771573604060913,0.6666666666666666,0
0,5,11.053209,1796.0,3877.0,9,9,0.4631253223310985,0.9,0
0,22,6.2e-05,6.0,6.0,1,1,0.8571428571428571,0.5,0
0,5,4.327241,123.0,46.0,5,1,2.617021276595745,2.5,0
0,0,0.000266,64.0,188.0,2,2,0.3386243386243386,0.6666666666666666,0
0,0,0.000193,60.0,264.0,2,2,0.2264150943396226,0.6666666666666666,0
0,5,115.662289,1009.0,5090.0,21,19,0.198192889412689,1.05,0
0,22,0.004873,57604.0,6.0,30,1,8229.142857142857,15.0,0
0,22,0.004669,50.0,6.0,3,1,7.142857142857143,1.5,0
0,3,0.018986,12.0,0.0,2,0,12.0,2.0,0
0,5,117.235052,789.0,5600.0,23,19,0.1408677021960364,1.15,0
0,22,3e-06,0.0,0.0,2,0,0.0,2.0,0
0,0,0.000154,88.0,188.0,2,2,0.4656084656084656,0.6666666666666666,0
0,22,4e-06,31.0,0.0,2,0,31.0,2.0,0
0,22,5.4e-05,6.0,6.0,1,1,0.8571428571428571,0.5,0
0,5,12.525109,1438.0,3702.0,10,8,0.3883337834188495,1.1111111111111112,0
0,22,5e-05,6.0,6.0,1,1,0.8571428571428571,0.5,0
0,5,0.255207,1328.0,1119.0,10,6,1.1857142857142855,1.4285714285714286,0
0,22,3e-06,4.0,0.0,2,0,4.0,2.0,0
0,0,0.030824,74.0,198.0,2,2,0.371859296482412,0.6666666666666666,0
0,3,5.959259,0.0,0.0,3,1,0.0,1.5,0
0,0,0.000153,92.0,170.0,2,2,0.5380116959064327,0.6666666666666666,0
0,5,115.33411,1025.0,4624.0,21,17,0.2216216216216216,1.1666666666666667,0
0,22,5.5e-05,0.0,0.0,1,1,0.0,0.5,0
0,5,117.090919,3082.0,456888.0,116,235,0.0067456209276213,0.4915254237288136,0
0,0,94.539773,128.0,323.0,3,3,0.3950617283950617,0.75,0
0,22,5e-06,0.0,0.0,3,0,0.0,3.0,0
1,0,0.80315,1191.0,0.0,6,0,1191.0,6.0,10
0,0,0.024487,68.0,158.0,2,2,0.4276729559748428,0.6666666666666666,0
0,22,0.007891,75.0,0.0,2,1,75.0,1.0,0
0,5,6.434579,37.0,0.0,4,0,37.0,4.0,0
0,5,5e-06,6.0,12.0,1,2,0.4615384615384615,0.3333333333333333,0
0,5,1.9e-05,31.0,0.0,2,0,31.0,2.0,0
1,3,108.272215,529.0,0.0,7,3,529.0,1.75,5
0,5,63.131823,0.0,0.0,7,0,0.0,7.0,0
0,0,0.062591,68.0,220.0,2,2,0.3076923076923077,0.6666666666666666,0
0,22,4.6e-05,0.0,0.0,1,1,0.0,0.5,0
0,0,0.030845,76.0,108.0,2,2,0.6972477064220184,0.6666666666666666,0
0,22,0.000496,50.0,6.0,3,1,7.142857142857143,1.5,0
0,0,0.000175,86.0,198.0,2,2,0.4321608040201005,0.6666666666666666,0
0,0,0.000141,56.0,120.0,2,2,0.4628099173553719,0.6666666666666666,0
0,5,63.620229,169.0,92.0,7,3,1.8172043010752688,1.75,0
0,0,0.060405,42.0,92.0,1,1,0.4516129032258064,0.5,0
0,0,0.000168,58.0,122.0,2,2,0.4715447154471545,0.6666666666666666,0
0,0,0.000162,70.0,102.0,2,2,0.6796116504854369,0.6666666666666666,0
0,0,20.875423,103.0,359.0,2,2,0.2861111111111111,0.6666666666666666,0
0,0,0.000245,104.0,352.0,2,2,0.2946175637393767,0.6666666666666666,0
0,5,5.202098,379.0,5040.0,8,6,0.0751834953382265,1.1428571428571428,0
0,22,2e-06,0.0,0.0,2,0,0.0,2.0,0
0,0,69.787592,188.0,451.0,4,4,0.415929203539823,0.8,0
0,3,115.628895,450.0,795.0,16,14,0.5653266331658291,1.0666666666666669,0
0,3,5.988893,0.0,0.0,3,1,0.0,1.5,0
0,0,0.060933,82.0,238.0,2,2,0.3430962343096234,0.6666666666666666,0
0,5,117.673588,624.0,4086.0,13,12,0.1526792268167359,1.0,0
0,0,0.000206,68.0,132.0,2,2,0.5112781954887218,0.6666666666666666,0
0,0,0.031077,68.0,158.0,2,2,0.4276729559748428,0.6666666666666666,0
0,18,13.926404,7458.0,2396.0,25,18,3.111389236545682,1.3157894736842106,0
0,3,115.873672,3540.0,6374.0,27,21,0.5552941176470588,1.2272727272727273,0
0,0,0.252718,45.0,109.0,1,1,0.4090909090909091,0.5,0
0,0,0.031043,176.0,120.0,4,2,1.4545454545454546,1.3333333333333333,0
0,0,0.198876,54.0,152.0,1,1,0.3529411764705882,0.5,0
0,22,4e-06,37.0,0.0,2,0,37.0,2.0,0
0,5,0.39163,805.0,4116.0,6,10,0.1955307262569832,0.5454545454545454,0
0,0,0.000291,82.0,254.0,2,2,0.3215686274509804,0.6666666666666666,0
0,22,4e-06,37.0,0.0,2,0,37.0,2.0,0
0,0,0.062438,216.0,294.0,4,2,0.7322033898305085,1.3333333333333333,0
0,0,0.031091,102.0,158.0,2,2,0.6415094339622641,0.6666666666666666,0
0,0,0.000219,84.0,212.0,2,2,0.3943661971830985,0.6666666666666666,0
0,0,0.024043,72.0,328.0,2,2,0.2188449848024316,0.6666666666666666,0
0,0,0.000172,66.0,230.0,2,2,0.2857142857142857,0.6666666666666666,0
0,5,108.196079,823.0,9515.0,14,19,0.0864859184531315,0.7,0
0,0,0.097794,78.0,236.0,2,2,0.3291139240506329,0.6666666666666666,0
0,0,0.000186,84.0,116.0,2,2,0.717948717948718,0.6666666666666666,0
0,22,1.1e-05,0.0,0.0,1,1,0.0,0.5,0
0,22,0.001105,3110.0,3108.0,9,6,1.0003216468317786,1.2857142857142858,0
0,22,0.000344,12.0,0.0,2,0,12.0,2.0,0
0,22,5.5e-05,0.0,0.0,1,1,0.0,0.5,0
0,3,0.017362,12.0,0.0,2,0,12.0,2.0,0
0,5,0.184356,871.0,165422.0,40,99,0.0052652895909275,0.4,0
0,0,0.030947,76.0,294.0,2,2,0.2576271186440678,0.6666666666666666,0
0,0,0.031001,58.0,202.0,2,2,0.2857142857142857,0.6666666666666666,0
0,0,0.023954,56.0,72.0,1,1,0.7671232876712328,0.5,0
0,0,0.048499,46.0,111.0,1,1,0.4107142857142857,0.5,0
0,0,0.241415,90.0,398.0,2,2,0.225563909774436,0.6666666666666666,0
0,0,0.030777,56.0,164.0,1,1,0.3393939393939394,0.5,0
0,0,0.030522,46.0,62.0,1,1,0.7301587301587301,0.5,0
0,22,4e-06,37.0,0.0,3,0,37.0,3.0,0
0,5,4.063946,123.0,46.0,5,1,2.617021276595745,2.5,0
0,0,0.000222,104.0,352.0,2,2,0.2946175637393767,0.6666666666666666,0
0,0,0.023595,110.0,222.0,2,2,0.4932735426008968,0.6666666666666666,0
0,5,5.784717,614.0,5120.0,8,7,0.1198984573325522,1.0,0
0,0,0.000244,60.0,414.0,2,2,0.144578313253012,0.6666666666666666,0
0,5,21.466598,1888.0,20378.0,17,18,0.0926443888316404,0.8947368421052632,0
0,5,1.392889,1236.0,6766.0,7,12,0.1826511009309886,0.5384615384615384,0
0,0,97.755615,147.0,374.0,3,3,0.392,0.75,0
0,5,85.570653,29456.0,43173.0,55,49,0.6822624727845462,1.1,0
0,0,0.000255,94.0,126.0,2,2,0.7401574803149606,0.6666666666666666,0
0,5,3e-06,12.0,0.0,2,0,12.0,2.0,0
0,5,0.449295,376.0,3788.0,7,7,0.099234626550541,0.875,0
0,3,5.278214,0.0,0.0,4,2,0.0,1.3333333333333333,0
0,0,0.000182,90.0,228.0,2,2,0.3930131004366812,0.6666666666666666,0
0,0,0.083498,41.0,92.0,1,1,0.4408602150537634,0.5,0
1,21,11.394071,2008.0,2745.0,20,33,0.7312454479242535,0.5882352941176471,11
0,0,0.000209,64.0,96.0,2,2,0.6597938144329897,0.6666666666666666,0
0,0,0.054336,136.0,380.0,4,2,0.3569553805774278,1.3333333333333333,0
0,5,46.987341,1294.0,8528.0,12,14,0.1517176691288545,0.8,0
0,5,61.320811,882.0,4876.0,15,14,0.1808488825097396,1.0,0
0,22,0.031318,6.0,0.0,2,0,6.0,2.0,0
0,5,0.286001,1003.0,6127.0,13,8,0.1636749347258485,1.4444444444444444,0
0,3,115.267564,1545.0,1722.0,20,18,0.8966918165989554,1.0526315789473684,0
0,22,0.00023,0.0,0.0,2,1,0.0,1.0,0
0,3,0.028903,6.0,6.0,1,1,0.8571428571428571,0.5,0
0,0,0.023997,38.0,122.0,1,1,0.3089430894308943,0.5,0
0,3,0.010307,12.0,0.0,2,0,12.0,2.0,0
0,0,0.000294,84.0,366.0,2,2,0.2288828337874659,0.6666666666666666,0
0,5,3.845948,135.0,46.0,5,1,2.872340425531915,2.5,0
0,22,5.2e-05,6.0,18.0,1,3,0.3157894736842105,0.25,0
0,5,112.743999,2009.0,423731.0,153,212,0.0047412043461433,0.7183098591549296,0
0,13,68.027123,96.0,96.0,2,2,0.9896907216494846,0.6666666666666666,0
0,5,5.226819,635.0,168.0,7,4,3.757396449704142,1.4,0
0,5,0.032546,6.0,6.0,1,1,0.8571428571428571,0.5,0
0,0,0.030802,76.0,178.0,2,2,0.4245810055865922,0.6666666666666666,0
0,22,4e-06,0.0,0.0,2,0,0.0,2.0,0
0,0,0.000449,79.0,161.0,1,1,0.4876543209876543,0.5,0
0,0,0.046403,76.0,284.0,2,2,0.2666666666666666,0.6666666666666666,0
0,0,0.031027,43.0,105.0,1,1,0.4056603773584906,0.5,0
0,0,0.0002,88.0,188.0,2,2,0.4656084656084656,0.6666666666666666,0
0,0,0.050995,86.0,206.0,2,2,0.4154589371980676,0.6666666666666666,0
0,0,0.079126,59.0,75.0,1,1,0.7763157894736842,0.5,0
0,5,104.78214,18.0,61.0,3,5,0.2903225806451613,0.5,0
0,0,32.764814,106.0,207.0,2,2,0.5096153846153846,0.6666666666666666,0
0,0,0.030783,132.0,140.0,4,2,0.9361702127659576,1.3333333333333333,0
0,22,3e-06,31.0,0.0,2,0,31.0,2.0,0
0,0,0.061774,82.0,310.0,2,2,0.2636655948553054,0.6666666666666666,0
0,0,0.000844,96.0,180.0,2,2,0.5303867403314917,0.6666666666666666,0
1,22,4.2e-05,2.0,6.0,1,1,0.2857142857142857,0.5,10
0,0,97.675501,89.0,235.0,2,2,0.3771186440677966,0.6666666666666666,0
0,0,0.060793,51.0,67.0,1,1,0.75,0.5,0
0,0,0.030357,77.0,159.0,1,1,0.48125,0.5,0
0,0,54.499373,114.0,197.0,2,2,0.5757575757575758,0.6666666666666666,0
0,3,115.253194,416.0,668.0,17,15,0.6218236173393124,1.0625,0
0,0,0.000151,64.0,96.0,2,2,0.6597938144329897,0.6666666666666666,0
0,0,0.00024,92.0,258.0,2,2,0.3552123552123552,0.6666666666666666,0
0,0,77.377833,103.0,224.0,2,2,0.4577777777777778,0.6666666666666666,0
0,5,5.3e-05,0.0,0.0,2,0,0.0,2.0,0
0,0,16.824447,108.0,108.0,4,4,0.9908256880733946,0.8,0
0,0,0.030713,54.0,118.0,1,1,0.453781512605042,0.5,0
0,0,0.000362,68.0,132.0,2,2,0.5112781954887218,0.6666666666666666,0
0,0,0.000177,70.0,102.0,2,2,0.6796116504854369,0.6666666666666666,0
0,22,4.9e-05,0.0,0.0,1,1,0.0,0.5,0
0,5,65.344216,1037.0,5755.0,15,16,0.1801598332175121,0.8823529411764706,0
0,5,7.8e-05,12.0,0.0,2,0,12.0,2.0,0
0,0,0.610123,128.0,450.0,4,2,0.2838137472283814,1.3333333333333333,0
0,22,0.000265,43.0,0.0,3,0,43.0,3.0,0
0,3,9.4e-05,0.0,0.0,2,0,0.0,2.0,0
0,22,1.8e-05,6.0,6.0,1,1,0.8571428571428571,0.5,0
0,0,0.023769,76.0,204.0,2,2,0.3707317073170731,0.6666666666666666,0
0,0,0.030996,58.0,166.0,2,2,0.3473053892215569,0.6666666666666666,0
0,0,0.031289,62.0,118.0,2,2,0.5210084033613446,0.6666666666666666,0
0,22,3.8e-05,0.0,0.0,1,1,0.0,0.5,0
0,22,1e-06,4.0,0.0,2,0,4.0,2.0,0
0,0,0.03054,64.0,130.0,1,1,0.4885496183206106,0.5,0
0,0,0.000254,68.0,276.0,2,2,0.2454873646209386,0.6666666666666666,0
0,0,0.000186,64.0,96.0,2,2,0.6597938144329897,0.6666666666666666,0
0,5,6.446984,923.0,6274.0,12,10,0.1470916334661354,1.0909090909090908,0
0,0,0.050576,86.0,204.0,2,2,0.4195121951219512,0.6666666666666666,0
0,21,1.300465,2728.0,6634.0,41,42,0.4111529766390354,0.9534883720930232,0
1,3,0.165438,161.0,456.0,5,5,0.3522975929978118,0.8333333333333334,10
0,0,0.050777,64.0,196.0,2,2,0.3248730964467005,0.6666666666666666,0
0,22,4.8e-05,0.0,0.0,1,1,0.0,0.5,0
0,0,0.050831,44.0,300.0,1,1,0.1461794019933555,0.5,0
0,22,8e-05,4.0,12.0,2,2,0.3076923076923077,0.6666666666666666,0
0,5,7.412799,1093.0,456.0,7,7,2.3916849015317285,0.875,0
0,22,0.000108,6.0,6.0,1,1,0.8571428571428571,0.5,0
0,5,60.156168,1216.0,33287.0,23,28,0.0365296803652968,0.7931034482758621,0
0,3,0.004038,12.0,0.0,2,0,12.0,2.0,0
0,22,5.8e-05,6.0,6.0,1,1,0.8571428571428571,0.5,0
0,3,115.434293,303.0,479.0,16,14,0.63125,1.0666666666666669,0
0,0,0.000159,84.0,162.0,2,2,0.5153374233128835,0.6666666666666666,0
0,0,0.000161,110.0,142.0,2,2,0.7692307692307693,0.6666666666666666,0
0,3,74.989222,54.0,0.0,9,8,54.0,1.0,0
0,0,0.000171,64.0,96.0,2,2,0.6597938144329897,0.6666666666666666,0
0,5,0.239777,6.0,37.0,1,1,0.1578947368421052,0.5,0
0,3,60.798648,636.0,820.0,10,10,0.7746650426309378,0.9090909090909092,0
0,22,23.969123,6.0,42.0,1,7,0.1395348837209302,0.125,0
0,3,116.077572,749.0,500.0,16,14,1.49500998003992,1.0666666666666669,0
0,0,47.957914,104.0,251.0,2,2,0.4126984126984127,0.6666666666666666,0
0,0,0.047112,62.0,424.0,2,2,0.1458823529411764,0.6666666666666666,0
0,22,0.000266,31.0,0.0,3,0,31.0,3.0,0
0,22,0.023947,62264.0,144.0,29,24,429.4068965517241,1.16,0
1,3,7.744936,510.0,11632.0,8,6,0.043840797730594,1.1428571428571428,3
0,5,118.96336,11218.0,81285.0,84,88,0.1380065447924612,0.9438202247191012,0
0,3,115.872195,437.0,796.0,16,14,0.548306148055207,1.0666666666666669,0
0,5,64.689256,941.0,122054.0,57,74,0.0077096390971283,0.76,0
0,22,0.000244,0.0,0.0,1,2,0.0,0.3333333333333333,0
0,0,0.024809,88.0,208.0,2,2,0.4210526315789473,0.6666666666666666,0
0,5,0.064534,121.0,3110.0,5,4,0.0388942462230793,1.0,0
0,0,0.000382,64.0,154.0,2,2,0.4129032258064516,0.6666666666666666,0
0,0,0.000142,70.0,102.0,2,2,0.6796116504854369,0.6666666666666666,0
1,3,0.187344,216.0,181.0,6,5,1.1868131868131868,1.0,10
0,0,0.16097,91.0,375.0,2,2,0.2420212765957446,0.6666666666666666,0
0,3,19.15711,849.0,3539.0,7,6,0.2398305084745762,1.0,0
0,3,10.666516,340.0,599.0,5,5,0.5666666666666667,0.8333333333333334,0
0,0,0.000141,44.0,108.0,2,2,0.4036697247706422,0.6666666666666666,0
0,5,7.200973,7741.0,98648.0,46,75,0.078470131476244,0.6052631578947368,0
0,3,116.039102,428.0,4088.0,17,15,0.1046710687209586,1.0625,0
0,0,0.000168,88.0,120.0,2,2,0.7272727272727273,0.6666666666666666,0
0,22,3.6e-05,0.0,0.0,1,1,0.0,0.5,0
0,0,0.341283,47.0,143.0,1,1,0.3263888888888889,0.5,0
0,22,6.1e-05,0.0,0.0,1,1,0.0,0.5,0
0,0,0.178488,47.0,63.0,1,1,0.734375,0.5,0
0,0,0.000195,60.0,264.0,2,2,0.2264150943396226,0.6666666666666666,0
0,5,0.254408,548.0,4131.0,9,10,0.132623426911907,0.8181818181818182,0
0,3,2.703295,12.0,0.0,3,1,12.0,1.5,0
0,0,0.030446,49.0,189.0,1,1,0.2578947368421053,0.5,0
0,22,4e-06,37.0,0.0,3,0,37.0,3.0,0
0,3,10.510333,438.0,645.0,5,4,0.6780185758513931,1.0,0
0,5,3.859153,135.0,46.0,5,1,2.872340425531915,2.5,0
0,0,0.000161,62.0,158.0,2,2,0.389937106918239,0.6666666666666666,0
0,0,0.000153,78.0,110.0,2,2,0.7027027027027027,0.6666666666666666,0
0,22,7.9e-05,0.0,0.0,1,1,0.0,0.5,0
0,0,0.164618,68.0,340.0,2,2,0.1994134897360703,0.6666666666666666,0
0,0,0.000217,74.0,154.0,2,2,0.4774193548387097,0.6666666666666666,0
0,0,0.02381,88.0,210.0,2,2,0.4170616113744075,0.6666666666666666,0
0,3,6.090712,0.0,0.0,3,1,0.0,1.5,0
0,22,4e-06,0.0,0.0,2,0,0.0,2.0,0
0,11,0.000648,408.0,372.0,6,6,1.093833780160858,0.8571428571428571,0
0,22,0.038689,0.0,0.0,2,1,0.0,1.0,0
0,3,14.397601,11344.0,6396.0,14,17,1.7733312490229796,0.7777777777777778,0
0,0,0.000217,130.0,386.0,2,2,0.3359173126614987,0.6666666666666666,0
0,3,0.023295,0.0,0.0,1,1,0.0,0.5,0
0,5,0.189039,43.0,6.0,3,1,6.142857142857143,1.5,0
0,0,0.254428,42.0,58.0,1,1,0.711864406779661,0.5,0
0,0,0.192504,46.0,46.0,1,1,0.9787234042553192,0.5,0
0,0,0.000184,76.0,332.0,2,2,0.2282282282282282,0.6666666666666666,0
0,0,0.023894,70.0,126.0,2,2,0.5511811023622047,0.6666666666666666,0
0,22,3.5e-05,6.0,6.0,1,1,0.8571428571428571,0.5,0
0,5,0.104648,0.0,0.0,2,0,0.0,2.0,0
0,5,5.243713,384.0,5458.0,9,6,0.0703425535812419,1.2857142857142858,0
0,0,0.000205,148.0,404.0,2,2,0.3654320987654321,0.6666666666666666,0
0,22,5.7e-05,0.0,0.0,1,1,0.0,0.5,0
0,0,0.000138,70.0,102.0,2,2,0.6796116504854369,0.6666666666666666,0
0,22,4.7e-05,0.0,0.0,1,1,0.0,0.5,0
0,22,0.000139,6.0,6.0,1,1,0.8571428571428571,0.5,0
0,0,0.023546,51.0,112.0,1,1,0.4513274336283185,0.5,0
0,0,0.031069,51.0,112.0,1,1,0.4513274336283185,0.5,0
0,3,5.850839,12.0,0.0,3,1,12.0,1.5,0
0,5,55.945397,4142.0,4868.0,19,18,0.8506880262887656,1.0,0
0,3,11.356898,914.0,5488.0,8,7,0.1665148478775733,1.0,0
0,5,61.65676,1536.0,5996.0,20,17,0.256128064032016,1.1111111111111112,0
0,3,5.648472,0.0,0.0,4,2,0.0,1.3333333333333333,0
0,1,5e-05,0.0,0.0,1,2,0.0,0.3333333333333333,0
0,22,91.5384,7824.0,12860.0,38,25,0.6083508280849078,1.4615384615384617,0
0,3,0.000104,12.0,0.0,2,0,12.0,2.0,0
0,0,0.000179,72.0,104.0,2,2,0.6857142857142857,0.6666666666666666,0
0,0,0.000204,74.0,106.0,2,2,0.6915887850467289,0.6666666666666666,0
0,0,0.023237,55.0,119.0,1,1,0.4583333333333333,0.5,0
0,5,0.643834,12.0,0.0,2,0,12.0,2.0,0
0,22,3e-06,37.0,0.0,2,0,37.0,2.0,0
0,0,0.060527,51.0,117.0,1,1,0.4322033898305085,0.5,0
0,3,0.266624,3209.0,822.0,5,5,3.899149453219927,0.8333333333333334,0
0,5,2.004694,1452.0,1072.0,7,6,1.3532152842497671,1.0,0
0,0,0.024044,68.0,166.0,2,2,0.4071856287425149,0.6666666666666666,0
0,22,4.8e-05,4.0,0.0,2,0,4.0,2.0,0
0,0,0.023589,72.0,128.0,2,2,0.5581395348837209,0.6666666666666666,0
0,0,0.03123,52.0,113.0,1,1,0.4561403508771929,0.5,0
0,0,0.000154,70.0,102.0,2,2,0.6796116504854369,0.6666666666666666,0
0,22,4e-06,12.0,0.0,2,0,12.0,2.0,0
0,5,0.095237,0.0,0.0,1,1,0.0,0.5,0
0,22,3.5e-05,6.0,6.0,1,1,0.8571428571428571,0.5,0
0,22,5.7e-05,0.0,0.0,1,1,0.0,0.5,0
0,22,0.000457,43.0,0.0,3,0,43.0,3.0,0
0,22,8.2e-05,0.0,0.0,1,1,0.0,0.5,0
0,13,66.093913,96.0,96.0,2,2,0.9896907216494846,0.6666666666666666,0
0,22,0.000552,0.0,0.0,1,1,0.0,0.5,0
0,0,0.000169,76.0,108.0,2,2,0.6972477064220184,0.6666666666666666,0
0,5,3e-06,12.0,0.0,2,0,12.0,2.0,0
0,0,0.048457,60.0,180.0,2,2,0.3314917127071823,0.6666666666666666,0
0,5,74.77646,1161.0,7682.0,16,17,0.1511128465443186,0.8888888888888888,0
0,22,0.000232,12.0,0.0,2,0,12.0,2.0,0
0,5,0.773717,966.0,1559.0,6,6,0.6192307692307693,0.8571428571428571,0
0,22,21.760368,2400.0,3732.0,12,6,0.6429145459416019,1.7142857142857142,0
0,22,2.8e-05,0.0,0.0,1,1,0.0,0.5,0
0,0,0.03123,132.0,252.0,4,2,0.5217391304347826,1.3333333333333333,0
0,0,0.023635,68.0,158.0,2,2,0.4276729559748428,0.6666666666666666,0
0,0,0.000179,74.0,152.0,2,2,0.4836601307189542,0.6666666666666666,0
1,3,102.666466,2541.0,6.0,14,3,363.0,3.5,6
0,0,0.086399,168.0,310.0,4,2,0.5401929260450161,1.3333333333333333,0
0,3,6.033896,12.0,0.0,3,1,12.0,1.5,0
0,5,9.8e-05,0.0,0.0,1,1,0.0,0.5,0
0,5,4e-06,27.0,0.0,2,0,27.0,2.0,0
0,3,5.456807,12.0,0.0,3,1,12.0,1.5,0
0,0,0.063782,43.0,147.0,1,1,0.2905405405405405,0.5,0
0,5,20.048265,566.0,185.0,4,6,3.043010752688172,0.5714285714285714,0
0,0,0.10027,43.0,113.0,1,1,0.3771929824561403,0.5,0
0,0,0.023372,55.0,183.0,1,1,0.2989130434782608,0.5,0
0,5,0.000192,65.0,0.0,3,0,65.0,3.0,0
0,22,5.2e-05,0.0,0.0,1,1,0.0,0.5,0
0,22,80.907238,12976.0,56.0,7,9,227.6491228070176,0.7,0
0,0,0.05354,42.0,133.0,1,1,0.3134328358208955,0.5,0
0,0,0.030614,50.0,66.0,1,1,0.746268656716418,0.5,0
0,22,4e-06,248.0,0.0,2,0,248.0,2.0,0
0,22,5.3e-05,0.0,0.0,1,1,0.0,0.5,0
0,22,4.8e-05,4.0,0.0,2,0,4.0,2.0,0
0,3,118.179332,1296.0,5309.0,21,19,0.2440677966101695,1.05,0
0,5,5.634536,617.0,143.0,7,3,4.284722222222222,1.75,0
0,3,5.278037,0.0,0.0,3,1,0.0,1.5,0
0,5,116.221414,1618.0,835.0,20,17,1.9354066985645928,1.1111111111111112,0
0,0,0.000142,46.0,46.0,2,2,0.9787234042553192,0.6666666666666666,0
0,0,0.093243,156.0,450.0,4,2,0.3458980044345898,1.3333333333333333,0
1,1,9.54755,111.0,188.0,9,15,0.5873015873015873,0.5625,7
0,22,9.7e-05,4.0,12.0,2,2,0.3076923076923077,0.6666666666666666,0
0,22,2.6e-05,4.0,12.0,2,2,0.3076923076923077,0.6666666666666666,0
0,5,115.158714,834.0,5978.0,21,18,0.1394882087305569,1.105263157894737,0
0,0,0.000219,64.0,204.0,2,2,0.3121951219512195,0.6666666666666666,0
0,3,0.000241,12.0,0.0,2,0,12.0,2.0,0
0,3,0.052344,0.0,0.0,3,0,0.0,3.0,0
0,0,0.061685,80.0,194.0,2,2,0.4102564102564102,0.6666666666666666,0
0,21,0.000159,0.0,0.0,1,1,0.0,0.5,0
0,22,0.000905,0.0,0.0,1,2,0.0,0.3333333333333333,0
0,22,3e-06,4.0,0.0,2,0,4.0,2.0,0
0,5,0.199821,535.0,4155.0,10,8,0.1287295476419634,1.1111111111111112,0
0,22,4.8e-05,6.0,6.0,1,1,0.8571428571428571,0.5,0
0,0,0.030784,82.0,254.0,2,2,0.3215686274509804,0.6666666666666666,0
0,0,0.023852,64.0,96.0,2,2,0.6597938144329897,0.6666666666666666,0
0,0,0.000199,92.0,124.0,2,2,0.736,0.6666666666666666,0
0,5,0.000187,65.0,0.0,3,0,65.0,3.0,0
0,0,0.000193,72.0,200.0,2,2,0.3582089552238806,0.6666666666666666,0
0,22,9.6e-05,0.0,0.0,1,3,0.0,0.25,0
0,3,1.033491,437.0,858.0,3,4,0.5087310826542492,0.6,0
0,0,0.000138,78.0,110.0,2,2,0.7027027027027027,0.6666666666666666,0
0,5,117.417303,1840.0,4508.0,20,21,0.4080727434020847,0.9090909090909092,0
0,5,0.019834,18.0,0.0,3,1,18.0,1.5,0
0,0,0.124469,76.0,136.0,2,2,0.5547445255474452,0.6666666666666666,0
0,0,0.047842,78.0,202.0,2,2,0.3842364532019704,0.6666666666666666,0
0,5,1.651841,0.0,0.0,3,3,0.0,0.75,0
0,0,0.098878,44.0,74.0,1,1,0.5866666666666667,0.5,0
0,22,0.004044,109.0,6.0,4,1,15.571428571428571,2.0,0
0,0,0.000191,60.0,182.0,2,2,0.3278688524590163,0.6666666666666666,0
0,0,0.053413,64.0,117.0,1,1,0.5423728813559322,0.5,0
0,5,5.6e-05,0.0,0.0,2,0,0.0,2.0,0
0,0,0.000179,84.0,116.0,2,2,0.717948717948718,0.6666666666666666,0
0,0,0.000158,48.0,112.0,2,2,0.4247787610619469,0.6666666666666666,0
0,0,0.048525,40.0,72.0,1,1,0.547945205479452,0.5,0
0,22,3e-06,12.0,0.0,2,0,12.0,2.0,0
0,22,3e-06,12.0,0.0,2,0,12.0,2.0,0
0,22,4.9e-05,6.0,6.0,1,1,0.8571428571428571,0.5,0
0,5,0.107514,1269.0,41029.0,22,24,0.030928588837436,0.88,0
0,13,0.058083,48.0,48.0,1,1,0.979591836734694,0.5,0
0,22,0.000142,6.0,6.0,1,1,0.8571428571428571,0.5,0
0,0,0.050752,76.0,180.0,2,2,0.4198895027624309,0.6666666666666666,0
0,0,0.000228,88.0,188.0,2,2,0.4656084656084656,0.6666666666666666,0
0,0,0.084437,70.0,180.0,2,2,0.3867403314917127,0.6666666666666666,0
0,22,6.8e-05,6.0,6.0,1,1,0.8571428571428571,0.5,0
0,0,0.172733,172.0,218.0,4,2,0.7853881278538812,1.3333333333333333,0
0,0,0.000175,60.0,188.0,2,2,0.3174603174603174,0.6666666666666666,0
0,5,18.915897,3043.0,108640.0,53,62,0.0280096832687475,0.8412698412698413,0
0,3,116.028364,439.0,796.0,16,14,0.5508155583437893,1.0666666666666669,0
0,5,99.996971,32.0,128.0,6,4,0.2480620155038759,1.2,0
0,0,0.04871,176.0,214.0,4,2,0.8186046511627907,1.3333333333333333,0
0,0,0.066414,49.0,77.0,1,1,0.6282051282051282,0.5,0
0,0,0.000176,64.0,96.0,2,2,0.6597938144329897,0.6666666666666666,0
0,5,117.333033,587.0,4239.0,13,12,0.1384433962264151,1.0,0
0,0,0.000146,82.0,114.0,2,2,0.7130434782608696,0.6666666666666666,0
0,5,0.571648,5567.0,4796.0,10,8,1.1605169897852825,1.1111111111111112,0
0,3,10.192102,396.0,33623.0,16,20,0.0117773019271948,0.7619047619047619,0
0,22,0.000115,0.0,0.0,1,1,0.0,0.5,0
0,0,0.13158,66.0,408.0,2,2,0.1613691931540342,0.6666666666666666,0
0,0,0.160193,90.0,156.0,2,2,0.5732484076433121,0.6666666666666666,0
0,5,117.986351,853.0,7016.0,15,13,0.1215619210488812,1.0714285714285714,0
0,5,0.31439,0.0,0.0,3,0,0.0,3.0,0
0,21,0.000161,0.0,0.0,1,1,0.0,0.5,0
0,0,0.150844,60.0,408.0,2,2,0.1466992665036675,0.6666666666666666,0
0,0,0.000223,90.0,172.0,2,2,0.5202312138728323,0.6666666666666666,0
0,22,100.189901,11613.0,56.0,6,8,203.73684210526315,0.6666666666666666,0
0,5,16.452577,1288.0,4594.0,11,11,0.2803046789989118,0.9166666666666666,0
0,0,0.000144,88.0,120.0,2,2,0.7272727272727273,0.6666666666666666,0
0,0,9.5e-05,70.0,102.0,2,2,0.6796116504854369,0.6666666666666666,0
0,5,0.095017,0.0,0.0,1,1,0.0,0.5,0
0,0,0.000348,94.0,220.0,2,2,0.4253393665158371,0.6666666666666666,0
0,0,0.000232,58.0,166.0,2,2,0.3473053892215569,0.6666666666666666,0
0,22,5.9e-05,0.0,0.0,1,1,0.0,0.5,0
0,5,4.687119,706.0,4425.0,7,7,0.1595119746949841,0.875,0
0,0,0.000334,68.0,238.0,2,2,0.2845188284518828,0.6666666666666666,0
0,0,0.086583,55.0,111.0,1,1,0.4910714285714285,0.5,0
0,0,0.00019,64.0,96.0,2,2,0.6597938144329897,0.6666666666666666,0
0,0,0.048452,48.0,126.0,1,1,0.3779527559055118,0.5,0
0,3,116.180568,1311.0,2388.0,19,17,0.5487651737128506,1.0555555555555556,0
0,0,0.047957,98.0,190.0,2,2,0.5130890052356021,0.6666666666666666,0
0,0,0.023302,52.0,68.0,1,1,0.7536231884057971,0.5,0
0,0,0.000312,76.0,652.0,2,2,0.116385911179173,0.6666666666666666,0
0,0,0.049868,80.0,200.0,2,2,0.3980099502487562,0.6666666666666666,0
0,22,0.000273,43.0,6.0,3,1,6.142857142857143,1.5,0
0,0,0.048812,64.0,96.0,2,2,0.6597938144329897,0.6666666666666666,0
0,5,65.41668,1148.0,543.0,15,12,2.110294117647059,1.1538461538461535,0
0,0,0.062258,48.0,113.0,1,1,0.4210526315789473,0.5,0
0,22,0.000185,0.0,0.0,1,1,0.0,0.5,0
0,5,51.386263,3051.0,281562.0,93,204,0.0108359408018809,0.4536585365853658,0
0,0,0.000197,88.0,194.0,2,2,0.4512820512820513,0.6666666666666666,0
0,0,0.061364,70.0,202.0,2,2,0.3448275862068966,0.6666666666666666,0
0,5,2.424358,0.0,0.0,4,2,0.0,1.3333333333333333,0
0,3,8.1e-05,12.0,0.0,2,0,12.0,2.0,0
0,21,1.267463,2728.0,6634.0,41,42,0.4111529766390354,0.9534883720930232,0
0,5,0.117049,0.0,0.0,1,1,0.0,0.5,0
0,0,0.000217,68.0,358.0,2,2,0.1894150417827298,0.6666666666666666,0
1,3,31.97774,221.0,487.0,9,8,0.4528688524590163,1.0,6
0,0,0.000232,46.0,46.0,2,2,0.9787234042553192,0.6666666666666666,0
0,0,0.023315,52.0,92.0,1,1,0.5591397849462365,0.5,0
0,0,0.050235,92.0,254.0,2,2,0.3607843137254902,0.6666666666666666,0
0,22,6.8e-05,4.0,12.0,2,2,0.3076923076923077,0.6666666666666666,0
0,0,0.071418,61.0,151.0,1,1,0.4013157894736842,0.5,0
0,22,3.1e-05,6.0,6.0,1,1,0.8571428571428571,0.5,0
0,0,0.030432,60.0,88.0,1,1,0.6741573033707865,0.5,0
0,5,0.290489,2188.0,21391.0,13,17,0.1022812266267763,0.7222222222222222,0
0,0,0.026905,66.0,98.0,2,2,0.6666666666666666,0.6666666666666666,0
0,5,60.699774,717.0,4327.0,15,14,0.1656654343807763,1.0,0
0,0,0.000163,86.0,118.0,2,2,0.7226890756302521,0.6666666666666666,0
0,22,6.4e-05,6.0,6.0,1,1,0.8571428571428571,0.5,0
0,0,0.051313,101.0,165.0,1,1,0.608433734939759,0.5,0
0,5,0.214891,929.0,943.0,10,5,0.9841101694915254,1.6666666666666667,0
0,0,0.00019,46.0,46.0,2,2,0.9787234042553192,0.6666666666666666,0
0,5,5.858323,635.0,168.0,7,4,3.757396449704142,1.4,0
0,0,0.001017,78.0,274.0,2,2,0.2836363636363636,0.6666666666666666,0
0,0,0.048105,93.0,175.0,1,1,0.5284090909090909,0.5,0
0,5,117.548962,4752.0,34727.0,31,42,0.1368348306841741,0.7209302325581395,0
0,0,0.477999,40.0,132.0,1,1,0.3007518796992481,0.5,0
0,3,5.209495,421.0,545.0,4,4,0.7710622710622711,0.8,0
0,5,0.034206,12.0,0.0,3,1,12.0,1.5,0
0,22,3e-06,37.0,0.0,2,0,37.0,2.0,0
0,22,1e-06,4.0,0.0,2,0,4.0,2.0,0
0,0,0.024787,58.0,446.0,2,2,0.1297539149888143,0.6666666666666666,0
0,22,5.1e-05,0.0,0.0,1,1,0.0,0.5,0
0,22,4e-06,31.0,0.0,2,0,31.0,2.0,0
0,22,4.9e-05,4.0,0.0,2,0,4.0,2.0,0
0,0,0.023226,62.0,78.0,1,1,0.7848101265822784,0.5,0
0,0,0.063367,90.0,652.0,2,2,0.1378254211332312,0.6666666666666666,0
0,0,0.000197,70.0,102.0,2,2,0.6796116504854369,0.6666666666666666,0
0,0,0.00023,86.0,204.0,2,2,0.4195121951219512,0.6666666666666666,0
0,22,0.28087,12.0,6.0,2,1,1.7142857142857142,1.0,0
0,5,1.436842,1678.0,5770.0,16,10,0.2907641656558655,1.4545454545454546,0
0,5,5.2712,638.0,6040.0,12,9,0.1056116536997185,1.2,0
0,22,3e-06,37.0,0.0,2,0,37.0,2.0,0
0,0,0.000205,82.0,152.0,2,2,0.5359477124183006,0.6666666666666666,0
0,21,1.558955,2622.0,7038.0,35,42,0.3724960931950561,0.813953488372093,0
0,5,10.178689,27105.0,6768.0,14,20,4.004284236962624,0.6666666666666666,0
0,5,0.204672,2291.0,799.0,11,7,2.86375,1.375,0
0,0,0.064322,44.0,100.0,1,1,0.4356435643564356,0.5,0
0,22,0.000155,0.0,0.0,1,1,0.0,0.5,0
0,5,0.277627,720.0,1295.0,10,5,0.5555555555555556,1.6666666666666667,0
0,5,69.737498,11682.0,1400320.0,572,880,0.0083423729273502,0.6492622020431328,0
0,0,0.00021,64.0,176.0,2,2,0.3615819209039548,0.6666666666666666,0
0,22,0.007024,0.0,24.0,1,4,0.0,0.2,0
0,0,0.030984,57.0,73.0,1,1,0.7702702702702703,0.5,0
0,0,0.000187,60.0,264.0,2,2,0.2264150943396226,0.6666666666666666,0
0,3,0.024674,0.0,0.0,1,1,0.0,0.5,0
0,0,0.000238,76.0,300.0,2,2,0.2524916943521594,0.6666666666666666,0
0,0,0.023886,92.0,284.0,2,2,0.3228070175438596,0.6666666666666666,0
0,22,7.4e-05,0.0,0.0,1,1,0.0,0.5,0
0,0,0.030982,88.0,200.0,2,2,0.4378109452736318,0.6666666666666666,0
0,5,5.869695,636.0,3281.0,10,6,0.1937842778793418,1.4285714285714286,0
0,0,0.000151,78.0,134.0,2,2,0.5777777777777777,0.6666666666666666,0
0,22,0.000214,37.0,6.0,2,1,5.285714285714286,1.0,0
0,5,10.023468,1276.0,108377.0,41,71,0.011773607189651,0.5694444444444444,0
0,0,0.000209,94.0,206.0,2,2,0.4541062801932367,0.6666666666666666,0
0,0,0.000549,44.0,305.0,1,1,0.1437908496732026,0.5,0
0,5,0.47017,974.0,7387.0,15,11,0.1318354087709799,1.25,0
0,5,0.271395,0.0,0.0,2,1,0.0,1.0,0
0,0,0.030836,82.0,204.0,2,2,0.4,0.6666666666666666,0
0,0,0.0496,180.0,436.0,4,4,0.4118993135011441,0.8,0
0,0,0.072111,64.0,256.0,2,2,0.2490272373540856,0.6666666666666666,0
0,0,0.031804,176.0,416.0,4,4,0.422062350119904,0.8,0
0,22,4.1e-05,6.0,6.0,1,1,0.8571428571428571,0.5,0
0,3,0.12783,337.0,5817.0,4,5,0.0579236851151598,0.6666666666666666,0
0,0,0.030893,152.0,172.0,4,2,0.8786127167630058,1.3333333333333333,0
0,22,3e-06,31.0,0.0,2,0,31.0,2.0,0
0,5,5.965981,402.0,5133.0,8,7,0.0783015192832099,1.0,0
0,3,0.120332,432.0,112.0,3,2,3.8230088495575214,1.0,0
0,5,0.291072,1009.0,5096.0,13,12,0.1979595840690602,1.0,0
0,22,3e-06,37.0,0.0,2,0,37.0,2.0,0
0,5,0.103573,1245.0,41029.0,18,24,0.0303436509870826,0.72,0
0,3,5.454013,12.0,0.0,3,1,12.0,1.5,0
0,5,0.030859,86.0,7.0,3,3,10.75,0.75,0
0,3,6.038327,12.0,0.0,3,1,12.0,1.5,0
0,0,0.251221,36.0,52.0,1,1,0.6792452830188679,0.5,0
0,0,0.090519,164.0,226.0,4,2,0.7224669603524229,1.3333333333333333,0
0,0,0.15081,104.0,678.0,2,2,0.1531664212076583,0.6666666666666666,0
0,5,0.118143,613.0,31161.0,15,21,0.0196713946473268,0.6818181818181818,0
0,0,0.037594,40.0,96.0,1,1,0.4123711340206185,0.5,0
0,22,0.000192,83.0,6.0,3,1,11.857142857142858,1.5,0
0,22,3e-06,6.0,6.0,1,1,0.8571428571428571,0.5,0
0,0,0.275625,76.0,300.0,2,2,0.2524916943521594,0.6666666666666666,0
0,0,3.267296,208.0,570.0,6,6,0.3642732049036777,0.8571428571428571,0
0,3,7.726911,7605.0,2401.0,10,7,3.166111573688593,1.25,0
0,22,4.7e-05,12.0,0.0,2,0,12.0,2.0,0
0,3,3.9e-05,0.0,0.0,2,0,0.0,2.0,0
0,5,0.14482,6.0,6.0,1,1,0.8571428571428571,0.5,0
0,22,3e-06,4.0,0.0,2,0,4.0,2.0,0
0,22,2.5e-05,0.0,0.0,1,1,0.0,0.5,0
0,0,0.00048,47.0,113.0,1,1,0.4122807017543859,0.5,0
0,5,60.447113,1631.0,3689.0,15,12,0.4420054200542005,1.1538461538461535,0
0,0,0.04801,38.0,87.0,1,1,0.4318181818181818,0.5,0
0,0,0.047556,55.0,134.0,1,1,0.4074074074074074,0.5,0
0,0,0.000185,80.0,112.0,2,2,0.7079646017699115,0.6666666666666666,0
0,0,0.016326,68.0,380.0,2,2,0.1784776902887139,0.6666666666666666,0
0,0,0.048935,78.0,202.0,2,2,0.3842364532019704,0.6666666666666666,0
0,3,5.271347,12.0,0.0,3,1,12.0,1.5,0
0,22,4.9e-05,0.0,0.0,2,0,0.0,2.0,0
0,22,0.089083,484.0,6.0,2,1,69.14285714285714,1.0,0
0,0,5.9e-05,4.0,12.0,2,2,0.3076923076923077,0.6666666666666666,0
0,0,0.030506,51.0,179.0,1,1,0.2833333333333333,0.5,0
0,0,0.027493,170.0,326.0,2,2,0.5198776758409785,0.6666666666666666,0
0,3,5.814453,0.0,0.0,3,1,0.0,1.5,0
0,5,10.359194,712.0,38420.0,24,25,0.0185315322349756,0.9230769230769232,0
0,3,38.141714,1061.0,2382.0,8,7,0.4452370960973563,1.0,0
0,0,0.116321,74.0,206.0,2,2,0.357487922705314,0.6666666666666666,0
0,0,0.000153,102.0,134.0,2,2,0.7555555555555555,0.6666666666666666,0
0,3,5.572523,12.0,0.0,3,1,12.0,1.5,0
0,0,0.076781,76.0,294.0,2,2,0.2576271186440678,0.6666666666666666,0
0,0,0.000234,132.0,388.0,2,2,0.3393316195372751,0.6666666666666666,0
0,0,0.488292,43.0,59.0,1,1,0.7166666666666667,0.5,0
0,5,5.319621,384.0,4244.0,8,5,0.0904593639575971,1.3333333333333333,0
0,5,2.015614,1589.0,1086.0,7,6,1.4618215271389143,1.0,0
0,22,97.843309,11607.0,62.0,6,9,184.23809523809524,0.6,0
0,0,0.03955,51.0,67.0,1,1,0.75,0.5,0
0,0,0.076284,54.0,118.0,1,1,0.453781512605042,0.5,0
0,22,5.6e-05,0.0,0.0,1,1,0.0,0.5,0
0,22,2.7e-05,0.0,0.0,1,1,0.0,0.5,0
0,0,0.031137,86.0,210.0,2,2,0.4075829383886256,0.6666666666666666,0
0,4,0.999733,0.0,18.0,3,3,0.0,0.75,0
0,3,116.017106,519.0,802.0,16,14,0.6463262764632628,1.0666666666666669,0
0,0,0.000218,70.0,166.0,2,2,0.4191616766467065,0.6666666666666666,0
0,5,5.874859,349.0,3174.0,9,5,0.1099212598425196,1.5,0
0,22,73.47273,11613.0,68.0,7,10,168.30434782608697,0.6363636363636364,0
0,0,0.000169,70.0,180.0,2,2,0.3867403314917127,0.6666666666666666,0
0,5,119.187362,1453.0,5620.0,21,24,0.2584949297278064,0.84,0
0,0,0.031137,76.0,204.0,2,2,0.3707317073170731,0.6666666666666666,0
1,3,6.75997,24.0,0.0,4,0,24.0,4.0,2
0,13,0.000189,96.0,96.0,2,2,0.9896907216494846,0.6666666666666666,0
0,22,2e-06,4.0,0.0,2,0,4.0,2.0,0
0,22,0.000193,0.0,0.0,2,0,0.0,2.0,0
0,0,0.000722,51.0,112.0,1,1,0.4513274336283185,0.5,0
0,22,5.5e-05,0.0,0.0,1,1,0.0,0.5,0
0,0,0.060658,232.0,228.0,4,2,1.0131004366812226,1.3333333333333333,0
0,5,83.237172,2484.0,8420.0,18,14,0.2949768436052725,1.2,0
0,0,0.062576,90.0,216.0,2,2,0.4147465437788018,0.6666666666666666,0
0,0,0.076229,55.0,129.0,1,1,0.4230769230769231,0.5,0
0,0,0.000157,70.0,166.0,2,2,0.4191616766467065,0.6666666666666666,0
0,0,0.00015,46.0,46.0,2,2,0.9787234042553192,0.6666666666666666,0
0,0,0.031537,49.0,131.0,1,1,0.3712121212121212,0.5,0
0,5,118.46284,1957.0,7496.0,16,16,0.2610377484327064,0.9411764705882352,0
1,4,0.073457,206.0,134.0,4,3,1.525925925925926,1.0,1
0,3,115.351786,508.0,1969.0,17,15,0.2578680203045685,1.0625,0
0,5,0.088008,6.0,31.0,2,2,0.1875,0.6666666666666666,0
0,5,5.860506,374.0,4685.0,9,6,0.0798122065727699,1.2857142857142858,0
0,0,0.000196,62.0,118.0,2,2,0.5210084033613446,0.6666666666666666,0
0,0,0.108467,47.0,154.0,1,1,0.3032258064516129,0.5,0
0,0,0.051099,180.0,236.0,2,2,0.759493670886076,0.6666666666666666,0
0,22,3e-06,37.0,0.0,2,0,37.0,2.0,0
0,0,0.047736,180.0,306.0,4,2,0.5863192182410424,1.3333333333333333,0
0,12,0.405595,0.0,0.0,8,0,0.0,8.0,0
0,0,0.07094,60.0,162.0,2,2,0.3680981595092024,0.6666666666666666,0
0,0,0.000246,90.0,222.0,2,2,0.4035874439461883,0.6666666666666666,0
0,22,82.154686,12982.0,56.0,6,9,227.75438596491227,0.6,0
1,3,63.123506,0.0,0.0,7,0,0.0,7.0,5
0,0,0.000168,88.0,120.0,2,2,0.7272727272727273,0.6666666666666666,0
0,3,0.000246,0.0,0.0,2,0,0.0,2.0,0
0,5,0.207546,2069.0,3989.0,8,7,0.518546365914787,1.0,0
0,3,117.524078,944.0,3938.0,17,16,0.2396547347042396,1.0,0
0,0,0.03141,62.0,338.0,2,2,0.1828908554572271,0.6666666666666666,0
0,0,0.000207,156.0,412.0,2,2,0.3777239709443099,0.6666666666666666,0
0,22,0.000316,31.0,0.0,4,0,31.0,4.0,0
0,0,0.311377,50.0,91.0,1,1,0.5434782608695652,0.5,0
0,5,61.091057,7923.0,3219.0,16,16,2.46055900621118,0.9411764705882352,0
0,0,0.049755,51.0,112.0,1,1,0.4513274336283185,0.5,0
0,0,0.446283,156.0,172.0,4,2,0.9017341040462428,1.3333333333333333,0
0,0,0.000351,76.0,204.0,2,2,0.3707317073170731,0.6666666666666666,0
0,3,0.418508,680.0,421.0,3,4,1.6113744075829384,0.6,0
0,0,0.031446,68.0,178.0,2,2,0.3798882681564245,0.6666666666666666,0
0,22,8.9e-05,0.0,0.0,1,1,0.0,0.5,0
0,0,0.000232,82.0,152.0,2,2,0.5359477124183006,0.6666666666666666,0
1,22,6.1e-05,0.0,6.0,1,1,0.0,0.5,10
0,22,4e-06,12.0,0.0,2,0,12.0,2.0,0
0,3,5.73631,12.0,0.0,3,1,12.0,1.5,0
0,0,0.000309,78.0,110.0,2,2,0.7027027027027027,0.6666666666666666,0
0,22,0.002779,18.0,0.0,3,0,18.0,3.0,0
0,0,0.000136,64.0,96.0,2,2,0.6597938144329897,0.6666666666666666,0
0,0,0.023805,60.0,188.0,2,2,0.3174603174603174,0.6666666666666666,0
0,0,0.048943,86.0,208.0,2,2,0.4114832535885167,0.6666666666666666,0
0,5,65.441007,717.0,3543.0,14,16,0.202313769751693,0.8235294117647058,0
0,22,0.004178,3150.0,3152.0,9,6,0.9990485252140818,1.2857142857142858,0
0,0,0.030318,55.0,111.0,1,1,0.4910714285714285,0.5,0
0,5,5.400862,1454.0,7849.0,10,12,0.1852229299363057,0.7692307692307693,0
0,5,0.402541,1627.0,5614.0,13,7,0.2897595725734639,1.625,0
0,0,0.870862,86.0,250.0,2,2,0.3426294820717131,0.6666666666666666,0
0,3,0.005015,12.0,0.0,2,0,12.0,2.0,0
0,5,4.9e-05,12.0,0.0,2,0,12.0,2.0,0
0,3,4.562425,445.0,979.0,5,3,0.4540816326530612,1.25,0
0,0,0.00021,74.0,302.0,2,2,0.2442244224422442,0.6666666666666666,0
0,0,0.000215,78.0,274.0,2,2,0.2836363636363636,0.6666666666666666,0
0,22,2e-06,0.0,0.0,3,0,0.0,3.0,0
0,0,0.031235,66.0,122.0,2,2,0.5365853658536586,0.6666666666666666,0
0,0,0.023826,76.0,108.0,2,2,0.6972477064220184,0.6666666666666666,0
0,0,0.030454,52.0,113.0,1,1,0.4561403508771929,0.5,0
0,3,119.969074,2385.0,1657.0,20,16,1.4384800965018094,1.1764705882352942,0
0,0,0.060667,61.0,228.0,1,1,0.2663755458515284,0.5,0
0,22,6.8e-05,4.0,12.0,2,2,0.3076923076923077,0.6666666666666666,0
0,0,0.000157,94.0,126.0,2,2,0.7401574803149606,0.6666666666666666,0
1,4,1.060848,0.0,18.0,3,3,0.0,0.75,1
0,0,0.000224,130.0,386.0,2,2,0.3359173126614987,0.6666666666666666,0
0,0,0.096143,50.0,66.0,1,1,0.746268656716418,0.5,0
0,5,6.383558,1057.0,7308.0,10,11,0.1446162265699822,0.8333333333333334,0
0,3,0.000917,0.0,0.0,3,0,0.0,3.0,0
0,5,6.068169,123.0,46.0,5,1,2.617021276595745,2.5,0
0,0,0.000156,70.0,102.0,2,2,0.6796116504854369,0.6666666666666666,0
0,5,60.661395,961.0,14547.0,19,22,0.0660571899917514,0.8260869565217391,0
0,5,0.170253,720.0,1295.0,10,5,0.5555555555555556,1.6666666666666667,0
0,5,0.152755,1108.0,639.0,10,5,1.73125,1.6666666666666667,0
0,3,6.5e-05,12.0,0.0,2,0,12.0,2.0,0
0,3,0.306739,0.0,0.0,3,0,0.0,3.0,0
0,5,118.591635,1629.0,5207.0,18,18,0.3127880184331797,0.9473684210526316,0
0,13,65.021327,96.0,96.0,2,2,0.9896907216494846,0.6666666666666666,0
0,0,0.000243,68.0,182.0,2,2,0.3715846994535519,0.6666666666666666,0
0,0,0.047273,74.0,270.0,2,2,0.2730627306273063,0.6666666666666666,0
0,5,79.622707,6108.0,7692.0,17,20,0.7939685428311452,0.8095238095238095,0
1,3,98.200159,62.0,11601.0,9,6,0.0053439062230649,1.2857142857142858,2
0,0,0.048599,176.0,210.0,4,2,0.8341232227488151,1.3333333333333333,0
0,0,0.023653,45.0,301.0,1,1,0.1490066225165563,0.5,0
0,22,0.00023,0.0,0.0,2,0,0.0,2.0,0
0,0,0.000159,58.0,186.0,2,2,0.3101604278074866,0.6666666666666666,0
0,5,1.054109,0.0,0.0,2,0,0.0,2.0,0
0,22,5e-06,31.0,0.0,3,0,31.0,3.0,0
0,0,0.000183,64.0,96.0,2,2,0.6597938144329897,0.6666666666666666,0
0,5,115.64667,831.0,8149.0,21,20,0.101963190184049,1.0,0
0,5,116.686429,6515.0,18392.0,30,40,0.354210841080846,0.7317073170731707,0
0,0,0.000811,76.0,172.0,2,2,0.4393063583815029,0.6666666666666666,0
0,3,0.03886,0.0,0.0,1,1,0.0,0.5,0
0,0,0.000156,78.0,160.0,2,2,0.484472049689441,0.6666666666666666,0
1,1,0.000204,14.0,0.0,2,1,14.0,1.0,7
0,0,0.09048,41.0,171.0,1,1,0.2383720930232558,0.5,0
0,5,3.04243,135.0,46.0,5,1,2.872340425531915,2.5,0
0,0,0.037547,55.0,118.0,1,1,0.4621848739495798,0.5,0
0,0,0.024145,60.0,264.0,2,2,0.2264150943396226,0.6666666666666666,0
0,5,116.807037,622.0,4654.0,13,12,0.1336197636949516,1.0,0
0,5,0.208134,0.0,0.0,2,0,0.0,2.0,0
0,0,0.030759,64.0,250.0,2,2,0.2549800796812749,0.6666666666666666,0
0,3,117.938758,5211.0,7135.0,26,26,0.7302410313901345,0.9629629629629628,0
0,0,0.000223,88.0,344.0,2,2,0.2550724637681159,0.6666666666666666,0
0,5,0.613143,1078.0,5251.0,15,12,0.2052551408987052,1.1538461538461535,0
0,0,0.49041,248.0,696.0,4,4,0.3558106169296987,0.8,0
0,19,1.896421,1396.0,4574.0,16,24,0.3051366120218579,0.64,0
0,22,8.7e-05,31.0,6.0,2,1,4.428571428571429,1.0,0
0,0,0.08576,86.0,198.0,2,2,0.4321608040201005,0.6666666666666666,0
0,3,0.301035,421.0,2267.0,3,4,0.1856261022927689,0.6,0
0,0,0.047839,90.0,354.0,2,2,0.2535211267605634,0.6666666666666666,0
0,22,0.000647,0.0,0.0,1,1,0.0,0.5,0
0,22,4.8e-05,4.0,0.0,2,0,4.0,2.0,0
0,5,11.451938,2209.0,4161.0,18,16,0.5307544449783758,1.0588235294117647,0
0,22,4.8e-05,31.0,6.0,2,1,4.428571428571429,1.0,0
0,0,0.060779,48.0,142.0,1,1,0.3356643356643357,0.5,0
0,3,0.003207,0.0,0.0,2,0,0.0,2.0,0
0,5,60.691403,1663.0,3948.0,17,12,0.4211192707014434,1.3076923076923077,0
0,0,0.000234,74.0,154.0,2,2,0.4774193548387097,0.6666666666666666,0
0,5,115.64248,1080.0,9873.0,22,20,0.1093781648774559,1.0476190476190477,0
0,22,0.004658,50.0,6.0,3,1,7.142857142857143,1.5,0
0,3,6.029608,0.0,0.0,4,2,0.0,1.3333333333333333,0
0,0,0.053679,47.0,110.0,1,1,0.4234234234234234,0.5,0
0,0,102.357799,99.0,171.0,2,2,0.5755813953488372,0.6666666666666666,0
0,0,0.06161,62.0,189.0,1,1,0.3263157894736842,0.5,0
0,22,3.3e-05,0.0,0.0,1,1,0.0,0.5,0
0,0,0.061418,128.0,408.0,4,4,0.3129584352078239,0.8,0
0,5,10.663325,580.0,164.0,5,4,3.515151515151515,1.0,0
0,0,1.036582,180.0,398.0,4,2,0.4511278195488721,1.3333333333333333,0
0,5,64.134728,169.0,92.0,7,2,1.8172043010752688,2.333333333333333,0
0,0,0.000171,58.0,154.0,2,2,0.3741935483870968,0.6666666666666666,0
0,0,0.000201,46.0,46.0,2,2,0.9787234042553192,0.6666666666666666,0
0,5,0.097894,376.0,3508.0,7,5,0.1071530350527215,1.1666666666666667,0
0,0,0.000177,72.0,194.0,2,2,0.3692307692307692,0.6666666666666666,0
0,0,0.023453,52.0,68.0,1,1,0.7536231884057971,0.5,0
0,0,0.024614,56.0,174.0,1,1,0.32,0.5,0
0,0,2.367873,84.0,294.0,2,2,0.2847457627118644,0.6666666666666666,0
0,5,0.167468,0.0,0.0,1,1,0.0,0.5,0
0,0,0.000183,70.0,102.0,2,2,0.6796116504854369,0.6666666666666666,0
0,22,0.000404,53.0,58.0,1,5,0.8983050847457628,0.1666666666666666,0
0,22,1e-06,12.0,0.0,2,0,12.0,2.0,0
0,22,4.9e-05,0.0,0.0,1,1,0.0,0.5,0
0,3,44.897128,5.0,0.0,6,5,5.0,1.0,0
0,22,0.001264,3226.0,3232.0,9,6,0.9978348283328178,1.2857142857142858,0
0,0,0.000198,46.0,46.0,2,2,0.9787234042553192,0.6666666666666666,0
0,0,0.000207,46.0,46.0,2,2,0.9787234042553192,0.6666666666666666,0
0,0,0.061263,70.0,238.0,2,2,0.2928870292887029,0.6666666666666666,0
0,5,3e-06,0.0,0.0,2,0,0.0,2.0,0
1,3,31.998477,222.0,487.0,9,8,0.4549180327868852,1.0,6
0,22,3e-06,12.0,0.0,2,0,12.0,2.0,0
0,3,40.160001,448.0,1779.0,7,7,0.251685393258427,0.875,0
0,22,6.8e-05,4.0,12.0,2,2,0.3076923076923077,0.6666666666666666,0
0,0,0.18226,57.0,88.0,1,1,0.6404494382022472,0.5,0
0,5,65.586849,1384.0,4715.0,11,10,0.2934690415606446,1.0,0
1,3,0.177446,217.0,181.0,6,5,1.1923076923076923,1.0,10
0,3,0.023666,0.0,0.0,1,1,0.0,0.5,0
0,13,0.030177,48.0,48.0,1,1,0.979591836734694,0.5,0
0,22,3.7e-05,0.0,0.0,1,1,0.0,0.5,0
0,0,75.040557,104.0,155.0,2,2,0.6666666666666666,0.6666666666666666,0
0,5,119.520765,3094.0,36019.0,34,40,0.0858967240421987,0.8292682926829268,0
0,3,0.023521,0.0,0.0,1,1,0.0,0.5,0
0,0,0.032648,43.0,59.0,1,1,0.7166666666666667,0.5,0
0,0,22.834293,102.0,296.0,2,2,0.3434343434343434,0.6666666666666666,0
0,22,0.000103,0.0,0.0,1,1,0.0,0.5,0
0,22,6.9e-05,0.0,0.0,1,1,0.0,0.5,0
0,0,0.000243,88.0,188.0,2,2,0.4656084656084656,0.6666666666666666,0
0,5,5.717083,374.0,3603.0,8,6,0.1037735849056603,1.1428571428571428,0
0,22,4e-06,0.0,0.0,2,0,0.0,2.0,0
0,0,0.047184,82.0,248.0,2,2,0.3293172690763052,0.6666666666666666,0
1,3,63.128325,0.0,0.0,7,0,0.0,7.0,5
0,0,0.023107,51.0,112.0,1,1,0.4513274336283185,0.5,0
0,22,3e-06,0.0,0.0,2,0,0.0,2.0,0
0,5,15.449035,1217.0,4536.0,12,11,0.2682389243993828,1.0,0
0,0,9.67295,109.0,321.0,2,2,0.3385093167701863,0.6666666666666666,0
0,5,119.885001,2552.0,103620.0,57,84,0.0246282124279827,0.6705882352941176,0
0,22,0.000271,43.0,6.0,3,1,6.142857142857143,1.5,0
0,0,0.185247,148.0,162.0,4,2,0.9079754601226994,1.3333333333333333,0
0,22,4.9e-05,4.0,0.0,2,0,4.0,2.0,0
0,22,4e-06,253.0,0.0,3,0,253.0,3.0,0
0,0,0.048639,132.0,162.0,4,2,0.8098159509202454,1.3333333333333333,0
1,3,10.596319,613.0,11632.0,8,6,0.0526949196252041,1.1428571428571428,3
0,22,3e-06,0.0,0.0,2,0,0.0,2.0,0
0,0,0.00063,80.0,158.0,1,1,0.5031446540880503,0.5,0
0,0,0.048754,76.0,236.0,2,2,0.3206751054852321,0.6666666666666666,0
0,22,2.2e-05,0.0,0.0,1,1,0.0,0.5,0
0,22,0.00014,4.0,12.0,2,2,0.3076923076923077,0.6666666666666666,0
1,3,8.076283,56.0,11607.0,8,4,0.0048242591316333,1.6,2
0,3,119.044667,3210.0,4376.0,23,18,0.7333790267306374,1.2105263157894737,0
0,3,0.226514,0.0,0.0,1,1,0.0,0.5,0
1,22,4.9e-05,2.0,6.0,1,1,0.2857142857142857,0.5,10
1,3,0.168458,18.0,10946.0,8,2,0.0016442861057824,2.6666666666666665,10
0,0,0.069868,74.0,204.0,2,2,0.3609756097560975,0.6666666666666666,0
0,5,2.225869,977.0,1939.0,6,7,0.5036082474226804,0.75,0
0,22,7e-05,0.0,0.0,1,1,0.0,0.5,0
0,0,0.068994,56.0,164.0,1,1,0.3393939393939394,0.5,0
0,0,0.000142,82.0,114.0,2,2,0.7130434782608696,0.6666666666666666,0
0,13,0.095587,48.0,48.0,1,1,0.979591836734694,0.5,0
0,0,0.023551,43.0,105.0,1,1,0.4056603773584906,0.5,0
0,0,0.000169,46.0,46.0,2,2,0.9787234042553192,0.6666666666666666,0
0,0,0.048512,90.0,202.0,2,2,0.4433497536945813,0.6666666666666666,0
0,3,46.033575,493.0,2155.0,8,8,0.2286641929499072,0.8888888888888888,0
0,0,0.031169,68.0,316.0,2,2,0.2145110410094637,0.6666666666666666,0
0,5,4.543291,135.0,46.0,5,1,2.872340425531915,2.5,0
0,0,0.049635,53.0,114.0,1,1,0.4608695652173913,0.5,0
0,22,0.000587,0.0,0.0,1,1,0.0,0.5,0
0,5,0.014496,12.0,0.0,2,0,12.0,2.0,0
0,3,2.9e-05,12.0,0.0,2,0,12.0,2.0,0
0,5,118.353909,2063.0,321638.0,131,171,0.0064140231750502,0.7616279069767442,0
0,0,0.072778,51.0,159.0,1,1,0.31875,0.5,0
0,5,0.333373,974.0,7387.0,15,11,0.1318354087709799,1.25,0
0,3,46.124243,1662.0,94921.0,69,72,0.0175091127452013,0.9452054794520548,0
0,3,115.730095,658.0,710.0,16,14,0.9254571026722924,1.0666666666666669,0
0,22,3e-06,0.0,0.0,2,0,0.0,2.0,0
0,5,6.035549,358.0,6147.0,10,7,0.0582303188028627,1.25,0
0,5,17.618116,1026.0,3890.0,9,8,0.2636854279105628,1.0,0
0,0,0.000217,64.0,204.0,2,2,0.3121951219512195,0.6666666666666666,0
0,5,3e-06,0.0,0.0,2,0,0.0,2.0,0
0,22,5.3e-05,0.0,0.0,1,1,0.0,0.5,0
0,0,0.000199,84.0,204.0,2,2,0.4097560975609756,0.6666666666666666,0
0,0,0.06096,74.0,262.0,2,2,0.2813688212927757,0.6666666666666666,0
0,22,4.8e-05,37.0,6.0,2,1,5.285714285714286,1.0,0
0,0,0.048746,70.0,174.0,2,2,0.4,0.6666666666666666,0
0,3,87.24425,420.0,1766.0,12,12,0.2376910016977928,0.9230769230769232,0
0,0,0.030635,55.0,71.0,1,1,0.7638888888888888,0.5,0
0,3,4.936771,12.0,0.0,2,1,12.0,1.0,0
0,22,4e-06,0.0,0.0,2,0,0.0,2.0,0
0,0,0.12157,47.0,178.0,1,1,0.2625698324022346,0.5,0
0,3,0.31463,12.0,0.0,2,0,12.0,2.0,0
0,3,115.584991,609.0,250.0,16,14,2.4262948207171315,1.0666666666666669,0
0,0,0.097365,56.0,101.0,1,1,0.5490196078431373,0.5,0
0,5,116.285089,1013.0,600.0,20,17,1.6855241264559069,1.1111111111111112,0
0,22,7.687865,6.0,30.0,1,5,0.1935483870967742,0.1666666666666666,0
0,10,2.2e-05,3055.0,0.0,13,0,3055.0,13.0,0
0,0,0.000204,94.0,350.0,2,2,0.2678062678062678,0.6666666666666666,0
0,3,1e-06,12.0,0.0,2,0,12.0,2.0,0
0,22,1.000652,12.0,0.0,2,0,12.0,2.0,0
0,0,0.000164,66.0,98.0,2,2,0.6666666666666666,0.6666666666666666,0
0,0,0.151824,50.0,136.0,1,1,0.364963503649635,0.5,0
0,0,0.000206,64.0,158.0,2,2,0.4025157232704403,0.6666666666666666,0
0,5,5.465501,350.0,5759.0,10,6,0.0607638888888888,1.4285714285714286,0
0,22,2e-06,37.0,0.0,2,0,37.0,2.0,0
0,0,0.00017,60.0,252.0,2,2,0.2371541501976284,0.6666666666666666,0
0,5,10.692053,4487.0,15825.0,13,17,0.2835207885757614,0.7222222222222222,0
0,0,0.091011,49.0,125.0,1,1,0.3888888888888889,0.5,0
0,0,0.000168,82.0,248.0,2,2,0.3293172690763052,0.6666666666666666,0
0,0,0.000231,76.0,172.0,2,2,0.4393063583815029,0.6666666666666666,0
0,22,8.7e-05,6.0,6.0,1,1,0.8571428571428571,0.5,0
0,0,0.027453,42.0,127.0,1,1,0.328125,0.5,0
0,4,8.999735,0.0,0.0,3,0,0.0,3.0,0
0,5,11.209269,5201.0,11073.0,9,15,0.4696586599241466,0.5625,0
0,3,15.249648,18.0,0.0,3,2,18.0,1.0,0
0,0,0.149287,176.0,444.0,4,4,0.3955056179775281,0.8,0
0,0,0.077643,58.0,510.0,2,2,0.1135029354207436,0.6666666666666666,0
0,5,0.000212,43.0,0.0,3,0,43.0,3.0,0
0,0,0.00015,74.0,154.0,2,2,0.4774193548387097,0.6666666666666666,0
0,0,0.094444,136.0,182.0,4,2,0.7431693989071039,1.3333333333333333,0
0,0,0.181277,47.0,175.0,1,1,0.2670454545454545,0.5,0
0,3,55.981418,403.0,11342.0,13,13,0.0355285197919421,0.9285714285714286,0
0,5,64.065022,74.0,0.0,2,0,74.0,2.0,0
0,0,0.024125,92.0,284.0,2,2,0.3228070175438596,0.6666666666666666,0
0,5,0.891969,674.0,5444.0,7,6,0.123783287419651,1.0,0
0,0,38.818615,100.0,367.0,2,2,0.2717391304347826,0.6666666666666666,0
0,5,0.000322,46.0,0.0,4,0,46.0,4.0,0
0,0,0.000537,43.0,105.0,1,1,0.4056603773584906,0.5,0
0,5,116.520605,1709.0,18622.0,28,25,0.0917682435697793,1.0769230769230769,0
0,3,115.76882,514.0,1969.0,17,15,0.2609137055837564,1.0625,0
0,0,0.031491,68.0,182.0,2,2,0.3715846994535519,0.6666666666666666,0
0,0,0.000144,84.0,116.0,2,2,0.717948717948718,0.6666666666666666,0
0,3,116.298194,1338.0,2937.0,20,16,0.4554118447923758,1.1764705882352942,0
0,3,0.005713,12.0,0.0,2,0,12.0,2.0,0
0,0,0.033469,168.0,204.0,4,2,0.8195121951219512,1.3333333333333333,0
0,22,7.3e-05,0.0,0.0,1,2,0.0,0.3333333333333333,0
0,5,1.176411,587.0,7381.0,13,8,0.0795177458683283,1.4444444444444444,0
0,0,0.031179,76.0,160.0,2,2,0.4720496894409938,0.6666666666666666,0
0,3,5.156285,12.0,0.0,4,2,12.0,1.3333333333333333,0
0,5,0.23818,1466.0,7029.0,14,11,0.2085348506401138,1.1666666666666667,0
0,0,0.000172,90.0,166.0,2,2,0.5389221556886228,0.6666666666666666,0
0,3,90.888216,501.0,1604.0,14,14,0.3121495327102804,0.9333333333333332,0
0,0,0.000228,68.0,380.0,2,2,0.1784776902887139,0.6666666666666666,0
0,0,0.080715,76.0,196.0,2,2,0.3857868020304568,0.6666666666666666,0
0,0,0.048746,80.0,200.0,2,2,0.3980099502487562,0.6666666666666666,0
0,5,0.277457,720.0,1295.0,10,5,0.5555555555555556,1.6666666666666667,0
0,0,0.023641,72.0,328.0,2,2,0.2188449848024316,0.6666666666666666,0
0,0,0.030903,82.0,186.0,2,2,0.4385026737967914,0.6666666666666666,0
0,0,0.086037,53.0,165.0,1,1,0.3192771084337349,0.5,0
0,0,0.023468,49.0,114.0,1,1,0.4260869565217391,0.5,0
0,0,0.046625,56.0,141.0,1,1,0.3943661971830985,0.5,0
0,22,0.00022,31.0,6.0,3,1,4.428571428571429,1.5,0
0,0,0.000225,60.0,264.0,2,2,0.2264150943396226,0.6666666666666666,0
0,0,0.050076,84.0,204.0,2,2,0.4097560975609756,0.6666666666666666,0
0,0,0.00015,88.0,144.0,2,2,0.6068965517241379,0.6666666666666666,0
0,0,0.000151,66.0,98.0,2,2,0.6666666666666666,0.6666666666666666,0
0,0,0.034432,66.0,196.0,2,2,0.3350253807106599,0.6666666666666666,0
0,0,0.034612,51.0,67.0,1,1,0.75,0.5,0
0,5,61.203659,2273.0,4714.0,20,15,0.4820784729586426,1.25,0
0,0,0.048462,43.0,59.0,1,1,0.7166666666666667,0.5,0
0,22,7.8e-05,0.0,0.0,1,1,0.0,0.5,0
0,0,0.023475,43.0,59.0,1,1,0.7166666666666667,0.5,0
0,5,5.694041,1246.0,7441.0,9,10,0.1674281107229239,0.8181818181818182,0
1,4,0.99727,0.0,18.0,3,3,0.0,0.75,1
0,0,0.04842,94.0,264.0,2,2,0.3547169811320754,0.6666666666666666,0
0,3,10.861175,6299.0,1810.0,8,8,3.4781888459414687,0.8888888888888888,0
0,13,0.016437,48.0,48.0,1,1,0.979591836734694,0.5,0
0,5,5.83385,611.0,164.0,6,4,3.703030303030303,1.2,0
0,5,0.006558,0.0,0.0,2,0,0.0,2.0,0
0,0,0.038169,51.0,179.0,1,1,0.2833333333333333,0.5,0
0,0,0.000203,70.0,102.0,2,2,0.6796116504854369,0.6666666666666666,0
0,0,0.000191,70.0,230.0,2,2,0.303030303030303,0.6666666666666666,0
1,3,5.004081,451.0,11632.0,8,6,0.0387690191696037,1.1428571428571428,3
0,22,1.7e-05,507.0,0.0,13,0,507.0,13.0,0
0,0,0.181965,84.0,278.0,2,2,0.3010752688172043,0.6666666666666666,0
0,0,0.060519,68.0,193.0,1,1,0.3505154639175257,0.5,0
0,5,8.009867,74.0,0.0,2,0,74.0,2.0,0
0,22,3e-06,4.0,0.0,2,0,4.0,2.0,0
0,0,0.04701,68.0,428.0,2,2,0.1585081585081585,0.6666666666666666,0
0,22,4.3e-05,6.0,6.0,1,1,0.8571428571428571,0.5,0
0,5,0.00011,12.0,0.0,2,0,12.0,2.0,0
0,22,7.5e-05,0.0,0.0,1,2,0.0,0.3333333333333333,0
0,5,0.114584,559.0,3834.0,9,7,0.1457627118644067,1.125,0
1,3,109.852751,532.0,0.0,4,3,532.0,1.0,5
0,0,0.060528,88.0,344.0,2,2,0.2550724637681159,0.6666666666666666,0
0,22,4.9e-05,0.0,0.0,1,1,0.0,0.5,0
0,0,0.031075,92.0,348.0,2,2,0.2636103151862464,0.6666666666666666,0
0,0,0.000188,168.0,392.0,2,2,0.4274809160305343,0.6666666666666666,0
0,5,5.520816,599.0,160.0,7,3,3.720496894409938,1.75,0
0,22,7e-05,0.0,0.0,1,1,0.0,0.5,0
0,0,0.000782,86.0,198.0,2,2,0.4321608040201005,0.6666666666666666,0
0,0,0.000212,90.0,122.0,2,2,0.7317073170731707,0.6666666666666666,0
0,3,3.054515,6.0,6.0,3,3,0.8571428571428571,0.75,0
0,5,3e-06,0.0,0.0,2,0,0.0,2.0,0
0,22,0.000103,0.0,0.0,1,1,0.0,0.5,0
0,0,94.90445,99.0,219.0,2,2,0.45,0.6666666666666666,0
0,0,0.071283,44.0,93.0,1,1,0.4680851063829787,0.5,0
0,22,1.4e-05,6.0,6.0,1,1,0.8571428571428571,0.5,0
0,22,3.6e-05,0.0,0.0,1,1,0.0,0.5,0
0,0,0.001256,68.0,484.0,2,2,0.1402061855670103,0.6666666666666666,0
0,0,0.000173,76.0,202.0,2,2,0.3743842364532019,0.6666666666666666,0
0,0,0.105949,72.0,128.0,2,2,0.5581395348837209,0.6666666666666666,0
0,0,0.03073,64.0,96.0,2,2,0.6597938144329897,0.6666666666666666,0
0,5,0.000111,12.0,0.0,2,0,12.0,2.0,0
0,0,0.000296,68.0,228.0,2,2,0.296943231441048,0.6666666666666666,0
0,0,0.241783,52.0,129.0,1,1,0.4,0.5,0
0,22,1.3e-05,0.0,0.0,1,1,0.0,0.5,0
0,0,0.030857,136.0,422.0,4,2,0.3215130023640662,1.3333333333333333,0
1,3,78.815309,56.0,11601.0,8,4,0.0048267540079296,1.6,2
0,0,0.000194,168.0,392.0,2,2,0.4274809160305343,0.6666666666666666,0
0,22,0.01146,50.0,6.0,3,1,7.142857142857143,1.5,0
0,22,4.9e-05,0.0,0.0,1,1,0.0,0.5,0
0,0,0.083903,82.0,240.0,2,2,0.3402489626556016,0.6666666666666666,0
0,3,0.000114,12.0,0.0,2,0,12.0,2.0,0
0,0,0.054425,46.0,233.0,1,1,0.1965811965811965,0.5,0
0,0,0.000274,60.0,214.0,2,2,0.2790697674418604,0.6666666666666666,0
0,0,0.000169,88.0,188.0,2,2,0.4656084656084656,0.6666666666666666,0
0,0,0.031048,72.0,104.0,2,2,0.6857142857142857,0.6666666666666666,0
0,22,0.002948,0.0,0.0,2,0,0.0,2.0,0
0,0,0.047608,132.0,500.0,4,2,0.2634730538922156,1.3333333333333333,0
0,0,2.136041,115.0,251.0,2,2,0.4563492063492063,0.6666666666666666,0
0,0,0.032506,44.0,204.0,1,1,0.2146341463414634,0.5,0
0,22,3e-06,43.0,0.0,2,0,43.0,2.0,0
1,21,12.838586,1355.0,1907.0,16,17,0.710167714884696,0.8888888888888888,11
0,22,1e-06,12.0,0.0,2,0,12.0,2.0,0
0,22,12.046722,6.0,36.0,1,6,0.1621621621621621,0.1428571428571428,0
0,0,0.030795,47.0,63.0,1,1,0.734375,0.5,0
0,3,0.00997,0.0,0.0,2,0,0.0,2.0,0
0,5,3e-06,31.0,0.0,2,0,31.0,2.0,0
0,22,4.4e-05,6.0,6.0,1,1,0.8571428571428571,0.5,0
0,5,118.13993,2959.0,9248.0,18,23,0.3199264785382203,0.75,0
0,0,0.049236,49.0,77.0,1,1,0.6282051282051282,0.5,0
0,5,10.690508,9555.0,19250.0,17,26,0.4963378525790868,0.6296296296296297,0
0,5,115.20772,918.0,3431.0,22,19,0.2674825174825175,1.1,0
0,0,0.03045,52.0,80.0,1,1,0.6419753086419753,0.5,0
0,22,4e-06,37.0,0.0,2,0,37.0,2.0,0
0,0,0.000252,56.0,568.0,2,2,0.0984182776801406,0.6666666666666666,0
0,0,0.060487,62.0,274.0,2,2,0.2254545454545454,0.6666666666666666,0
0,22,0.000216,12.0,0.0,2,0,12.0,2.0,0
0,0,0.066373,70.0,234.0,2,2,0.2978723404255319,0.6666666666666666,0
0,22,1e-06,37.0,0.0,2,0,37.0,2.0,0
0,3,0.000136,12.0,0.0,2,0,12.0,2.0,0
0,0,0.105148,41.0,143.0,1,1,0.2847222222222222,0.5,0
0,5,5.506324,347.0,4610.0,8,7,0.0752548254174799,1.0,0
0,22,0.002424,12.0,0.0,2,0,12.0,2.0,0
0,22,0.000102,4.0,12.0,2,2,0.3076923076923077,0.6666666666666666,0
0,5,63.097395,3407.0,6327.0,20,14,0.5384007585335019,1.3333333333333333,0
0,5,115.787016,1152.0,5960.0,21,21,0.1932561650729743,0.9545454545454546,0
0,5,1.915536,358.0,4050.0,8,8,0.0883732411750185,0.8888888888888888,0
0,5,10.110164,1486.0,6675.0,8,9,0.2225883762732175,0.8,0
0,0,0.000152,92.0,160.0,2,2,0.5714285714285714,0.6666666666666666,0
0,0,0.031713,70.0,126.0,2,2,0.5511811023622047,0.6666666666666666,0
0,22,0.000117,114.0,12.0,2,2,8.76923076923077,0.6666666666666666,0
0,5,0.000133,43.0,0.0,3,0,43.0,3.0,0
0,5,5.132098,123.0,46.0,5,1,2.617021276595745,2.5,0
0,22,0.000103,4.0,12.0,2,2,0.3076923076923077,0.6666666666666666,0
0,22,98.454698,11613.0,62.0,5,9,184.3333333333333,0.5,0
0,0,0.000169,172.0,268.0,2,2,0.6394052044609665,0.6666666666666666,0
0,0,0.000165,82.0,152.0,2,2,0.5359477124183006,0.6666666666666666,0
0,0,0.386394,59.0,266.0,1,1,0.2209737827715356,0.5,0
0,0,0.182014,136.0,68.0,4,2,1.9710144927536235,1.3333333333333333,0
0,0,0.053821,128.0,250.0,4,2,0.5099601593625498,1.3333333333333333,0
0,5,0.000121,43.0,0.0,3,0,43.0,3.0,0
0,0,0.000173,102.0,224.0,2,2,0.4533333333333333,0.6666666666666666,0
0,5,0.63048,881.0,5832.0,12,13,0.1510372021258357,0.8571428571428571,0
0,3,9.8e-05,0.0,0.0,2,0,0.0,2.0,0
0,22,0.0001,4.0,12.0,2,2,0.3076923076923077,0.6666666666666666,0
0,0,0.060519,76.0,356.0,2,2,0.2128851540616246,0.6666666666666666,0
0,5,5.693899,385.0,3909.0,9,6,0.09846547314578,1.2857142857142858,0
0,0,0.000212,58.0,186.0,2,2,0.3101604278074866,0.6666666666666666,0
0,22,0.023387,1549.0,6.0,2,1,221.28571428571428,1.0,0
0,0,96.191785,276.0,1372.0,8,6,0.201019664967225,1.1428571428571428,0
0,0,0.032316,58.0,145.0,1,1,0.3972602739726027,0.5,0
0,0,0.090934,74.0,204.0,2,2,0.3609756097560975,0.6666666666666666,0
0,0,0.091654,74.0,178.0,2,2,0.4134078212290503,0.6666666666666666,0
0,0,0.060298,56.0,174.0,1,1,0.32,0.5,0
0,5,116.359752,1484.0,35324.0,31,38,0.0420099079971691,0.7948717948717948,0
0,0,0.023485,64.0,96.0,2,2,0.6597938144329897,0.6666666666666666,0
0,0,0.127137,136.0,312.0,4,2,0.4345047923322683,1.3333333333333333,0
0,5,116.325502,1958.0,24470.0,27,33,0.0800130767030362,0.7941176470588235,0
0,5,65.773868,717.0,111285.0,63,85,0.0064428589400283,0.7325581395348837,0
0,22,5.3e-05,6.0,6.0,1,1,0.8571428571428571,0.5,0
0,3,116.091842,357.0,7697.0,18,18,0.0463756819953234,0.9473684210526316,0
0,22,5.5e-05,6.0,6.0,1,1,0.8571428571428571,0.5,0
0,22,0.000321,12.0,0.0,2,0,12.0,2.0,0
0,0,0.000173,66.0,194.0,2,2,0.3384615384615385,0.6666666666666666,0
0,0,0.000158,64.0,120.0,2,2,0.5289256198347108,0.6666666666666666,0
0,5,0.000139,58.0,0.0,3,0,58.0,3.0,0
0,0,0.030589,39.0,94.0,1,1,0.4105263157894737,0.5,0
0,22,2e-06,37.0,0.0,2,0,37.0,2.0,0
0,3,5.891507,12.0,0.0,3,1,12.0,1.5,0
0,5,80.680206,4076.0,36444.0,31,36,0.1118397585402661,0.8378378378378378,0
0,0,2.315473,88.0,316.0,2,2,0.277602523659306,0.6666666666666666,0
0,5,0.180815,562.0,4179.0,10,9,0.1344497607655502,1.0,0
0,22,4.9e-05,12.0,0.0,2,0,12.0,2.0,0
0,5,5.988444,356.0,3897.0,9,6,0.0913288866085171,1.2857142857142858,0
0,22,6.5e-05,6.0,6.0,1,1,0.8571428571428571,0.5,0
0,13,0.016378,48.0,48.0,1,1,0.979591836734694,0.5,0
0,0,0.061073,70.0,262.0,2,2,0.2661596958174905,0.6666666666666666,0
0,3,0.000114,12.0,0.0,2,0,12.0,2.0,0
0,3,0.123011,443.0,870.0,3,4,0.5086107921928817,0.6,0
0,22,0.999468,12.0,0.0,2,0,12.0,2.0,0
1,3,85.38005,310.0,11595.0,6,6,0.0267333563297688,0.8571428571428571,4
0,22,4.8e-05,4.0,0.0,2,0,4.0,2.0,0
0,22,2.9e-05,0.0,0.0,1,1,0.0,0.5,0
0,0,0.030429,46.0,74.0,1,1,0.6133333333333333,0.5,0
0,0,0.000402,50.0,78.0,1,1,0.6329113924050633,0.5,0
0,0,0.097016,88.0,248.0,2,2,0.3534136546184739,0.6666666666666666,0
0,0,18.716203,112.0,1136.0,4,4,0.0985048372911169,0.8,0
0,0,0.138292,62.0,230.0,1,1,0.2683982683982684,0.5,0
0,0,0.023647,56.0,72.0,1,1,0.7671232876712328,0.5,0
0,0,0.046964,74.0,188.0,2,2,0.3915343915343915,0.6666666666666666,0
0,0,0.00096,68.0,142.0,2,2,0.4755244755244755,0.6666666666666666,0
0,0,0.000194,80.0,112.0,2,2,0.7079646017699115,0.6666666666666666,0
0,5,115.822912,2287.0,4536.0,23,22,0.5040775843068107,1.0,0
0,0,0.030366,41.0,57.0,1,1,0.7068965517241379,0.5,0
0,5,117.584994,624.0,4386.0,13,14,0.1422384317301117,0.8666666666666667,0
0,3,0.038375,0.0,0.0,1,1,0.0,0.5,0
0,22,6.9e-05,0.0,0.0,1,1,0.0,0.5,0
0,0,0.000178,84.0,116.0,2,2,0.717948717948718,0.6666666666666666,0
0,5,4.413711,123.0,46.0,5,1,2.617021276595745,2.5,0
0,5,3e-06,12.0,0.0,2,0,12.0,2.0,0
0,5,61.513717,1626.0,17139.0,22,22,0.0948658109684947,0.9565217391304348,0
0,0,0.049958,44.0,60.0,1,1,0.7213114754098361,0.5,0
0,22,5.3e-05,4.0,12.0,2,2,0.3076923076923077,0.6666666666666666,0
0,22,2e-06,4.0,0.0,2,0,4.0,2.0,0
0,0,0.069736,59.0,317.0,1,1,0.1855345911949685,0.5,0
0,5,0.43213,939.0,3026.0,12,7,0.3102081268582755,1.5,0
0,5,0.122345,356.0,3782.0,6,6,0.0941052075072693,0.8571428571428571,0
0,0,57.399938,139.0,205.0,2,2,0.6747572815533981,0.6666666666666666,0
0,0,0.000425,58.0,139.0,1,1,0.4142857142857143,0.5,0
0,5,0.043496,6.0,292.0,1,4,0.0204778156996587,0.2,0
0,0,0.230905,64.0,636.0,2,2,0.1004709576138147,0.6666666666666666,0
0,5,65.824088,10982.0,32399.0,62,81,0.3389506172839506,0.7560975609756098,0
0,0,0.060973,116.0,136.0,4,2,0.8467153284671532,1.3333333333333333,0
0,5,2.554953,574.0,188.0,4,6,3.037037037037037,0.5714285714285714,0
0,0,0.107678,184.0,540.0,4,2,0.3401109057301293,1.3333333333333333,0
0,0,0.071142,72.0,286.0,2,2,0.2508710801393728,0.6666666666666666,0
0,0,0.045506,62.0,188.0,2,2,0.328042328042328,0.6666666666666666,0
0,5,116.910063,1751.0,15754.0,30,27,0.1111393208505236,1.0714285714285714,0
0,0,0.000247,72.0,246.0,2,2,0.291497975708502,0.6666666666666666,0
0,5,8.102208,1069.0,3185.0,8,6,0.3355304456999372,1.1428571428571428,0
1,21,6.4e-05,0.0,0.0,1,1,0.0,0.5,11
0,0,0.000152,66.0,172.0,2,2,0.3815028901734104,0.6666666666666666,0
0,0,0.026744,70.0,290.0,2,2,0.2405498281786941,0.6666666666666666,0
1,3,34.748483,323.0,11595.0,7,5,0.0278544325629527,1.1666666666666667,4
0,22,2.4e-05,0.0,0.0,1,1,0.0,0.5,0
0,0,0.030534,49.0,125.0,1,1,0.3888888888888889,0.5,0
0,0,0.096588,68.0,494.0,2,2,0.1373737373737373,0.6666666666666666,0
0,22,2.4e-05,6.0,6.0,1,1,0.8571428571428571,0.5,0
0,0,0.049792,96.0,148.0,2,2,0.6442953020134228,0.6666666666666666,0
0,5,0.000271,0.0,0.0,2,0,0.0,2.0,0
0,5,0.309574,537.0,4201.0,13,9,0.1277962874821513,1.3,0
0,22,4.9e-05,31.0,0.0,3,0,31.0,3.0,0
0,0,0.048522,48.0,64.0,1,1,0.7384615384615385,0.5,0
0,0,0.06083,53.0,166.0,1,1,0.3173652694610778,0.5,0
0,0,0.03038,42.0,114.0,1,1,0.3652173913043478,0.5,0
0,0,0.000167,96.0,344.0,2,2,0.2782608695652174,0.6666666666666666,0
0,0,0.000188,168.0,392.0,2,2,0.4274809160305343,0.6666666666666666,0
0,3,5.303622,12.0,0.0,3,1,12.0,1.5,0
1,3,2.120956,30.0,0.0,5,0,30.0,5.0,2
0,3,13.875557,18534.0,14671.0,15,21,1.2632224645583423,0.6818181818181818,0
0,0,0.048081,96.0,128.0,2,2,0.7441860465116279,0.6666666666666666,0
0,0,0.030947,156.0,266.0,4,2,0.5842696629213483,1.3333333333333333,0
0,0,0.049109,152.0,332.0,4,2,0.4564564564564564,1.3333333333333333,0
0,22,4.921616,6.0,30.0,1,5,0.1935483870967742,0.1666666666666666,0
0,0,0.000237,68.0,158.0,2,2,0.4276729559748428,0.6666666666666666,0
0,5,61.24539,1287.0,6303.0,19,15,0.2041560913705583,1.1875,0
0,18,1.5e-05,6.0,6.0,1,1,0.8571428571428571,0.5,0
0,22,0.00073,0.0,0.0,1,1,0.0,0.5,0
0,3,5.999382,0.0,0.0,3,1,0.0,1.5,0
0,4,0.996935,0.0,18.0,3,3,0.0,0.75,0
0,0,0.048501,144.0,240.0,4,2,0.5975103734439834,1.3333333333333333,0
0,22,6.8e-05,0.0,0.0,1,1,0.0,0.5,0
0,0,0.031617,68.0,242.0,2,2,0.279835390946502,0.6666666666666666,0
0,5,0.10854,790.0,511.0,10,5,1.54296875,1.6666666666666667,0
0,5,0.000111,12.0,0.0,2,0,12.0,2.0,0
0,22,3e-06,0.0,0.0,2,0,0.0,2.0,0
0,3,0.030188,6.0,6.0,1,1,0.8571428571428571,0.5,0
0,5,5.376729,599.0,160.0,7,3,3.720496894409938,1.75,0
0,0,0.000372,70.0,218.0,2,2,0.319634703196347,0.6666666666666666,0
0,0,0.199379,88.0,108.0,4,2,0.8073394495412844,1.3333333333333333,0
0,0,0.023508,76.0,172.0,1,1,0.4393063583815029,0.5,0
0,22,0.215502,0.0,18.0,2,3,0.0,0.5,0
0,22,0.99935,12.0,0.0,2,0,12.0,2.0,0
0,5,111.101919,1104.0,38951.0,32,41,0.0283425754775107,0.7619047619047619,0
0,22,0.000207,31.0,6.0,2,1,4.428571428571429,1.0,0
0,22,0.007377,58406.0,6.0,28,1,8343.714285714286,14.0,0
0,22,3e-06,0.0,0.0,2,0,0.0,2.0,0
0,0,0.150393,66.0,354.0,2,2,0.1859154929577464,0.6666666666666666,0
0,22,0.000369,12.0,0.0,2,0,12.0,2.0,0
0,5,1.233815,1573.0,3999.0,9,8,0.39325,1.0,0
0,0,0.000209,60.0,264.0,2,2,0.2264150943396226,0.6666666666666666,0
0,3,12.909955,1451.0,3856.0,8,7,0.3761991184858698,1.0,0
0,11,1.504806,1950.0,0.0,39,0,1950.0,39.0,0
0,0,0.076389,64.0,256.0,2,2,0.2490272373540856,0.6666666666666666,0
0,0,0.034307,60.0,88.0,1,1,0.6741573033707865,0.5,0
0,22,9.5e-05,6.0,6.0,1,1,0.8571428571428571,0.5,0
0,22,6e-05,6.0,6.0,1,1,0.8571428571428571,0.5,0
0,22,0.000171,0.0,0.0,1,3,0.0,0.25,0
0,0,0.023295,58.0,145.0,1,1,0.3972602739726027,0.5,0
0,5,118.861022,2120.0,4801.0,28,29,0.4414827155351937,0.9333333333333332,0
0,0,0.060528,72.0,224.0,2,2,0.32,0.6666666666666666,0
0,0,0.000173,62.0,94.0,2,2,0.6526315789473685,0.6666666666666666,0
0,0,0.030964,224.0,276.0,4,2,0.8086642599277978,1.3333333333333333,0
0,22,2.4e-05,6.0,6.0,1,1,0.8571428571428571,0.5,0
0,0,0.000452,56.0,476.0,2,2,0.1174004192872117,0.6666666666666666,0
0,5,0.000111,12.0,0.0,2,0,12.0,2.0,0
0,0,23.444142,94.0,155.0,2,2,0.6025641025641025,0.6666666666666666,0
0,5,0.024597,6.0,6.0,1,1,0.8571428571428571,0.5,0
0,5,8.2e-05,0.0,0.0,2,0,0.0,2.0,0
0,0,0.030705,52.0,120.0,1,1,0.4297520661157025,0.5,0
0,0,0.000171,102.0,158.0,2,2,0.6415094339622641,0.6666666666666666,0
0,3,4.0407,448.0,1774.0,4,5,0.2523943661971831,0.6666666666666666,0
0,0,0.024821,80.0,136.0,2,2,0.583941605839416,0.6666666666666666,0
0,5,118.360672,18576.0,2557317.0,945,1411,0.0072638600283578,0.6692634560906515,0
0,5,113.854013,937.0,860.0,16,14,1.0882694541231126,1.0666666666666669,0
0,0,0.000209,94.0,228.0,2,2,0.4104803493449782,0.6666666666666666,0
0,22,2e-06,12.0,0.0,2,0,12.0,2.0,0
1,4,0.07561,210.0,134.0,4,3,1.5555555555555556,1.0,1
0,0,0.048887,52.0,111.0,1,1,0.4642857142857143,0.5,0
0,3,0.00023,12.0,0.0,2,0,12.0,2.0,0
0,0,0.039712,74.0,444.0,2,2,0.1662921348314607,0.6666666666666666,0
1,3,4.5e-05,8.0,0.0,1,1,8.0,0.5,6
0,0,0.000185,66.0,98.0,2,2,0.6666666666666666,0.6666666666666666,0
0,5,65.094852,1134.0,565.0,14,11,2.0035335689045937,1.1666666666666667,0
0,0,0.000201,80.0,336.0,2,2,0.2373887240356083,0.6666666666666666,0
0,3,5.109399,12.0,0.0,3,1,12.0,1.5,0
0,11,4.7e-05,124.0,0.0,2,0,124.0,2.0,0
0,22,0.844449,6.0,30.0,1,5,0.1935483870967742,0.1666666666666666,0
0,22,3e-06,12.0,0.0,2,0,12.0,2.0,0
0,0,0.023825,72.0,136.0,1,1,0.5255474452554745,0.5,0
0,21,0.000163,0.0,0.0,1,1,0.0,0.5,0
0,0,0.060121,164.0,240.0,4,2,0.6804979253112033,1.3333333333333333,0
0,19,0.000151,49.0,0.0,3,0,49.0,3.0,0
0,0,0.060557,76.0,172.0,2,2,0.4393063583815029,0.6666666666666666,0
0,5,0.186756,1361.0,111633.0,54,64,0.0121916262070695,0.8307692307692308,0
0,0,0.217574,52.0,148.0,1,1,0.348993288590604,0.5,0
0,0,0.023509,47.0,175.0,1,1,0.2670454545454545,0.5,0
0,0,0.030817,58.0,232.0,2,2,0.2489270386266094,0.6666666666666666,0
0,0,79.753255,91.0,222.0,2,2,0.4080717488789238,0.6666666666666666,0
0,5,50.762181,846.0,7266.0,13,9,0.1164166781340305,1.3,0
0,5,15.337021,5114.0,5079.0,11,10,1.006692913385827,1.0,0
0,5,30.442927,688.0,5143.0,10,10,0.1337480559875583,0.9090909090909092,0
0,3,35.750395,30.0,0.0,5,4,30.0,1.0,0
0,0,0.031129,85.0,169.0,1,1,0.5,0.5,0
0,5,115.483941,749.0,14247.0,24,24,0.0525687815833801,0.96,0
0,22,4e-06,4.0,0.0,2,0,4.0,2.0,0
0,0,0.000186,68.0,158.0,2,2,0.4276729559748428,0.6666666666666666,0
0,22,0.000526,2810.0,2868.0,7,4,0.9794353433252004,1.4,0
0,5,0.000119,6.0,0.0,1,1,6.0,0.5,0
0,0,0.054144,61.0,111.0,1,1,0.5446428571428571,0.5,0
0,0,0.023806,49.0,130.0,1,1,0.3740458015267175,0.5,0
0,5,5.5e-05,0.0,0.0,2,0,0.0,2.0,0
0,3,6.28113,0.0,0.0,4,2,0.0,1.3333333333333333,0
0,0,0.02318,43.0,59.0,1,1,0.7166666666666667,0.5,0
0,22,7.4e-05,6.0,6.0,1,1,0.8571428571428571,0.5,0
0,0,0.121778,62.0,170.0,2,2,0.3625730994152046,0.6666666666666666,0
0,3,0.049185,418.0,917.0,5,3,0.4553376906318083,1.25,0
0,5,5.871862,384.0,4080.0,9,6,0.0940945846606224,1.2857142857142858,0
0,0,0.000143,68.0,100.0,2,2,0.6732673267326733,0.6666666666666666,0
0,0,0.001119,74.0,494.0,2,2,0.1494949494949495,0.6666666666666666,0
0,5,0.000157,0.0,0.0,1,1,0.0,0.5,0
0,0,0.000158,84.0,116.0,2,2,0.717948717948718,0.6666666666666666,0
0,0,0.000268,92.0,216.0,2,2,0.423963133640553,0.6666666666666666,0
0,22,0.000728,0.0,0.0,1,1,0.0,0.5,0
0,4,8.990045,0.0,0.0,3,0,0.0,3.0,0
0,0,41.288276,125.0,235.0,2,2,0.5296610169491526,0.6666666666666666,0
0,0,30.758126,125.0,196.0,2,2,0.6345177664974619,0.6666666666666666,0
0,0,0.031304,80.0,336.0,2,2,0.2373887240356083,0.6666666666666666,0
0,3,5.314723,457.0,1238.0,4,4,0.3688458434221146,0.8,0
0,0,0.067055,41.0,169.0,1,1,0.2411764705882353,0.5,0
0,3,115.321611,614.0,46591.0,36,40,0.013178228021978,0.8780487804878049,0
0,5,0.090218,678.0,463.0,10,5,1.4612068965517242,1.6666666666666667,0
0,1,7e-05,6.0,12.0,1,2,0.4615384615384615,0.3333333333333333,0
0,0,0.000182,88.0,188.0,2,2,0.4656084656084656,0.6666666666666666,0
0,22,4.9e-05,6.0,6.0,1,1,0.8571428571428571,0.5,0
0,22,6.7e-05,0.0,0.0,1,1,0.0,0.5,0
0,5,4.052656,1436.0,4679.0,8,8,0.3068376068376068,0.8888888888888888,0
0,22,0.000132,0.0,0.0,1,1,0.0,0.5,0
1,3,3.000346,0.0,0.0,3,0,0.0,3.0,6
0,13,0.084944,48.0,48.0,1,1,0.979591836734694,0.5,0
0,0,0.000821,64.0,96.0,2,2,0.6597938144329897,0.6666666666666666,0
0,5,0.158578,871.0,60240.0,31,41,0.0144585913248452,0.7380952380952381,0
0,0,0.000197,64.0,96.0,2,2,0.6597938144329897,0.6666666666666666,0
0,22,4e-06,12.0,0.0,2,0,12.0,2.0,0
0,5,0.77524,5759.0,16096.0,11,12,0.3577685282971982,0.8461538461538461,0
0,22,7.3e-05,6.0,24.0,1,4,0.24,0.2,0
0,22,7.513887,6.0,30.0,1,5,0.1935483870967742,0.1666666666666666,0
0,0,0.000166,62.0,94.0,2,2,0.6526315789473685,0.6666666666666666,0
0,3,1.9e-05,12.0,0.0,2,0,12.0,2.0,0
0,0,0.214348,74.0,266.0,2,2,0.2771535580524344,0.6666666666666666,0
0,0,0.000188,168.0,392.0,2,2,0.4274809160305343,0.6666666666666666,0
0,5,9.249753,1063.0,21244.0,15,20,0.0500353024240997,0.7142857142857143,0
0,5,118.169172,1448.0,4744.0,21,19,0.3051633298208641,1.05,0
0,0,0.03042,50.0,66.0,1,1,0.746268656716418,0.5,0
0,22,8.057236,6.0,30.0,1,5,0.1935483870967742,0.1666666666666666,0
0,0,0.00021,84.0,162.0,2,2,0.5153374233128835,0.6666666666666666,0
0,22,6.6e-05,0.0,0.0,1,1,0.0,0.5,0
0,5,61.684249,3767.0,7598.0,23,17,0.4957231214633504,1.2777777777777777,0
0,22,3.3e-05,31.0,6.0,2,1,4.428571428571429,1.0,0
0,22,3.1e-05,0.0,0.0,1,1,0.0,0.5,0
0,22,5e-06,43.0,0.0,3,0,43.0,3.0,0
0,3,119.998201,199.0,1632.0,5,3,0.121861604409063,1.25,0
0,5,0.387762,883.0,3567.0,13,10,0.2474775784753363,1.181818181818182,0
0,5,0.685897,984.0,4240.0,18,11,0.2320207498231549,1.5,0
0,0,0.047415,68.0,428.0,2,2,0.1585081585081585,0.6666666666666666,0
0,5,64.092647,0.0,0.0,2,0,0.0,2.0,0
0,0,0.063806,63.0,95.0,1,1,0.65625,0.5,0
0,5,0.000147,12.0,0.0,2,0,12.0,2.0,0
0,5,0.401898,2076.0,155937.0,70,117,0.0133129833651835,0.5932203389830508,0
0,0,0.044685,70.0,182.0,2,2,0.3825136612021858,0.6666666666666666,0
0,0,0.000315,64.0,204.0,2,2,0.3121951219512195,0.6666666666666666,0
0,5,0.028464,6.0,6.0,1,1,0.8571428571428571,0.5,0
0,3,115.48491,969.0,8173.0,19,19,0.1185466112062637,0.95,0
0,0,0.000182,80.0,112.0,2,2,0.7079646017699115,0.6666666666666666,0
0,3,116.03105,1595.0,612.0,18,15,2.601957585644372,1.125,0
1,3,15.977944,341.0,11632.0,9,6,0.029313160835554,1.2857142857142858,3
0,0,0.076771,54.0,122.0,1,1,0.4390243902439024,0.5,0
0,3,5.705886,0.0,0.0,3,1,0.0,1.5,0
0,22,0.00113,6.0,24.0,1,4,0.24,0.2,0
0,0,0.05065,98.0,154.0,2,2,0.632258064516129,0.6666666666666666,0
0,0,0.000226,64.0,196.0,2,2,0.3248730964467005,0.6666666666666666,0
0,19,1.9e-05,37.0,0.0,2,0,37.0,2.0,0
0,22,0.063387,0.0,0.0,2,3,0.0,0.5,0
0,5,0.098564,0.0,0.0,1,1,0.0,0.5,0
0,0,0.000219,76.0,196.0,2,2,0.3857868020304568,0.6666666666666666,0
0,22,0.083944,285.0,6.0,5,1,40.71428571428572,2.5,0
0,0,0.000263,54.0,438.0,2,2,0.123006833712984,0.6666666666666666,0
0,22,8.9e-05,6.0,6.0,1,1,0.8571428571428571,0.5,0
0,0,0.030742,43.0,171.0,1,1,0.25,0.5,0
0,5,60.489666,1359.0,1583.0,7,3,0.8579545454545454,1.75,0
0,22,0.00032,31.0,0.0,3,0,31.0,3.0,0
0,5,0.000195,0.0,0.0,2,0,0.0,2.0,0
0,5,0.063695,121.0,3110.0,5,4,0.0388942462230793,1.0,0
1,3,0.197126,163.0,456.0,6,5,0.3566739606126914,1.0,10
0,0,0.03042,55.0,71.0,1,1,0.7638888888888888,0.5,0
0,3,5.544997,532.0,1402.0,4,5,0.3791874554526016,0.6666666666666666,0
0,3,2.270582,6.0,6.0,2,2,0.8571428571428571,0.6666666666666666,0
0,5,63.775716,187.0,92.0,7,2,2.010752688172043,2.333333333333333,0
1,3,102.995879,0.0,0.0,2,0,0.0,2.0,3
0,22,8.1e-05,0.0,0.0,1,2,0.0,0.3333333333333333,0
0,22,2.503813,6.0,36.0,1,6,0.1621621621621621,0.1428571428571428,0
0,22,80.275295,5966.0,6124.0,32,16,0.9740408163265306,1.8823529411764703,0
0,0,0.031636,62.0,230.0,2,2,0.2683982683982684,0.6666666666666666,0
0,5,48.530372,615.0,447.0,10,5,1.3727678571428572,1.6666666666666667,0
0,3,5.387228,0.0,0.0,4,2,0.0,1.3333333333333333,0
0,5,18.125366,2041.0,223503.0,64,129,0.0091318276182976,0.4923076923076923,0
0,0,0.030737,56.0,120.0,2,2,0.4628099173553719,0.6666666666666666,0
0,0,0.199438,68.0,182.0,2,2,0.3715846994535519,0.6666666666666666,0
0,0,0.061086,76.0,172.0,2,2,0.4393063583815029,0.6666666666666666,0
0,0,0.000209,64.0,226.0,2,2,0.2819383259911894,0.6666666666666666,0
0,22,1e-06,0.0,0.0,2,0,0.0,2.0,0
0,5,111.52419,2243.0,5833.0,24,24,0.3844703462461433,0.96,0
0,22,0.000218,0.0,0.0,2,0,0.0,2.0,0
0,22,0.000224,43.0,6.0,3,1,6.142857142857143,1.5,0
0,0,0.000182,98.0,130.0,2,2,0.7480916030534351,0.6666666666666666,0
0,3,5.437006,0.0,0.0,3,1,0.0,1.5,0
0,5,5.258361,351.0,3076.0,8,5,0.114072148196295,1.3333333333333333,0
0,5,1e-06,12.0,0.0,2,0,12.0,2.0,0
0,0,0.062529,136.0,250.0,4,2,0.5418326693227091,1.3333333333333333,0
0,22,4.6e-05,0.0,0.0,1,1,0.0,0.5,0
0,0,0.131198,60.0,208.0,2,2,0.2870813397129186,0.6666666666666666,0
0,5,10.323431,1234.0,4288.0,11,12,0.2877127535556074,0.8461538461538461,0
0,3,0.03261,0.0,0.0,1,1,0.0,0.5,0
0,0,0.024211,42.0,133.0,1,1,0.3134328358208955,0.5,0
0,0,0.028426,68.0,182.0,2,2,0.3715846994535519,0.6666666666666666,0
0,5,1.543142,12.0,0.0,2,0,12.0,2.0,0
0,0,6.031589,224.0,512.0,6,6,0.4366471734892787,0.8571428571428571,0
0,5,0.174411,1337.0,3103.0,13,6,0.4307345360824742,1.8571428571428568,0
0,0,0.000193,64.0,96.0,2,2,0.6597938144329897,0.6666666666666666,0
0,11,2.2e-05,650.0,0.0,13,0,650.0,13.0,0
0,0,0.096113,40.0,266.0,1,1,0.149812734082397,0.5,0
0,0,0.177548,86.0,186.0,2,2,0.4598930481283422,0.6666666666666666,0
1,3,0.164678,156.0,181.0,5,5,0.8571428571428571,0.8333333333333334,10
0,0,0.025342,43.0,107.0,1,1,0.3981481481481481,0.5,0
0,0,10.871937,450.0,90.0,10,2,4.945054945054945,3.333333333333333,0
0,5,4.812611,135.0,46.0,5,1,2.872340425531915,2.5,0
0,0,0.001066,66.0,98.0,2,2,0.6666666666666666,0.6666666666666666,0
0,0,0.030516,61.0,77.0,1,1,0.782051282051282,0.5,0
0,5,115.729317,816.0,5452.0,23,20,0.1496423986796259,1.0952380952380951,0
0,3,5.994053,0.0,0.0,3,1,0.0,1.5,0
0,0,0.000174,106.0,202.0,2,2,0.5221674876847291,0.6666666666666666,0
0,0,0.000236,84.0,362.0,2,2,0.2314049586776859,0.6666666666666666,0
0,0,0.060429,58.0,282.0,1,1,0.2049469964664311,0.5,0
0,22,2.4e-05,6.0,6.0,1,1,0.8571428571428571,0.5,0
0,22,3.4e-05,0.0,0.0,1,1,0.0,0.5,0
0,22,1e-06,37.0,0.0,2,0,37.0,2.0,0
0,5,0.287196,2607.0,3543.0,6,6,0.7356094808126411,0.8571428571428571,0
0,5,5.275525,378.0,2846.0,8,5,0.1327713382507903,1.3333333333333333,0
0,22,2.2e-05,6.0,6.0,1,1,0.8571428571428571,0.5,0
0,22,4e-06,4.0,0.0,2,0,4.0,2.0,0
0,5,5.547734,599.0,137.0,6,3,4.340579710144928,1.5,0
0,0,0.000135,50.0,82.0,2,2,0.6024096385542169,0.6666666666666666,0
0,5,0.823577,949.0,4783.0,6,8,0.1983695652173913,0.6666666666666666,0
1,21,0.00011,0.0,0.0,1,1,0.0,0.5,11
0,3,62.580253,1488.0,150546.0,91,125,0.0098839565052774,0.7222222222222222,0
0,3,116.246283,648.0,606.0,16,14,1.067545304777595,1.0666666666666669,0
1,3,63.123827,0.0,0.0,7,0,0.0,7.0,5
0,22,7.4e-05,6.0,6.0,1,1,0.8571428571428571,0.5,0
0,0,1.143522,48.0,142.0,1,1,0.3356643356643357,0.5,0
0,0,0.037526,60.0,206.0,2,2,0.2898550724637681,0.6666666666666666,0
0,0,0.028033,40.0,56.0,1,1,0.7017543859649122,0.5,0
0,0,0.030852,51.0,113.0,1,1,0.4473684210526316,0.5,0
0,22,1.9e-05,6.0,6.0,1,1,0.8571428571428571,0.5,0
0,3,115.339788,434.0,1963.0,17,15,0.2209775967413442,1.0625,0
0,3,10.508994,291.0,8582.0,6,8,0.0339042292904578,0.6666666666666666,0
0,3,116.457404,1755.0,95486.0,54,64,0.0183794652675233,0.8307692307692308,0
0,22,1e-06,4.0,0.0,2,0,4.0,2.0,0
0,22,5e-05,6.0,6.0,1,1,0.8571428571428571,0.5,0
0,22,4e-06,4.0,0.0,2,0,4.0,2.0,0
0,5,6.024109,371.0,4369.0,8,6,0.0848970251716247,1.1428571428571428,0
0,5,0.053913,6.0,12.0,1,2,0.4615384615384615,0.3333333333333333,0
0,22,0.0001,0.0,18.0,1,3,0.0,0.25,0
0,0,0.090352,136.0,250.0,4,2,0.5418326693227091,1.3333333333333333,0
0,5,5.178803,339.0,7221.0,11,9,0.0469399058432567,1.1,0
0,22,0.103665,0.0,18.0,2,3,0.0,0.5,0
0,0,0.024687,68.0,282.0,2,2,0.2402826855123674,0.6666666666666666,0
0,22,0.000103,6.0,6.0,1,1,0.8571428571428571,0.5,0
0,0,0.060663,47.0,79.0,1,1,0.5875,0.5,0
0,10,2.5e-05,2808.0,0.0,13,0,2808.0,13.0,0
0,5,12.809383,2820.0,22183.0,20,30,0.1271186440677966,0.6451612903225806,0
0,0,0.084424,140.0,332.0,4,4,0.4204204204204204,0.8,0
0,0,0.001037,42.0,125.0,1,1,0.3333333333333333,0.5,0
1,3,84.989263,375.0,11595.0,8,4,0.0323387374956881,1.6,4
0,22,0.458806,11607.0,26.0,6,2,429.8888888888889,2.0,0
0,0,0.265375,68.0,216.0,2,2,0.3133640552995391,0.6666666666666666,0
0,22,9.7e-05,4.0,12.0,2,2,0.3076923076923077,0.6666666666666666,0
0,5,48.052181,1551.0,45438.0,26,40,0.034133673716411,0.6341463414634146,0
0,0,0.04617,52.0,116.0,1,1,0.4444444444444444,0.5,0
0,3,0.015176,6.0,6.0,1,1,0.8571428571428571,0.5,0
0,3,0.000162,12.0,0.0,2,0,12.0,2.0,0
0,0,25.916872,106.0,312.0,2,2,0.3386581469648562,0.6666666666666666,0
1,3,84.911122,381.0,11595.0,6,7,0.0328561572956191,0.75,4
0,3,5.920151,12.0,0.0,3,1,12.0,1.5,0
0,5,25.19809,1998.0,6891.0,16,13,0.2899013348810215,1.1428571428571428,0
1,4,0.058821,210.0,134.0,4,3,1.5555555555555556,1.0,1
0,0,0.000211,90.0,122.0,2,2,0.7317073170731707,0.6666666666666666,0
0,0,0.000251,82.0,254.0,2,2,0.3215686274509804,0.6666666666666666,0
0,0,2.901719,115.0,339.0,2,2,0.3382352941176471,0.6666666666666666,0
0,5,0.005203,53.0,0.0,3,0,53.0,3.0,0
0,5,5.679182,635.0,168.0,7,4,3.757396449704142,1.4,0
0,0,0.02341,47.0,63.0,1,1,0.734375,0.5,0
0,0,0.094873,80.0,236.0,2,2,0.3375527426160337,0.6666666666666666,0
0,0,0.060673,41.0,191.0,1,1,0.2135416666666666,0.5,0
0,5,61.226481,2461.0,4276.0,15,15,0.5754033200841712,0.9375,0
0,22,4e-06,0.0,0.0,1,1,0.0,0.5,0
0,0,0.000212,76.0,180.0,2,2,0.4198895027624309,0.6666666666666666,0
0,5,0.150467,1619.0,799.0,10,5,2.02375,1.6666666666666667,0
0,0,0.030627,61.0,122.0,1,1,0.4959349593495935,0.5,0
0,0,0.076988,62.0,90.0,1,1,0.6813186813186813,0.5,0
0,21,1.275617,2728.0,6634.0,41,42,0.4111529766390354,0.9534883720930232,0
0,0,0.000152,74.0,138.0,2,2,0.5323741007194245,0.6666666666666666,0
0,0,0.182448,62.0,94.0,2,2,0.6526315789473685,0.6666666666666666,0
0,22,5.9e-05,0.0,0.0,1,1,0.0,0.5,0
0,0,0.031004,168.0,284.0,4,2,0.5894736842105263,1.3333333333333333,0
0,22,3.6e-05,0.0,0.0,1,1,0.0,0.5,0
0,0,0.048052,86.0,200.0,2,2,0.4278606965174129,0.6666666666666666,0
0,22,4.1e-05,6.0,6.0,1,1,0.8571428571428571,0.5,0
0,5,0.258584,1084.0,35129.0,23,30,0.0308568175348704,0.7419354838709677,0
0,5,0.000151,0.0,0.0,2,0,0.0,2.0,0
0,0,0.03145,82.0,152.0,2,2,0.5359477124183006,0.6666666666666666,0
0,22,5e-05,0.0,0.0,2,1,0.0,1.0,0
0,0,0.00021,74.0,178.0,2,2,0.4134078212290503,0.6666666666666666,0
0,0,0.000173,76.0,154.0,2,2,0.4903225806451612,0.6666666666666666,0
0,0,0.000224,104.0,220.0,2,2,0.4705882352941176,0.6666666666666666,0
0,3,44.462454,0.0,0.0,6,5,0.0,1.0,0
0,5,2.033561,1525.0,1086.0,7,6,1.4029438822447102,1.0,0
0,0,0.218069,80.0,280.0,2,2,0.2846975088967972,0.6666666666666666,0
0,0,0.032069,66.0,386.0,2,2,0.1705426356589147,0.6666666666666666,0
0,3,5.570553,0.0,0.0,3,1,0.0,1.5,0
0,5,117.346303,1062.0,4786.0,14,12,0.221850846041362,1.0769230769230769,0
0,0,0.000197,86.0,162.0,2,2,0.5276073619631901,0.6666666666666666,0
0,5,83.931014,5153.0,5621.0,23,20,0.916577730345073,1.0952380952380951,0
0,5,6.5e-05,12.0,0.0,2,0,12.0,2.0,0
0,5,115.397255,965.0,5922.0,22,20,0.1629241938206989,1.0476190476190477,0
0,0,0.000185,78.0,256.0,2,2,0.3035019455252918,0.6666666666666666,0
1,1,0.000248,14.0,0.0,2,1,14.0,1.0,7
0,0,0.061816,94.0,350.0,2,2,0.2678062678062678,0.6666666666666666,0
0,5,0.000155,65.0,0.0,3,0,65.0,3.0,0
0,5,117.580957,1492.0,5992.0,16,14,0.2489571166360754,1.0666666666666669,0
0,3,0.000881,12.0,0.0,2,0,12.0,2.0,0
0,0,0.000263,74.0,178.0,2,2,0.4134078212290503,0.6666666666666666,0
0,0,13.625399,108.0,108.0,4,4,0.9908256880733946,0.8,0
0,0,0.065818,88.0,204.0,2,2,0.4292682926829268,0.6666666666666666,0
0,3,0.112855,419.0,5817.0,5,5,0.0720178755586112,0.8333333333333334,0
0,5,5.879293,386.0,3939.0,8,6,0.0979695431472081,1.1428571428571428,0
0,0,0.023715,44.0,108.0,2,2,0.4036697247706422,0.6666666666666666,0
0,22,0.000113,4.0,12.0,2,2,0.3076923076923077,0.6666666666666666,0
0,0,0.000271,92.0,258.0,2,2,0.3552123552123552,0.6666666666666666,0
0,0,0.00036,63.0,128.0,1,1,0.4883720930232558,0.5,0
0,3,0.055682,12.0,0.0,2,0,12.0,2.0,0
1,3,11.872818,421.0,3525.0,5,5,0.1193987521270561,0.8333333333333334,3
0,0,0.000289,94.0,220.0,2,2,0.4253393665158371,0.6666666666666666,0
0,0,0.000202,90.0,158.0,2,2,0.5660377358490566,0.6666666666666666,0
0,3,89.008023,421.0,330.0,11,9,1.2719033232628398,1.1,0
0,22,0.00024,0.0,0.0,1,2,0.0,0.3333333333333333,0
0,0,0.000209,70.0,102.0,2,2,0.6796116504854369,0.6666666666666666,0
0,5,0.094932,0.0,0.0,1,1,0.0,0.5,0
0,0,0.024352,68.0,484.0,2,2,0.1402061855670103,0.6666666666666666,0
0,0,0.060409,66.0,246.0,2,2,0.2672064777327935,0.6666666666666666,0
0,5,5.57798,367.0,3710.0,9,6,0.0988951765022904,1.2857142857142858,0
0,5,5.142795,135.0,46.0,5,1,2.872340425531915,2.5,0
0,22,4.7e-05,4.0,0.0,2,0,4.0,2.0,0
0,0,0.049219,101.0,117.0,1,1,0.8559322033898306,0.5,0
0,5,94.145251,558.0,350.0,10,10,1.5897435897435896,0.9090909090909092,0
0,0,0.063065,50.0,99.0,1,1,0.5,0.5,0
0,0,0.030592,45.0,77.0,1,1,0.5769230769230769,0.5,0
0,3,1.743903,441.0,871.0,4,5,0.5057339449541285,0.6666666666666666,0
0,0,0.031135,68.0,158.0,2,2,0.4276729559748428,0.6666666666666666,0
0,5,1.224525,800.0,698.0,6,8,1.1444921316165952,0.6666666666666666,0
0,3,5.350392,12.0,2.0,3,1,4.0,1.5,0
0,0,0.000197,94.0,350.0,2,2,0.2678062678062678,0.6666666666666666,0
0,5,4.352844,135.0,92.0,6,2,1.4516129032258065,2.0,0
0,22,5.5e-05,0.0,0.0,1,1,0.0,0.5,0
0,18,11.184215,1942.0,2196.0,21,16,0.8839326354119253,1.2352941176470589,0
0,22,0.155887,20532.0,24.0,15,6,821.28,2.142857142857143,0
0,3,0.046421,0.0,0.0,1,1,0.0,0.5,0
0,0,0.088348,296.0,180.0,4,2,1.6353591160220995,1.3333333333333333,0
0,0,0.000476,53.0,109.0,1,1,0.4818181818181818,0.5,0
0,5,5.478567,135.0,46.0,5,1,2.872340425531915,2.5,0
0,5,0.4546,1126.0,3643.0,8,6,0.3090010976948408,1.1428571428571428,0
0,0,0.030547,56.0,85.0,1,1,0.6511627906976745,0.5,0
0,0,0.106892,53.0,152.0,1,1,0.3464052287581699,0.5,0
0,0,0.166179,45.0,323.0,1,1,0.1388888888888889,0.5,0
0,3,0.011636,12.0,0.0,2,0,12.0,2.0,0
0,0,0.000197,92.0,284.0,2,2,0.3228070175438596,0.6666666666666666,0
0,22,0.000108,6.0,6.0,1,1,0.8571428571428571,0.5,0
0,3,5.277482,0.0,0.0,3,1,0.0,1.5,0
0,0,0.000217,66.0,218.0,2,2,0.3013698630136986,0.6666666666666666,0
0,0,0.000214,86.0,222.0,2,2,0.3856502242152466,0.6666666666666666,0
0,5,117.108953,786.0,38510.0,38,36,0.0204097530575679,1.027027027027027,0
0,5,1.343367,854.0,7270.0,13,10,0.1174528950625773,1.181818181818182,0
0,0,0.15116,49.0,201.0,1,1,0.2425742574257425,0.5,0
0,5,0.105999,496.0,5823.0,11,9,0.0851648351648351,1.1,0
0,5,3.119299,739.0,5790.0,10,9,0.1276118114315317,1.0,0
0,0,0.172918,72.0,158.0,2,2,0.4528301886792453,0.6666666666666666,0
0,5,119.674246,4850.0,9748.0,30,22,0.4974869217355626,1.3043478260869563,0
0,22,3.9e-05,0.0,0.0,1,1,0.0,0.5,0
0,3,5.995602,12.0,0.0,3,1,12.0,1.5,0
0,3,117.179663,2713.0,1033.0,22,17,2.623791102514507,1.2222222222222223,0
0,5,5.656851,617.0,143.0,7,3,4.284722222222222,1.75,0
0,3,5.298254,1494.0,2074.0,6,4,0.72,1.2,0
0,3,15.538656,18.0,0.0,3,2,18.0,1.0,0
0,22,0.000682,504.0,2884.0,2,2,0.1746967071057192,0.6666666666666666,0
0,22,3e-06,4.0,0.0,2,0,4.0,2.0,0
0,0,0.00017,80.0,112.0,2,2,0.7079646017699115,0.6666666666666666,0
0,22,4.8e-05,12.0,4.0,2,2,2.4,0.6666666666666666,0
0,5,2.001858,74.0,0.0,2,0,74.0,2.0,0
0,3,8.826386,1131.0,28081.0,14,19,0.0402749091945018,0.7,0
0,0,0.000232,64.0,96.0,2,2,0.6597938144329897,0.6666666666666666,0
0,0,0.000235,66.0,500.0,2,2,0.1317365269461078,0.6666666666666666,0
0,0,0.000166,102.0,224.0,2,2,0.4533333333333333,0.6666666666666666,0
0,0,0.125645,72.0,104.0,2,2,0.6857142857142857,0.6666666666666666,0
0,5,116.978161,2192.0,17405.0,30,31,0.1259335861197288,0.9375,0
0,0,0.000551,66.0,237.0,1,1,0.2773109243697479,0.5,0
0,3,1.5e-05,12.0,0.0,2,0,12.0,2.0,0
1,21,11.487371,2008.0,2745.0,21,31,0.7312454479242535,0.65625,11
0,5,60.51834,1070.0,5529.0,13,14,0.1934900542495479,0.8666666666666667,0
0,0,0.626303,43.0,73.0,1,1,0.581081081081081,0.5,0
0,0,0.000172,106.0,238.0,2,2,0.4435146443514644,0.6666666666666666,0
0,0,0.000157,60.0,92.0,2,2,0.6451612903225806,0.6666666666666666,0
0,5,118.459957,2750.0,10482.0,52,54,0.2623294858342078,0.9454545454545454,0
0,5,0.115923,0.0,0.0,3,2,0.0,1.0,0
0,22,7.9e-05,6.0,6.0,1,1,0.8571428571428571,0.5,0
0,22,0.000231,37.0,6.0,2,1,5.285714285714286,1.0,0
0,0,0.000145,88.0,120.0,2,2,0.7272727272727273,0.6666666666666666,0
0,3,5.87634,0.0,0.0,3,1,0.0,1.5,0
0,0,0.032275,72.0,202.0,2,2,0.354679802955665,0.6666666666666666,0
0,0,0.206887,62.0,168.0,2,2,0.3668639053254438,0.6666666666666666,0
0,0,0.069825,148.0,204.0,4,2,0.7219512195121951,1.3333333333333333,0
0,0,0.046425,43.0,149.0,1,1,0.2866666666666667,0.5,0
0,0,0.000151,46.0,46.0,2,2,0.9787234042553192,0.6666666666666666,0
0,0,0.000176,60.0,264.0,2,2,0.2264150943396226,0.6666666666666666,0
0,0,0.060791,49.0,116.0,1,1,0.4188034188034188,0.5,0
0,5,105.50671,1893.0,20619.0,28,28,0.0918040737148399,0.9655172413793104,0
0,0,0.061636,76.0,376.0,2,2,0.2015915119363395,0.6666666666666666,0
0,22,4.8e-05,31.0,0.0,3,0,31.0,3.0,0
0,22,1.3e-05,0.0,0.0,1,1,0.0,0.5,0
0,0,47.920572,141.0,308.0,2,2,0.4563106796116505,0.6666666666666666,0
0,5,6.166386,635.0,168.0,7,4,3.757396449704142,1.4,0
0,3,35.401296,30.0,0.0,5,4,30.0,1.0,0
0,5,0.138916,431.0,3517.0,8,5,0.1225127913587265,1.3333333333333333,0
0,5,118.42821,1111.0,51040.0,41,38,0.0217668149135009,1.051282051282051,0
0,22,8.3e-05,0.0,0.0,1,1,0.0,0.5,0
0,0,0.030647,56.0,112.0,1,1,0.495575221238938,0.5,0
0,0,0.031308,132.0,244.0,2,2,0.5387755102040817,0.6666666666666666,0
1,21,14.801203,1439.0,1935.0,15,20,0.7432851239669421,0.7142857142857143,11
0,0,0.000275,62.0,94.0,2,2,0.6526315789473685,0.6666666666666666,0
1,3,3.002743,0.0,0.0,3,0,0.0,3.0,6
0,5,64.010426,187.0,92.0,7,2,2.010752688172043,2.333333333333333,0
0,5,0.125902,241.0,151.0,4,3,1.5855263157894737,1.0,0
0,5,3e-06,12.0,0.0,2,0,12.0,2.0,0
0,22,-1e-06,6.0,0.0,1,1,6.0,0.5,0
0,3,3e-06,12.0,0.0,2,0,12.0,2.0,0
0,0,0.070546,48.0,112.0,1,1,0.4247787610619469,0.5,0
0,22,7.8e-05,0.0,0.0,1,1,0.0,0.5,0
0,5,5.611462,135.0,46.0,5,1,2.872340425531915,2.5,0
0,0,0.094185,84.0,310.0,2,2,0.270096463022508,0.6666666666666666,0
0,0,0.000196,46.0,46.0,2,2,0.9787234042553192,0.6666666666666666,0
0,0,0.060619,51.0,108.0,1,1,0.4678899082568807,0.5,0
0,3,5.152556,12.0,0.0,3,1,12.0,1.5,0
0,22,4.9e-05,0.0,0.0,2,0,0.0,2.0,0
0,3,8e-05,0.0,0.0,2,0,0.0,2.0,0
0,0,0.192482,56.0,169.0,1,1,0.3294117647058823,0.5,0
0,3,5.307525,457.0,1239.0,4,4,0.3685483870967742,0.8,0
0,0,0.031112,70.0,102.0,2,2,0.6796116504854369,0.6666666666666666,0
0,22,2.6e-05,0.0,0.0,1,1,0.0,0.5,0
0,22,1.9e-05,0.0,0.0,2,0,0.0,2.0,0
0,0,0.000183,66.0,162.0,2,2,0.4049079754601227,0.6666666666666666,0
0,22,4.7e-05,0.0,0.0,1,1,0.0,0.5,0
0,0,1.019823,132.0,470.0,4,2,0.2802547770700637,1.3333333333333333,0
0,0,0.04726,47.0,63.0,1,1,0.734375,0.5,0
0,0,0.024305,84.0,282.0,2,2,0.2968197879858657,0.6666666666666666,0
0,5,5.79398,379.0,4646.0,8,7,0.0815579944049924,1.0,0
0,22,0.000249,37.0,6.0,2,1,5.285714285714286,1.0,0
0,3,5.285399,0.0,0.0,3,1,0.0,1.5,0
0,0,0.069282,51.0,128.0,1,1,0.3953488372093023,0.5,0
0,0,2.70766,220.0,748.0,6,4,0.2937249666221629,1.2,0
0,22,9.1e-05,0.0,0.0,1,1,0.0,0.5,0
0,22,0.000538,0.0,0.0,1,1,0.0,0.5,0
0,3,0.26495,431.0,2279.0,3,4,0.1890350877192982,0.6,0
0,5,2.333452,1166.0,1470.0,7,6,0.7926580557443915,1.0,0
0,0,0.00016,86.0,142.0,2,2,0.6013986013986014,0.6666666666666666,0
0,5,119.929922,2510.0,104726.0,66,68,0.02396707630315,0.9565217391304348,0
0,0,0.000206,66.0,258.0,2,2,0.2548262548262548,0.6666666666666666,0
0,5,5.293995,319.0,6179.0,9,8,0.0516181229773462,1.0,0
0,0,0.091601,62.0,380.0,2,2,0.1627296587926509,0.6666666666666666,0
0,22,8.4e-05,0.0,0.0,1,1,0.0,0.5,0
0,22,7.7e-05,6.0,6.0,1,1,0.8571428571428571,0.5,0
0,5,4e-06,59.0,0.0,2,0,59.0,2.0,0
0,22,7.9e-05,6.0,6.0,1,1,0.8571428571428571,0.5,0
0,22,6.9e-05,0.0,0.0,1,2,0.0,0.3333333333333333,0
0,3,0.109414,873.0,656.0,5,3,1.3287671232876712,1.25,0
0,22,5.6e-05,0.0,0.0,1,1,0.0,0.5,0
0,5,116.211573,1478.0,32065.0,30,33,0.0460924343541445,0.8823529411764706,0
0,5,6.8e-05,0.0,0.0,2,0,0.0,2.0,0
0,0,0.000212,108.0,208.0,2,2,0.5167464114832536,0.6666666666666666,0
0,0,0.030949,42.0,106.0,1,1,0.3925233644859813,0.5,0
0,0,0.000285,68.0,324.0,2,2,0.2092307692307692,0.6666666666666666,0
0,0,0.091314,39.0,149.0,1,1,0.26,0.5,0
0,0,0.174886,82.0,234.0,2,2,0.3489361702127659,0.6666666666666666,0
0,0,0.00027,110.0,418.0,2,2,0.2625298329355608,0.6666666666666666,0
0,3,115.327756,576.0,512.0,16,14,1.1228070175438596,1.0666666666666669,0
0,0,0.000875,62.0,178.0,2,2,0.3463687150837989,0.6666666666666666,0
0,3,117.243713,2156.0,115056.0,57,68,0.0187385382897172,0.8260869565217391,0
0,5,3e-06,12.0,0.0,2,0,12.0,2.0,0
0,5,0.673145,713.0,479.0,10,5,1.4854166666666666,1.6666666666666667,0
0,7,4.6e-05,4.0,12.0,2,2,0.3076923076923077,0.6666666666666666,0
0,5,0.019717,0.0,0.0,1,2,0.0,0.3333333333333333,0
0,0,0.026601,88.0,166.0,1,1,0.5269461077844312,0.5,0
1,3,0.045565,162.0,456.0,6,5,0.3544857768052516,1.0,10
0,0,0.126954,70.0,160.0,2,2,0.4347826086956521,0.6666666666666666,0
0,22,7e-05,0.0,0.0,1,4,0.0,0.2,0
0,0,0.08138,55.0,111.0,1,1,0.4910714285714285,0.5,0
0,0,0.049054,58.0,90.0,2,2,0.6373626373626373,0.6666666666666666,0
0,0,0.000214,80.0,254.0,2,2,0.3137254901960784,0.6666666666666666,0
0,5,0.131875,5174.0,4522.0,7,9,1.143931019235021,0.7,0
0,5,0.014627,0.0,0.0,2,0,0.0,2.0,0
0,0,0.060194,66.0,128.0,1,1,0.5116279069767442,0.5,0
0,0,0.332376,43.0,137.0,1,1,0.3115942028985507,0.5,0
0,0,0.041274,90.0,146.0,2,2,0.6122448979591837,0.6666666666666666,0
0,0,0.000214,84.0,212.0,2,2,0.3943661971830985,0.6666666666666666,0
0,0,0.000201,46.0,46.0,2,2,0.9787234042553192,0.6666666666666666,0
0,0,0.061047,64.0,117.0,1,1,0.5423728813559322,0.5,0
0,0,0.00023,70.0,126.0,2,2,0.5511811023622047,0.6666666666666666,0
0,5,3e-06,12.0,0.0,2,0,12.0,2.0,0
0,3,6.091135,12.0,2.0,3,1,4.0,1.5,0
0,22,3e-06,37.0,0.0,2,0,37.0,2.0,0
0,0,0.000493,55.0,83.0,1,1,0.6547619047619048,0.5,0
0,3,0.000695,0.0,0.0,3,0,0.0,3.0,0
0,0,0.031287,88.0,134.0,2,2,0.6518518518518519,0.6666666666666666,0
1,22,5.4e-05,0.0,6.0,1,1,0.0,0.5,10
0,5,60.536524,2122.0,56978.0,35,39,0.0372417908352199,0.875,0
0,22,3e-06,6.0,6.0,1,1,0.8571428571428571,0.5,0
0,0,0.000188,86.0,204.0,2,2,0.4195121951219512,0.6666666666666666,0
0,22,5.6e-05,0.0,0.0,1,1,0.0,0.5,0
1,22,0.000171,6.0,6.0,1,1,0.8571428571428571,0.5,1
0,0,0.100792,43.0,109.0,1,1,0.3909090909090909,0.5,0
0,0,0.030696,50.0,98.0,1,1,0.5050505050505051,0.5,0
0,5,7e-05,0.0,31.0,1,2,0.0,0.3333333333333333,0
0,5,1e-06,12.0,0.0,2,0,12.0,2.0,0
0,5,9.5e-05,12.0,0.0,2,0,12.0,2.0,0
0,22,4.8e-05,4.0,0.0,2,0,4.0,2.0,0
0,0,0.024227,72.0,194.0,2,2,0.3692307692307692,0.6666666666666666,0
0,0,0.031747,54.0,82.0,1,1,0.6506024096385542,0.5,0
0,5,0.694179,703.0,3950.0,9,10,0.1779296380663123,0.8181818181818182,0
0,0,0.031158,76.0,196.0,2,2,0.3857868020304568,0.6666666666666666,0
0,3,90.256425,1728.0,7093.0,18,15,0.2435861291232027,1.125,0
0,5,83.776739,2410.0,1584.0,19,15,1.5205047318611988,1.1875,0
0,0,0.364648,76.0,198.0,2,2,0.3819095477386934,0.6666666666666666,0
0,3,60.69759,377.0,465.0,10,10,0.8090128755364807,0.9090909090909092,0
0,0,0.000287,104.0,220.0,2,2,0.4705882352941176,0.6666666666666666,0
0,5,0.001671,65.0,0.0,3,0,65.0,3.0,0
0,5,0.177016,1236.0,495.0,10,5,2.4919354838709675,1.6666666666666667,0
0,0,0.00011,72.0,104.0,2,2,0.6857142857142857,0.6666666666666666,0
0,0,0.061383,100.0,190.0,2,2,0.5235602094240838,0.6666666666666666,0
0,0,0.146307,136.0,916.0,4,4,0.1483097055616139,0.8,0
0,5,0.125613,337.0,3180.0,6,4,0.1059415278214398,1.2,0
0,5,0.000101,12.0,0.0,2,0,12.0,2.0,0
0,0,0.03118,72.0,216.0,2,2,0.3317972350230415,0.6666666666666666,0
0,22,5.8e-05,0.0,0.0,1,1,0.0,0.5,0
1,3,10.425768,367.0,3525.0,5,5,0.1040839478162223,0.8333333333333334,3
0,0,0.030706,70.0,102.0,2,2,0.6796116504854369,0.6666666666666666,0
0,22,4.1e-05,0.0,0.0,1,1,0.0,0.5,0
0,0,0.000485,96.0,178.0,1,1,0.5363128491620112,0.5,0
0,22,7.7e-05,0.0,0.0,1,1,0.0,0.5,0
0,0,0.06277,48.0,160.0,1,1,0.2981366459627329,0.5,0
0,0,0.030826,52.0,116.0,1,1,0.4444444444444444,0.5,0
0,0,104.476256,97.0,195.0,2,2,0.4948979591836734,0.6666666666666666,0
0,3,0.000414,12.0,0.0,2,0,12.0,2.0,0
0,0,0.023764,66.0,98.0,2,2,0.6666666666666666,0.6666666666666666,0
0,22,1e-06,37.0,0.0,2,0,37.0,2.0,0
0,22,5e-06,253.0,0.0,3,0,253.0,3.0,0
0,13,0.033179,48.0,48.0,1,1,0.979591836734694,0.5,0
1,1,9.057763,116.0,188.0,9,15,0.6137566137566137,0.5625,7
0,5,0.000416,0.0,0.0,2,0,0.0,2.0,0
0,0,69.984467,100.0,307.0,2,2,0.3246753246753247,0.6666666666666666,0
0,0,0.00023,74.0,262.0,2,2,0.2813688212927757,0.6666666666666666,0
0,0,0.259896,82.0,114.0,2,2,0.7130434782608696,0.6666666666666666,0
0,3,5.855634,12.0,0.0,3,1,12.0,1.5,0
0,3,0.023703,0.0,0.0,1,1,0.0,0.5,0
0,3,5.2e-05,12.0,0.0,2,0,12.0,2.0,0
0,22,0.000106,4.0,12.0,2,2,0.3076923076923077,0.6666666666666666,0
0,5,60.671102,938.0,1178.0,14,11,0.7955894826123834,1.1666666666666667,0
1,1,8.659024,112.0,188.0,9,15,0.5925925925925926,0.5625,7
0,0,0.023838,80.0,250.0,2,2,0.3187250996015936,0.6666666666666666,0
0,22,4.2e-05,12.0,0.0,2,0,12.0,2.0,0
0,22,2.3e-05,6.0,6.0,1,1,0.8571428571428571,0.5,0
0,0,0.031174,84.0,204.0,2,2,0.4097560975609756,0.6666666666666666,0
0,0,0.00016,72.0,104.0,2,2,0.6857142857142857,0.6666666666666666,0
0,0,0.000189,72.0,200.0,2,2,0.3582089552238806,0.6666666666666666,0
0,3,5.480571,12.0,0.0,3,1,12.0,1.5,0
0,5,0.034587,43.0,0.0,3,0,43.0,3.0,0
0,0,0.00015,82.0,114.0,2,2,0.7130434782608696,0.6666666666666666,0
0,22,5.5e-05,0.0,0.0,1,1,0.0,0.5,0
0,0,0.030698,72.0,256.0,2,2,0.2801556420233463,0.6666666666666666,0
1,3,63.107807,0.0,0.0,7,0,0.0,7.0,5
1,3,12.137359,814.0,11632.0,9,6,0.0699733516719676,1.2857142857142858,3
0,22,8.1e-05,4.0,12.0,2,2,0.3076923076923077,0.6666666666666666,0
1,3,99.999524,16.0,0.0,2,2,16.0,0.6666666666666666,6
0,3,0.033472,0.0,0.0,1,1,0.0,0.5,0
0,0,0.031261,35.0,67.0,1,1,0.5147058823529411,0.5,0
1,3,31.994419,221.0,487.0,9,8,0.4528688524590163,1.0,6
0,22,2.2e-05,0.0,0.0,1,1,0.0,0.5,0
0,22,7e-05,4.0,12.0,2,2,0.3076923076923077,0.6666666666666666,0
0,0,0.136709,88.0,194.0,2,2,0.4512820512820513,0.6666666666666666,0
0,0,0.061967,61.0,107.0,1,1,0.5648148148148148,0.5,0
0,0,0.03154,86.0,196.0,2,2,0.4365482233502538,0.6666666666666666,0
0,22,1e-06,12.0,0.0,2,0,12.0,2.0,0
0,0,0.100782,50.0,99.0,1,1,0.5,0.5,0
0,13,0.016285,48.0,48.0,1,1,0.979591836734694,0.5,0
0,22,0.000188,0.0,0.0,1,1,0.0,0.5,0
0,0,0.060042,116.0,310.0,2,2,0.3729903536977492,0.6666666666666666,0
0,3,0.051741,0.0,0.0,2,0,0.0,2.0,0
0,22,5.6e-05,0.0,0.0,1,1,0.0,0.5,0
0,0,0.023998,68.0,388.0,2,2,0.1748071979434447,0.6666666666666666,0
0,0,0.03147,64.0,256.0,2,2,0.2490272373540856,0.6666666666666666,0
0,0,0.08312,47.0,154.0,1,1,0.3032258064516129,0.5,0
0,0,0.00032,72.0,328.0,2,2,0.2188449848024316,0.6666666666666666,0
0,5,0.180363,500.0,4032.0,12,8,0.1239771881973716,1.3333333333333333,0
0,22,4.086639,6.0,30.0,1,5,0.1935483870967742,0.1666666666666666,0
0,0,0.071128,120.0,162.0,4,2,0.7361963190184049,1.3333333333333333,0
0,0,0.062449,78.0,194.0,2,2,0.4,0.6666666666666666,0
0,19,2.000274,1376.0,4520.0,17,24,0.3043574430435744,0.68,0
0,0,0.061258,43.0,139.0,1,1,0.3071428571428571,0.5,0
0,3,0.026357,0.0,0.0,2,0,0.0,2.0,0
1,22,4.8e-05,0.0,6.0,1,1,0.0,0.5,10
1,1,8.786309,99.0,188.0,9,15,0.5238095238095238,0.5625,7
0,0,0.00018,100.0,260.0,2,2,0.3831417624521073,0.6666666666666666,0
0,22,0.830624,11607.0,26.0,7,2,429.8888888888889,2.333333333333333,0
0,0,0.000173,72.0,104.0,2,2,0.6857142857142857,0.6666666666666666,0
0,0,0.060748,46.0,142.0,1,1,0.3216783216783216,0.5,0
0,22,9.8e-05,4.0,12.0,2,2,0.3076923076923077,0.6666666666666666,0
0,0,0.061461,44.0,240.0,1,1,0.1825726141078838,0.5,0
0,5,115.126579,2119.0,73847.0,44,63,0.0286940743148087,0.6875,0
0,3,0.032108,0.0,0.0,1,1,0.0,0.5,0
0,3,115.572557,978.0,1964.0,18,15,0.4977099236641221,1.125,0
0,5,0.614007,1306.0,494.0,6,5,2.6383838383838385,1.0,0
0,0,0.059916,90.0,218.0,2,2,0.410958904109589,0.6666666666666666,0
0,22,0.000113,0.0,0.0,1,2,0.0,0.3333333333333333,0
0,5,64.010903,187.0,92.0,7,2,2.010752688172043,2.333333333333333,0
0,5,5.752699,346.0,4482.0,10,7,0.0771804595137184,1.25,0
0,0,0.031253,160.0,336.0,4,2,0.4747774480712166,1.3333333333333333,0
0,5,0.322465,871.0,86533.0,26,57,0.0100654078165807,0.4482758620689655,0
0,3,54.360721,2345.0,10769.0,16,19,0.2177344475394614,0.8,0
0,0,0.000201,54.0,86.0,2,2,0.6206896551724138,0.6666666666666666,0
0,0,0.0309,48.0,112.0,1,1,0.4247787610619469,0.5,0
0,5,0.015265,0.0,0.0,1,1,0.0,0.5,0
0,5,13.320323,8563.0,7717.0,12,12,1.1094843223633066,0.9230769230769232,0
0,5,5.619808,52.0,147.0,2,4,0.3513513513513513,0.4,0
0,22,5e-06,0.0,0.0,1,2,0.0,0.3333333333333333,0
0,3,0.00016,0.0,0.0,2,0,0.0,2.0,0
0,22,3e-06,12.0,0.0,2,0,12.0,2.0,0
0,22,4e-06,12.0,0.0,2,0,12.0,2.0,0
0,5,0.12485,2212.0,575.0,11,5,3.8402777777777777,1.8333333333333333,0
0,5,116.333779,1178.0,4638.0,22,18,0.2539340375080836,1.1578947368421053,0
0,0,0.099912,92.0,206.0,2,2,0.4444444444444444,0.6666666666666666,0
0,3,8.7e-05,12.0,0.0,2,0,12.0,2.0,0
0,0,0.095224,57.0,89.0,1,1,0.6333333333333333,0.5,0
0,5,111.764746,6411.0,167530.0,89,101,0.0382675445141496,0.8725490196078431,0
0,0,0.000285,104.0,352.0,2,2,0.2946175637393767,0.6666666666666666,0
0,0,0.000166,64.0,96.0,2,2,0.6597938144329897,0.6666666666666666,0
0,0,0.048277,53.0,92.0,1,1,0.5698924731182796,0.5,0
1,21,8.1e-05,0.0,0.0,1,1,0.0,0.5,11
0,0,0.000209,104.0,220.0,2,2,0.4705882352941176,0.6666666666666666,0
0,5,5.120392,135.0,46.0,5,1,2.872340425531915,2.5,0
0,22,6.9e-05,0.0,0.0,1,1,0.0,0.5,0
0,0,0.121563,41.0,142.0,1,1,0.2867132867132867,0.5,0
0,0,0.033394,56.0,120.0,2,2,0.4628099173553719,0.6666666666666666,0
0,22,2.7e-05,6.0,6.0,1,1,0.8571428571428571,0.5,0
0,0,0.04675,45.0,201.0,1,1,0.2227722772277227,0.5,0
0,0,0.030364,56.0,84.0,1,1,0.6588235294117647,0.5,0
0,5,3.041937,1117.0,401.0,7,5,2.7786069651741294,1.1666666666666667,0
0,22,0.000137,0.0,18.0,1,3,0.0,0.25,0
0,22,0.000191,37.0,6.0,2,1,5.285714285714286,1.0,0
0,22,0.326704,12.0,0.0,2,0,12.0,2.0,0
0,0,0.000148,56.0,88.0,2,2,0.6292134831460674,0.6666666666666666,0
0,0,0.023833,102.0,202.0,2,2,0.5024630541871922,0.6666666666666666,0
0,22,3e-06,12.0,0.0,2,0,12.0,2.0,0
0,3,5.098421,403.0,1102.0,5,5,0.3653671804170444,0.8333333333333334,0
0,0,0.000205,78.0,110.0,2,2,0.7027027027027027,0.6666666666666666,0
0,5,0.000406,0.0,0.0,2,0,0.0,2.0,0
0,0,0.085991,46.0,78.0,1,1,0.5822784810126582,0.5,0
0,3,0.25655,0.0,0.0,2,0,0.0,2.0,0
0,5,4e-06,0.0,0.0,2,0,0.0,2.0,0
0,5,6.468938,1418.0,633.0,7,8,2.2365930599369084,0.7777777777777778,0
0,0,0.000202,84.0,204.0,2,2,0.4097560975609756,0.6666666666666666,0
0,11,2.1e-05,650.0,0.0,13,0,650.0,13.0,0
0,0,0.000143,70.0,102.0,2,2,0.6796116504854369,0.6666666666666666,0
0,0,0.000186,66.0,230.0,2,2,0.2857142857142857,0.6666666666666666,0
0,0,0.000178,94.0,196.0,2,2,0.4771573604060913,0.6666666666666666,0
0,22,6.6e-05,6.0,12.0,1,2,0.4615384615384615,0.3333333333333333,0
0,5,0.216266,366.0,1303.0,6,3,0.2806748466257668,1.5,0
0,22,7.7e-05,0.0,0.0,1,1,0.0,0.5,0
0,22,3e-06,6.0,6.0,1,1,0.8571428571428571,0.5,0
0,0,0.000227,60.0,264.0,2,2,0.2264150943396226,0.6666666666666666,0
0,0,0.000219,84.0,162.0,2,2,0.5153374233128835,0.6666666666666666,0
0,22,0.333365,38.0,0.0,2,1,38.0,1.0,0
0,22,4e-06,12.0,0.0,2,0,12.0,2.0,0
0,5,16.254362,1039.0,8061.0,9,10,0.1288762093773257,0.8181818181818182,0
0,22,0.019459,280.0,6.0,2,1,40.0,1.0,0
0,0,0.000223,84.0,198.0,2,2,0.4221105527638191,0.6666666666666666,0
0,0,66.42285,111.0,143.0,2,2,0.7708333333333334,0.6666666666666666,0
0,3,10.083327,643.0,3050.0,7,8,0.210750573582432,0.7777777777777778,0
0,5,116.067575,1177.0,768.0,19,18,1.5305591677503252,1.0,0
0,5,60.930456,1130.0,3375.0,16,12,0.3347156398104265,1.2307692307692308,0
1,22,0.011981,0.0,0.0,0,1,0.0,0.0,12
